deal_id,accession,filename,form,file_date,cik,company,sic,sic_description,tickers,current_name
0001193125-12-001270,0001193125-12-001270,d269848ddefm14a.htm,DEFM14A,2012-01-04,0001095600,BLUE COAT SYSTEMS INC,3572,Computer Storage Devices,,BLUE COAT SYSTEMS INC
0001193125-12-003820,0001193125-12-003820,d278603ddefm14a.htm,DEFM14A,2012-01-06,0000862510,TRANSATLANTIC HOLDINGS INC,6331,"Fire, Marine & Casualty Insurance",,TRANSATLANTIC HOLDINGS INC
0001193125-12-007186,0001193125-12-007186,d272416ddefm14a.htm,DEFM14A,2012-01-10,0001065034,MAGMA DESIGN AUTOMATION INC,7372,Services-Prepackaged Software,,MAGMA DESIGN AUTOMATION INC
0000950123-12-000747,0000950123-12-000747,h84752dfdefm14a.htm,DEFM14A,2012-01-12,0000098720,TOREADOR RESOURCES CORP,1311,Crude Petroleum & Natural Gas,,TOREADOR RESOURCES CORP
0001047469-12-000136,0001047469-12-000136,a2206854zdefm14a.htm,DEFM14A,2012-01-12,0001400400,"DemandTec, Inc.",7372,Services-Prepackaged Software,,"DemandTec, Inc."
0001193125-12-011288,0001193125-12-011288,d270889ddefm14a.htm,DEFM14A,2012-01-13,0000780127,SYNOVIS LIFE TECHNOLOGIES INC,3842,"Orthopedic, Prosthetic & Surgical Appliances & Supplies",,SYNOVIS LIFE TECHNOLOGIES INC
0001047469-12-000202,0001047469-12-000202,a2206358zdefm14a.htm,DEFM14A,2012-01-17,0000859906,SOUTHWEST OIL & GAS INCOME FUND X-B LP,1311,Crude Petroleum & Natural Gas,,SOUTHWEST OIL & GAS INCOME FUND X-B LP
0001047469-12-000203,0001047469-12-000203,a2206345zdefm14a.htm,DEFM14A,2012-01-17,0000859905,SOUTHWEST OIL & GAS INCOME FUND X-A LP,1311,Crude Petroleum & Natural Gas,,SOUTHWEST OIL & GAS INCOME FUND X-A LP
0001047469-12-000204,0001047469-12-000204,a2206347zdefm14a.htm,DEFM14A,2012-01-17,0000810117,SOUTHWEST ROYALTIES INSTITUTIONAL INCOME FUND VII-B L P,1311,Crude Petroleum & Natural Gas,,SOUTHWEST ROYALTIES INSTITUTIONAL INCOME FUND VII-B L P
0001047469-12-000205,0001047469-12-000205,a2206349zdefm14a.htm,DEFM14A,2012-01-17,0000847384,SOUTHWEST ROYALTIES INSTITUTIONAL INCOME FUND IX-B LP,1311,Crude Petroleum & Natural Gas,,SOUTHWEST ROYALTIES INSTITUTIONAL INCOME FUND IX-B LP
0001047469-12-000206,0001047469-12-000206,a2206353zdefm14a.htm,DEFM14A,2012-01-17,0000847320,SOUTHWEST OIL & GAS INCOME FUND IX-A LP,1311,Crude Petroleum & Natural Gas,,SOUTHWEST OIL & GAS INCOME FUND IX-A LP
0001047469-12-000207,0001047469-12-000207,a2206355zdefm14a.htm,DEFM14A,2012-01-17,0000859911,SOUTHWEST ROYALTIES INSTITUTIONAL INCOME FUND X-B LP,1311,Crude Petroleum & Natural Gas,,SOUTHWEST ROYALTIES INSTITUTIONAL INCOME FUND X-B LP
0001193125-12-032399,0001193125-12-032399,d252957ddefm14a.htm,DEFM14A,2012-01-31,0001066107,EL PASO CORP/DE,4922,Natural Gas Transmission,,EL PASO LLC
0001193125-12-039067,0001193125-12-039067,d270626ddefm14a.htm,DEFM14A,2012-02-03,0000107681,WINN DIXIE STORES INC,5411,Retail-Grocery Stores,,WINN DIXIE STORES INC
0001047469-12-000643,0001047469-12-000643,a2207063zdefm14a.htm,DEFM14A,2012-02-06,0001332896,Cogdell Spencer Inc.,6798,Real Estate Investment Trusts,,"TH Merger Company, LLC"
0000950123-12-002141,0000950123-12-002141,c66249dmdefm14a.htm,DEFM14A,2012-02-07,0000042542,GOODRICH CORP,3760,Guided Missiles & Space Vehicles & Parts,,GOODRICH CORP
0001193125-12-045558,0001193125-12-045558,d284264ddefm14a.htm,DEFM14A,2012-02-08,0001282398,WCA WASTE CORP,4953,Refuse Systems,,WCA WASTE CORP
0001193125-12-063969,0001193125-12-063969,d259591ddefm14a.htm,DEFM14A,2012-02-16,0000813658,NORTHLAND CABLE PROPERTIES SEVEN LIMITED PARTNERSHIP,4841,Cable & Other Pay Television Services,,NORTHLAND CABLE PROPERTIES SEVEN LIMITED PARTNERSHIP
0001206774-12-000638,0001206774-12-000638,baldwin_defm14a.htm,DEFM14A,2012-02-16,0000805792,BALDWIN TECHNOLOGY CO INC,3555,Printing Trades Machinery & Equipment,,BALDWIN TECHNOLOGY CO INC
0001193125-12-068632,0001193125-12-068632,d280676ddefm14a.htm,DEFM14A,2012-02-21,0000859139,DELPHI FINANCIAL GROUP INC/DE,6311,Life Insurance,,"DELPHI FINANCIAL GROUP, INC."
0001193125-12-099318,0001193125-12-099318,d311860ddefm14a.htm,DEFM14A,2012-03-06,0000802356,PARLUX FRAGRANCES INC,2844,"Perfumes, Cosmetics & Other Toilet Preparations",,PARLUX FRAGRANCES INC
0001193125-12-099365,0001193125-12-099365,d298155ddefm14a.htm,DEFM14A,2012-03-06,0001134203,TALEO CORP,7372,Services-Prepackaged Software,,TALEO CORP
0001144204-12-014522,0001144204-12-014522,v305490_defm14a.htm,DEFM14A,2012-03-13,0001156295,SERACARE LIFE SCIENCES INC,2835,In Vitro & In Vivo Diagnostic Substances,,SERACARE LIFE SCIENCES INC
0001047469-12-003064,0001047469-12-003064,a2208150zdefm14a.htm,DEFM14A,2012-03-22,0000792013,HARLEYSVILLE GROUP INC,6331,"Fire, Marine & Casualty Insurance",,HARLEYSVILLE GROUP INC
0001047469-12-003220,0001047469-12-003220,a2208193zdefm14a.htm,DEFM14A,2012-03-23,0001299704,"Advance America, Cash Advance Centers, Inc.",6141,Personal Credit Institutions,,"Advance America, Cash Advance Centers, Inc."
0001047469-12-003230,0001047469-12-003230,a2208463zdefm14a.htm,DEFM14A,2012-03-23,0000885542,PEOPLES BANCORPORATION INC /SC/,6021,National Commercial Banks,,PEOPLES BANCORPORATION INC /SC/
0001193125-12-144063,0001193125-12-144063,d328056ddefm14a.htm,DEFM14A,2012-03-30,0000097854,THOMAS & BETTS CORP,3640,Electric Lighting & Wiring Equipment,,THOMAS & BETTS CORP
0001193125-12-146155,0001193125-12-146155,d307133ddefm14a.htm,DEFM14A,2012-04-02,0001275187,ANGIODYNAMICS INC,3841,Surgical & Medical Instruments & Apparatus,ANGO,ANGIODYNAMICS INC
0001193125-12-159842,0001193125-12-159842,d332863ddefm14a.htm,DEFM14A,2012-04-12,0001319327,Encore Bancshares Inc,6021,National Commercial Banks,,Encore Bancshares Inc
0001140361-12-020406,0001140361-12-020406,defm14a.htm,DEFM14A,2012-04-13,0000890564,ON ASSIGNMENT INC,7363,Services-Help Supply Services,EFOR,Everforth Inc
0001193125-12-162558,0001193125-12-162558,d323359ddefm14a.htm,DEFM14A,2012-04-13,0001470699,"Archipelago Learning, Inc.",8200,Services-Educational Services,,"Archipelago Learning, Inc."
0001193125-12-168679,0001193125-12-168679,d302298ddefm14a.htm,DEFM14A,2012-04-19,0000095779,"Swank, Inc.",3100,Leather & Leather Products,,"Swank, Inc."
0001193125-12-176254,0001193125-12-176254,d332636ddefm14a.htm,DEFM14A,2012-04-23,0001005188,NORTH CENTRAL BANCSHARES INC,6035,"Savings Institution, Federally Chartered",,NORTH CENTRAL BANCSHARES INC
0001193125-12-178700,0001193125-12-178700,d332689ddefm14a.htm,DEFM14A,2012-04-24,0001104252,DDI CORP,3672,Printed Circuit Boards,,DDI CORP
0001206774-12-001734,0001206774-12-001734,surewest_defm14a.htm,DEFM14A,2012-04-27,0000943117,SUREWEST COMMUNICATIONS,4813,Telephone Communications (No Radiotelephone),,SUREWEST COMMUNICATIONS
0001047469-12-005066,0001047469-12-005066,a2209026zdefm14a.htm,DEFM14A,2012-05-01,0000077449,PEP BOYS MANNY MOE & JACK,5531,Retail-Auto & Home Supply Stores,,PEP BOYS MANNY MOE & JACK
0001047469-12-005275,0001047469-12-005275,a2209345zdefm14a.htm,DEFM14A,2012-05-03,0001313024,"Venoco, Inc.",1311,Crude Petroleum & Natural Gas,,"Venoco, Inc."
0001144204-12-025796,0001144204-12-025796,v310321_defm14a.htm,DEFM14A,2012-05-03,0001043533,ABOVENET INC,4899,"Communications Services, NEC",,ABOVENET INC
0001193125-12-212207,0001193125-12-212207,d336529ddefm14a.htm,DEFM14A,2012-05-04,0000930553,ISTA PHARMACEUTICALS INC,2834,Pharmaceutical Preparations,,ISTA PHARMACEUTICALS INC
0001193125-12-212341,0001193125-12-212341,d342652ddefm14a.htm,DEFM14A,2012-05-04,0001059763,ADAMS GOLF INC,3949,"Sporting & Athletic Goods, NEC",,ADAMS GOLF INC
0001193125-12-215768,0001193125-12-215768,d338835ddefm14a.htm,DEFM14A,2012-05-08,0000810829,DREAMS INC,5945,"Retail-Hobby, Toy & Game Shops",,DREAMS INC
0001193125-12-222497,0001193125-12-222497,d324801ddefm14a.htm,DEFM14A,2012-05-09,0001061393,CH ENERGY GROUP INC,4931,Electric & Other Services Combined,,CH ENERGY GROUP INC
0001193125-12-235168,0001193125-12-235168,d271451ddefm14a.htm,DEFM14A,2012-05-16,0000778946,BLUEGREEN CORP,6531,Real Estate Agents & Managers (For Others),,BLUEGREEN VACATIONS CORP
0001193125-12-240706,0001193125-12-240706,d342266ddefm14a.htm,DEFM14A,2012-05-21,0001103390,"Ardea Biosciences, Inc./DE",2834,Pharmaceutical Preparations,,"Ardea Biosciences, Inc./DE"
0001193125-12-242013,0001193125-12-242013,d348098ddefm14a.htm,DEFM14A,2012-05-21,0001026650,ERESEARCHTECHNOLOGY INC /DE/,8734,Services-Testing Laboratories,,ERESEARCHTECHNOLOGY INC /DE/
0001193125-12-247034,0001193125-12-247034,d317830ddefm14a.htm,DEFM14A,2012-05-24,0001096788,KNOLOGY INC,4812,Radiotelephone Communications,,KNOLOGY INC
0001193125-12-247258,0001193125-12-247258,d352243ddefm14a.htm,DEFM14A,2012-05-24,0001404636,NiMin Energy Corp.,1311,Crude Petroleum & Natural Gas,,NiMin Energy Corp.
0001193125-12-248404,0001193125-12-248404,d358532ddefm14a.htm,DEFM14A,2012-05-25,0001043382,SOLUTIA INC,2800,Chemicals & Allied Products,,SOLUTIA INC
0001193125-12-252188,0001193125-12-252188,d345246ddefm14a.htm,DEFM14A,2012-05-30,0000922204,RF MONOLITHICS INC /DE/,3663,Radio & Tv Broadcasting & Communications Equipment,,RF MONOLITHICS INC /DE/
0001140361-12-028063,0001140361-12-028063,formdefm14a.htm,DEFM14A,2012-05-31,0000093384,STANDARD MICROSYSTEMS CORP,3674,Semiconductors & Related Devices,,STANDARD MICROSYSTEMS CORP
0001171520-12-000546,0001171520-12-000546,eps4731.htm,DEFM14A,2012-06-01,0001354309,FSP PHOENIX TOWER CORP,6500,Real Estate,,FSP PHOENIX TOWER CORP
0001144204-12-033430,0001144204-12-033430,v315331_defm14a.htm,DEFM14A,2012-06-06,0000894738,EASYLINK SERVICES INTERNATIONAL CORP,7371,Services-Computer Programming Services,,EASYLINK SERVICES INTERNATIONAL CORP
0001174947-12-000273,0001174947-12-000273,b315827_defm14a.htm,DEFM14A,2012-06-12,0000793983,CHAUS BERNARD INC,2330,"Women's, Misses':  and Juniors Outerwear",,CHAUS BERNARD INC
0001047469-12-006784,0001047469-12-006784,a2210004zdefm14a.htm,DEFM14A,2012-06-21,0001016470,SRS LABS INC,6794,Patent Owners & Lessors,,SRS LABS INC
0001193125-12-285446,0001193125-12-285446,d366749ddefm14a.htm,DEFM14A,2012-06-27,0000739944,MEDTOX SCIENTIFIC INC,8071,Services-Medical Laboratories,,MEDTOX SCIENTIFIC INC
0001193125-12-285572,0001193125-12-285572,d350651ddefm14a.htm,DEFM14A,2012-06-27,0000041023,GEORESOURCES INC,1311,Crude Petroleum & Natural Gas,,GEORESOURCES INC
0001193125-12-290144,0001193125-12-290144,d355578ddefm14a.htm,DEFM14A,2012-06-29,0000820237,GEN PROBE INC,3841,Surgical & Medical Instruments & Apparatus,,GEN PROBE INC
0001193125-12-293799,0001193125-12-293799,d335311ddefm14a.htm,DEFM14A,2012-07-03,0001024520,WORLD HEART CORP,3845,Electromedical & Electrotherapeutic Apparatus,,WORLD HEART CORP
0001193125-12-294117,0001193125-12-294117,d360209ddefm14a.htm,DEFM14A,2012-07-05,0000943580,LECROY CORP,3825,Instruments For Meas & Testing of  Electricity & Elec Signals,,"Teledyne LeCroy, Inc."
0001193125-12-296813,0001193125-12-296813,d342158ddefm14a.htm,DEFM14A,2012-07-09,0000732834,CONTINENTAL RESOURCES INC,1311,Crude Petroleum & Natural Gas,,"CONTINENTAL RESOURCES, INC"
0001193125-12-298618,0001193125-12-298618,d371199ddefm14a.htm,DEFM14A,2012-07-10,0000820097,MICRONETICS INC,3679,"Electronic Components, NEC",,MICRONETICS INC
0001144204-12-039653,0001144204-12-039653,v318428_defm14a.htm,DEFM14A,2012-07-16,0000826326,ARC WIRELESS SOLUTIONS INC,3490,Miscellaneous Fabricated Metal Products,,"ARC Group Worldwide, Inc."
0000921895-12-001519,0000921895-12-001519,defm14a05733_08152012.htm,DEFM14A,2012-07-18,0000027748,DGT Holdings Corp.,3679,"Electronic Components, NEC",,DGT Holdings Corp.
0001193125-12-307593,0001193125-12-307593,d359691ddefm14a.htm,DEFM14A,2012-07-19,0001060232,"COLLECTIVE BRANDS, INC.",5661,Retail-Shoe Stores,,"COLLECTIVE BRANDS, INC."
0001193125-12-307614,0001193125-12-307614,d364618ddefm14a.htm,DEFM14A,2012-07-19,0001080224,EDGAR ONLINE INC,7389,"Services-Business Services, NEC",,EDGAR ONLINE INC
0001193125-12-310931,0001193125-12-310931,d370211ddefm14a.htm,DEFM14A,2012-07-24,0000752431,NETWORK EQUIPMENT TECHNOLOGIES INC,3576,Computer Communications Equipment,,NETWORK EQUIPMENT TECHNOLOGIES INC
0001193125-12-312110,0001193125-12-312110,d372240ddefm14a.htm,DEFM14A,2012-07-24,0000904978,SUN HEALTHCARE GROUP INC,8051,Services-Skilled Nursing Care Facilities,,SUN HEALTHCARE GROUP INC
0001193125-12-312322,0001193125-12-312322,d359336ddefm14a.htm,DEFM14A,2012-07-24,0001084755,ARIBA INC,7372,Services-Prepackaged Software,,ARIBA INC
0001047469-12-007460,0001047469-12-007460,a2210260zdefm14a.htm,DEFM14A,2012-07-26,0000935226,BENIHANA INC,5812,Retail-Eating  Places,,BENIHANA INC
0001047469-12-007463,0001047469-12-007463,a2210386zdefm14a.htm,DEFM14A,2012-07-26,0001497770,"Walker & Dunlop, Inc.",6199,Finance Services,WD,"Walker & Dunlop, Inc."
0001144204-12-041650,0001144204-12-041650,v319784_defm14a.htm,DEFM14A,2012-07-30,0001159427,SOUTHERN COMMUNITY FINANCIAL CORP,6022,State Commercial Banks,,SOUTHERN COMMUNITY FINANCIAL CORP
0001062993-12-002617,0001062993-12-002617,defm14a.htm,DEFM14A,2012-07-31,0001497246,"Bullion Monarch Mining, Inc.",1040,Gold and Silver Ores,,"Bullion Monarch Mining, Inc. (NEW)"
0001047469-12-007622,0001047469-12-007622,a2210428zdefm14a.htm,DEFM14A,2012-08-01,0001292900,"INTERLINE BRANDS, INC./DE",5070,Wholesale-Hardware & Plumbing & Heating Equipment & Supplies,,"INTERLINE BRANDS, INC./DE"
0001193125-12-331824,0001193125-12-331824,d388740ddefm14a.htm,DEFM14A,2012-08-02,0001025378,W P CAREY & CO LLC,6798,Real Estate Investment Trusts,WPC,W. P. Carey Inc.
0001047469-12-007719,0001047469-12-007719,a2210399zdefm14a.htm,DEFM14A,2012-08-03,0001059262,STANDARD PARKING CORP,7510,Services-Auto Rental & Leasing (No Drivers),,SP Plus Corp
0001144204-12-042699,0001144204-12-042699,v320200_defm14a.htm,DEFM14A,2012-08-03,0001498157,JWC Acquisition Corp.,6770,Blank Checks,,JWC Acquisition Corp.
0001193125-12-333906,0001193125-12-333906,d338944ddefm14a.htm,DEFM14A,2012-08-03,0000077360,PENTAIR INC,3550,Special Industry Machinery (No Metalworking Machinery),PNR,PENTAIR plc
0001193125-12-333988,0001193125-12-333988,d269267ddefm14a.htm,DEFM14A,2012-08-03,0000833444,TYCO INTERNATIONAL LTD,3585,Air-Cond & Warm Air Heatg Equip & Comm & Indl Refrig Equip,JCI,Johnson Controls International plc
0001047469-12-007813,0001047469-12-007813,a2210550zdefm14a.htm,DEFM14A,2012-08-07,0000822083,PLAINSCAPITAL CORP,6022,State Commercial Banks,,PLAINSCAPITAL CORP
0001047469-12-007814,0001047469-12-007814,a2210552zdefm14a.htm,DEFM14A,2012-08-07,0001265131,Hilltop Holdings Inc.,6022,State Commercial Banks,HTH,Hilltop Holdings Inc.
0001193125-12-341252,0001193125-12-341252,d332574ddefm14a.htm,DEFM14A,2012-08-07,0000072444,NABI BIOPHARMACEUTICALS,2836,"Biological Products, (No Diagnostic Substances)",VXRT,"Vaxart, Inc."
0001047469-12-007980,0001047469-12-007980,a2210605zdefm14a.htm,DEFM14A,2012-08-08,0000915735,STRATASYS INC,3577,"Computer Peripheral Equipment, NEC",,STRATASYS INC
0001047469-12-008062,0001047469-12-008062,a2210651zdefm14a.htm,DEFM14A,2012-08-09,0001110903,NETWORK ENGINES INC,7372,Services-Prepackaged Software,,NETWORK ENGINES INC
0001047469-12-008080,0001047469-12-008080,a2210323zdefm14a.htm,DEFM14A,2012-08-10,0000277924,CREDO PETROLEUM CORP,1311,Crude Petroleum & Natural Gas,,Forestar Petroleum Corp
0000891092-12-004612,0000891092-12-004612,e49506defm14a.htm,DEFM14A,2012-08-13,0001071341,EDELMAN FINANCIAL GROUP INC.,6282,Investment Advice,,"Pinnacle Summer Investments, Inc."
0001193125-12-352554,0001193125-12-352554,d391993ddefm14a.htm,DEFM14A,2012-08-13,0000783739,BANCTRUST FINANCIAL GROUP INC,6021,National Commercial Banks,,BANCTRUST FINANCIAL GROUP INC
0000891092-12-004757,0000891092-12-004757,e49521defm14a.htm,DEFM14A,2012-08-20,0000885988,INTEGRAMED AMERICA INC,8011,Services-Offices & Clinics of  Doctors of  Medicine,,INTEGRAMED AMERICA INC
0001193125-12-361393,0001193125-12-361393,d382345ddefm14a.htm,DEFM14A,2012-08-20,0000918946,BRIGHTPOINT INC,5065,"Wholesale-Electronic Parts & Equipment, NEC",,BRIGHTPOINT INC
0001193125-12-364911,0001193125-12-364911,d401217ddefm14a.htm,DEFM14A,2012-08-22,0001040829,GAYLORD ENTERTAINMENT CO /DE,6798,Real Estate Investment Trusts,RHP,"Ryman Hospitality Properties, Inc."
0001193125-12-367137,0001193125-12-367137,d401327ddefm14a.htm,DEFM14A,2012-08-24,0001088033,QUEST SOFTWARE INC,7372,Services-Prepackaged Software,,QUEST SOFTWARE INC
0001047469-12-008523,0001047469-12-008523,a2210828zdefm14a.htm,DEFM14A,2012-08-27,0001324105,"Bidz.com, Inc.",7389,"Services-Business Services, NEC",,"Bidz.com, Inc."
0001193125-12-368964,0001193125-12-368964,d383481ddefm14a.htm,DEFM14A,2012-08-27,0000878088,"PAR PHARMACEUTICAL COMPANIES, INC.",2834,Pharmaceutical Preparations,,"PAR PHARMACEUTICAL COMPANIES, INC."
0001193125-12-372676,0001193125-12-372676,d369863ddefm14a.htm,DEFM14A,2012-08-29,0000095304,SUNOCO INC,2911,Petroleum Refining,,SUNOCO INC
0001193125-12-374457,0001193125-12-374457,d390909ddefm14a.htm,DEFM14A,2012-08-30,0001064863,AMERIGROUP CORP,6324,Hospital & Medical Service Plans,,AMERIGROUP CORP
0001193125-12-376560,0001193125-12-376560,d394901ddefm14a.htm,DEFM14A,2012-08-31,0001138830,AUTHENTEC INC,3674,Semiconductors & Related Devices,,AUTHENTEC INC
0001144204-12-049549,0001144204-12-049549,v323005_defm14a.htm,DEFM14A,2012-09-05,0001293330,"Net Element, Inc.",7374,Services-Computer Processing & Data Preparation,,"Net Element, Inc."
0001193125-12-380988,0001193125-12-380988,d393632ddefm14a.htm,DEFM14A,2012-09-05,0001374993,NextWave Wireless Inc.,3663,Radio & Tv Broadcasting & Communications Equipment,,NextWave Wireless Inc.
0001193125-12-383132,0001193125-12-383132,d359943ddefm14a.htm,DEFM14A,2012-09-06,0000803014,COMVERSE TECHNOLOGY INC/NY/,3661,Telephone & Telegraph Apparatus,,COMVERSE TECHNOLOGY INC/NY/
0001193125-12-383132,0001047469-13-000043,a2212332zdefm14a.htm,DEFM14A,2013-01-04,0000803014,COMVERSE TECHNOLOGY INC/NY/,3661,Telephone & Telegraph Apparatus,,COMVERSE TECHNOLOGY INC/NY/
0001104659-12-062997,0001104659-12-062997,a12-16981_3defm14a.htm,DEFM14A,2012-09-12,0000887969,MRV COMMUNICATIONS INC,3674,Semiconductors & Related Devices,,MRV COMMUNICATIONS INC
0001193125-12-388318,0001193125-12-388318,d409194ddefm14a.htm,DEFM14A,2012-09-12,0001071992,CAPITAL BANK CORP,6022,State Commercial Banks,,CAPITAL BANK CORP
0001193125-12-390636,0001193125-12-390636,d402465ddefm14a.htm,DEFM14A,2012-09-13,0001406251,WESTERN LIBERTY BANCORP,6021,National Commercial Banks,,WESTERN LIBERTY BANCORP
0001193125-12-392654,0001193125-12-392654,d366796ddefm14a.htm,DEFM14A,2012-09-14,0000031277,EATON CORP,3590,Misc Industrial & Commercial Machinery & Equipment,,EATON CORP
0001193125-12-392665,0001193125-12-392665,d408895ddefm14a.htm,DEFM14A,2012-09-14,0001141982,Cooper Industries plc,3670,Electronic Components & Accessories,,Cooper Industries plc
0001193125-12-394157,0001193125-12-394157,d400371ddefm14a.htm,DEFM14A,2012-09-17,0000844789,US HOME SYSTEMS INC,1700,Construction - Special Trade Contractors,,US HOME SYSTEMS INC
0001193125-12-414540,0001193125-12-414540,d394274ddefm14a.htm,DEFM14A,2012-10-04,0000917968,PEETS COFFEE & TEA INC,2090,Miscellaneous Food Preparations & Kindred Products,,PEETS COFFEE & TEA INC
0001047469-12-009347,0001047469-12-009347,a2211303zdefm14a.htm,DEFM14A,2012-10-09,0001126294,"GenOn Energy, Inc.",4911,Electric Services,,"GenOn Energy, Inc."
0001193125-12-417636,0001193125-12-417636,d397691ddefm14a.htm,DEFM14A,2012-10-09,0001403853,Heckmann Corp,1389,"Oil & Gas Field Services, NEC",,"Nuverra Environmental Solutions, Inc."
0001437749-12-010164,0001437749-12-010164,medi_defam14a-110812.htm,DEFM14A,2012-10-09,0000874733,MEDIWARE INFORMATION SYSTEMS INC,7373,Services-Computer Integrated Systems Design,,MEDIWARE INFORMATION SYSTEMS INC
0001437749-12-010184,0001437749-12-010184,navarre_defm14a-100912.htm,DEFM14A,2012-10-10,0000911650,NAVARRE CORP /MN/,5045,Wholesale-Computers & Peripheral Equipment & Software,,"Speed Commerce, Inc."
0001104659-12-069114,0001104659-12-069114,a12-20527_3defm14a.htm,DEFM14A,2012-10-15,0001269871,"PHYSICIANS FORMULA HOLDINGS, INC.",2844,"Perfumes, Cosmetics & Other Toilet Preparations",,"PHYSICIANS FORMULA HOLDINGS, INC."
0001193125-12-424704,0001193125-12-424704,d413208ddefm14a.htm,DEFM14A,2012-10-16,0001267201,"SeaBright Holdings, Inc.",6331,"Fire, Marine & Casualty Insurance",,"SeaBright Holdings, Inc."
0001193125-12-427327,0001193125-12-427327,d427987ddefm14a.htm,DEFM14A,2012-10-18,0001054833,COVENTRY HEALTH CARE INC,6324,Hospital & Medical Service Plans,,COVENTRY HEALTH CARE INC
0001144204-12-056876,0001144204-12-056876,v325648_defm14a.htm,DEFM14A,2012-10-19,0000710846,"Fushi Copperweld, Inc.",3357,Drawing & Insulating of  Nonferrous Wire,,"Fushi Copperweld, Inc."
0000930413-12-005838,0000930413-12-005838,c71408_defm14a.htm,DEFM14A,2012-10-23,0001347815,"Flagstone Reinsurance Holdings, S.A.",6331,"Fire, Marine & Casualty Insurance",,"Flagstone Reinsurance Holdings, S.A."
0001047469-12-009810,0001047469-12-009810,a2211551zdefm14a.htm,DEFM14A,2012-10-26,0000764038,SCBT FINANCIAL CORP,6022,State Commercial Banks,SSB,SouthState Bank Corp
0001047469-12-009812,0001047469-12-009812,a2211554zdefm14a.htm,DEFM14A,2012-10-26,0000860519,SAVANNAH BANCORP INC,6021,National Commercial Banks,,SAVANNAH BANCORP INC
0001193125-12-436622,0001193125-12-436622,d405967ddefm14a.htm,DEFM14A,2012-10-26,0001114714,KENEXA CORP,7372,Services-Prepackaged Software,,KENEXA CORP
0001193125-12-439800,0001193125-12-439800,d427137ddefm14a.htm,DEFM14A,2012-10-29,0000849502,RAMTRON INTERNATIONAL CORP,3674,Semiconductors & Related Devices,,RAMTRON INTERNATIONAL CORP
0001193125-12-441140,0001193125-12-441140,d394737ddefm14a.htm,DEFM14A,2012-10-30,0001040570,"GeoEye, Inc.",4899,"Communications Services, NEC",,"GeoEye, Inc."
0001047469-12-010069,0001047469-12-010069,a2211645zdefm14a.htm,DEFM14A,2012-11-05,0001080667,DITECH NETWORKS INC,3661,Telephone & Telegraph Apparatus,,DITECH NETWORKS INC
0001193125-12-449577,0001193125-12-449577,d407502ddefm14a.htm,DEFM14A,2012-11-05,0001452217,TPC Group Inc.,2860,Industrial Organic Chemicals,,TPC Group Inc.
0001193125-12-450354,0001193125-12-450354,d411935ddefm14a.htm,DEFM14A,2012-11-05,0000859368,MEDICIS PHARMACEUTICAL CORP,2834,Pharmaceutical Preparations,,MEDICIS PHARMACEUTICAL CORP
0001144204-12-059674,0001144204-12-059674,v327258_defm14a.htm,DEFM14A,2012-11-06,0000808011,WINNER MEDICAL GROUP INC,3842,"Orthopedic, Prosthetic & Surgical Appliances & Supplies",,WINNER MEDICAL GROUP INC
0001193125-12-463633,0001193125-12-463633,d366783ddefm14a.htm,DEFM14A,2012-11-09,0001181001,ALLIANCE BANKSHARES CORP,6021,National Commercial Banks,,ALLIANCE BANKSHARES CORP
0001144204-12-061780,0001144204-12-061780,v328277_defm14a.htm,DEFM14A,2012-11-13,0001507986,Universal Business Payment Solutions Acquisition Corp,6770,Blank Checks,,JetPay Corp
0001193125-12-471342,0001193125-12-471342,d384804ddefm14a.htm,DEFM14A,2012-11-15,0000080124,PRESIDENTIAL LIFE CORP,6311,Life Insurance,,PRESIDENTIAL LIFE CORP
0001193125-12-473874,0001193125-12-473874,d413984ddefm14a.htm,DEFM14A,2012-11-16,0000018169,DOLE FOOD CO INC,0100,Agricultural Production-Crops,,DOLE FOOD CO INC
0001193125-12-476681,0001193125-12-476681,d442022ddefm14a.htm,DEFM14A,2012-11-20,0000914024,SHAW GROUP INC,3490,Miscellaneous Fabricated Metal Products,,SHAW GROUP INC
0001193125-12-480049,0001193125-12-480049,d436570ddefm14a.htm,DEFM14A,2012-11-26,0001009379,METROPOLITAN HEALTH NETWORKS INC,8011,Services-Offices & Clinics of  Doctors of  Medicine,,METROPOLITAN HEALTH NETWORKS INC
0001193125-12-481079,0001193125-12-481079,d435831ddefm14a.htm,DEFM14A,2012-11-27,0001067419,MISSION WEST PROPERTIES INC,6798,Real Estate Investment Trusts,,MISSION WEST PROPERTIES INC
0001193125-12-485855,0001193125-12-485855,d424331ddefm14a.htm,DEFM14A,2012-11-29,0000850606,COMMUNITY FINANCIAL CORP /VA/,6035,"Savings Institution, Federally Chartered",,COMMUNITY FINANCIAL CORP /VA/
0000865917-12-000062,0000865917-12-000062,a12proxyspclmtg122012.htm,DEFM14A,2012-11-30,0000865917,VERSANT CORP,7372,Services-Prepackaged Software,,VERSANT CORP
0001193125-12-487648,0001193125-12-487648,d401204ddefm14a.htm,DEFM14A,2012-11-30,0000084290,"ROBBINS & MYERS, INC.",3561,Pumps & Pumping Equipment,,"ROBBINS & MYERS, INC."
0001193125-12-487822,0001193125-12-487822,d430558ddefm14a.htm,DEFM14A,2012-11-30,0001469433,Ancestry.com Inc.,7374,Services-Computer Processing & Data Preparation,,Ancestry.com Inc.
0001047469-12-010992,0001047469-12-010992,a2212016zdefm14a.htm,DEFM14A,2012-12-05,0001011064,SUNRISE SENIOR LIVING INC,8050,Services-Nursing & Personal Care Facilities,,SUNRISE SENIOR LIVING INC
0001193125-12-492762,0001193125-12-492762,d401508ddefm14a.htm,DEFM14A,2012-12-06,0000805264,GEORGIA GULF CORP /DE/,2821,"Plastic Materials, Synth Resins & Nonvulcan Elastomers",,AXIALL CORP/DE/
0001193125-12-492767,0001193125-12-492767,d449387ddefm14a.htm,DEFM14A,2012-12-06,0001410997,"American Realty Capital Trust, Inc.",6500,Real Estate,,"American Realty Capital Trust, Inc."
0001047469-12-011078,0001047469-12-011078,a2212094zdefm14a.htm,DEFM14A,2012-12-07,0001142380,CALLISTO PHARMACEUTICALS INC,2834,Pharmaceutical Preparations,,CALLISTO PHARMACEUTICALS INC
0001204862-12-000050,0001204862-12-000050,formdefm14a.htm,DEFM14A,2012-12-07,0000781891,LML PAYMENT SYSTEMS INC,7389,"Services-Business Services, NEC",,LML PAYMENT SYSTEMS INC
0000891092-12-007503,0000891092-12-007503,e51166defm14a.htm,DEFM14A,2012-12-19,0000900393,TURBOSONIC TECHNOLOGIES INC,8711,Services-Engineering Services,,TURBOSONIC TECHNOLOGIES INC
0001140361-12-052583,0001140361-12-052583,formdefm14a.htm,DEFM14A,2012-12-26,0001373980,"Heelys, Inc.",3140,"Footwear, (No Rubber)",,"Heelys, Inc."
0001193125-12-516938,0001193125-12-516938,d438646ddefm14a.htm,DEFM14A,2012-12-28,0001092367,SYCAMORE NETWORKS INC,3661,Telephone & Telegraph Apparatus,,SYCAMORE NETWORKS INC
0001193125-12-518230,0001193125-12-518230,d449072ddefm14a.htm,DEFM14A,2012-12-28,0001029506,RALCORP HOLDINGS INC /MO,2040,Grain Mill Products,,RALCORP HOLDINGS INC /MO
0001193125-12-518290,0001193125-12-518290,d432344ddefm14a.htm,DEFM14A,2012-12-28,0000060876,CYBEX INTERNATIONAL INC,3949,"Sporting & Athletic Goods, NEC",,CYBEX INTERNATIONAL INC
0001193125-13-002467,0001193125-13-002467,d453773ddefm14a.htm,DEFM14A,2013-01-03,0000949874,YOUNG INNOVATIONS INC,3843,Dental Equipment & Supplies,,YOUNG INNOVATIONS INC
0001193125-13-003956,0001193125-13-003956,d442759ddefm14a.htm,DEFM14A,2013-01-04,0001102287,PREMIERWEST BANCORP,6021,National Commercial Banks,,PREMIERWEST BANCORP
0001103969-13-000003,0001103969-13-000003,defproxy2012.htm,DEFM14A,2013-01-07,0001059786,MIPS TECHNOLOGIES INC,3674,Semiconductors & Related Devices,,MIPS TECHNOLOGIES INC
0001193125-13-004993,0001193125-13-004993,d461885ddefm14a.htm,DEFM14A,2013-01-07,0000897067,CYMER INC,3559,"Special Industry Machinery, NEC",,CYMER INC
0001193125-13-005356,0001193125-13-005356,d435860ddefm14a.htm,DEFM14A,2013-01-07,0001063494,"KBW, INC.",6211,"Security Brokers, Dealers & Flotation Companies",,"KBW, INC."
0000908834-13-000029,0000908834-13-000029,wrc_defa14a.htm,DEFM14A,2013-01-11,0001318545,White River Capital Inc,6141,Personal Credit Institutions,,White River Capital Inc
0001047469-13-000180,0001047469-13-000180,a2212403zdefm14a.htm,DEFM14A,2013-01-11,0001268671,TNS INC,7389,"Services-Business Services, NEC",,TNS INC
0001193125-13-012608,0001193125-13-012608,d445522ddefm14a.htm,DEFM14A,2013-01-15,0000801351,WARNACO GROUP INC /DE/,2340,"Women's, Misses':  Children's & Infants' Undergarments",,WARNACO GROUP INC /DE/
0001193125-13-014730,0001193125-13-014730,d439167ddefm14a.htm,DEFM14A,2013-01-16,0000920527,PSS WORLD MEDICAL INC,5047,"Wholesale-Medical, Dental & Hospital Equipment & Supplies",,PSS WORLD MEDICAL INC
0001144204-13-002708,0001144204-13-002708,v331822_defm14a.htm,DEFM14A,2013-01-17,0001512077,Global Eagle Acquisition Corp.,4899,"Communications Services, NEC",,Global Eagle Entertainment Inc.
0001193125-13-016348,0001193125-13-016348,d455487ddefm14a.htm,DEFM14A,2013-01-18,0001141719,ALTERRA CAPITAL HOLDINGS Ltd,6331,"Fire, Marine & Casualty Insurance",,ALTERRA CAPITAL HOLDINGS Ltd
0001193125-13-017438,0001193125-13-017438,d462347ddefm14a.htm,DEFM14A,2013-01-18,0001375271,"Eloqua, Inc.",7372,Services-Prepackaged Software,,"Eloqua, Inc."
0001144204-13-003301,0001144204-13-003301,v332603_defm14a.htm,DEFM14A,2013-01-22,0001503828,"American Realty Capital Trust III, Inc.",6798,Real Estate Investment Trusts,,"American Realty Capital Trust III, Inc."
0001193125-13-018399,0001193125-13-018399,d470302ddefm14a.htm,DEFM14A,2013-01-22,0000100412,250 WEST 57TH ST ASSOCIATES L.L.C.,6512,Opeators of  Nonresidential Buildings,,250 WEST 57TH ST ASSOCIATES L.L.C.
0001193125-13-018418,0001193125-13-018418,d470298ddefm14a.htm,DEFM14A,2013-01-22,0000090794,60 EAST 42ND STREET ASSOCIATES L.L.C.,6512,Opeators of  Nonresidential Buildings,,60 EAST 42ND STREET ASSOCIATES L.L.C.
0001193125-13-018437,0001193125-13-018437,d470294ddefm14a.htm,DEFM14A,2013-01-22,0000032776,EMPIRE STATE BUILDING ASSOCIATES L.L.C.,6512,Opeators of  Nonresidential Buildings,,EMPIRE STATE BUILDING ASSOCIATES L.L.C.
0001193125-13-020885,0001193125-13-020885,d474529ddefm14a.htm,DEFM14A,2013-01-23,0001138400,"BIOMIMETIC THERAPEUTICS, INC.",3841,Surgical & Medical Instruments & Apparatus,,"BIOMIMETIC THERAPEUTICS, INC."
0001193125-13-032763,0001193125-13-032763,d378996ddefm14a.htm,DEFM14A,2013-01-31,0001289592,"Tower Group, Inc.",6331,"Fire, Marine & Casualty Insurance",,"Tower Group International, Ltd."
0001193125-13-036861,0001193125-13-036861,d470097ddefm14a.htm,DEFM14A,2013-02-04,0001131457,ZIPCAR INC,7510,Services-Auto Rental & Leasing (No Drivers),,ZIPCAR INC
0001144204-13-006317,0001144204-13-006317,v333753_defm14a.htm,DEFM14A,2013-02-06,0001517130,China Growth Equity Investment Ltd,0900,"Fishing, Hunting and Trapping",,Pingtan Marine Enterprise Ltd.
0001193125-13-039378,0001193125-13-039378,d432088ddefm14a.htm,DEFM14A,2013-02-06,0000887343,COLUMBIA BANKING SYSTEM INC,6022,State Commercial Banks,COLB,"COLUMBIA BANKING SYSTEM, INC."
0001193125-13-039379,0001193125-13-039379,d418437ddefm14a.htm,DEFM14A,2013-02-06,0000717059,WEST COAST BANCORP /NEW/OR/,6022,State Commercial Banks,,WEST COAST BANCORP /NEW/OR/
0001193125-13-043541,0001193125-13-043541,d484618ddefm14a.htm,DEFM14A,2013-02-07,0001339455,"Somaxon Pharmaceuticals, Inc.",2834,Pharmaceutical Preparations,,"Pernix Sleep, Inc."
0001193125-13-046384,0001193125-13-046384,d420016ddefm14a.htm,DEFM14A,2013-02-08,0000030419,DEX ONE Corp,7310,Services-Advertising,,DEX ONE Corp
0001193125-13-046387,0001193125-13-046387,d484489ddefm14a.htm,DEFM14A,2013-02-08,0001367396,SUPERMEDIA INC.,7310,Services-Advertising,,SUPERMEDIA INC.
0000943440-13-000140,0000943440-13-000140,ediets_m14a.htm,DEFM14A,2013-02-11,0001094058,EDIETS COM INC,7200,Services-Personal Services,,EDIETS COM INC
0001047469-13-000811,0001047469-13-000811,a2212744zdefm14a.htm,DEFM14A,2013-02-11,0001096738,EPOCRATES INC,7374,Services-Computer Processing & Data Preparation,,EPOCRATES INC
0001193125-13-048825,0001193125-13-048825,d453619ddefm14a.htm,DEFM14A,2013-02-11,0000077597,SPARTECH CORP,3080,Miscellaneous Plastics Products,,SPARTECH CORP
0001047469-13-000925,0001047469-13-000925,a2212833zdefm14a.htm,DEFM14A,2013-02-13,0001370291,"First California Financial Group, Inc.",6022,State Commercial Banks,,"First California Financial Group, Inc."
0001193125-13-052122,0001193125-13-052122,d485446ddefm14a.htm,DEFM14A,2013-02-13,0000760326,OUTDOOR CHANNEL HOLDINGS INC,4841,Cable & Other Pay Television Services,,OUTDOOR CHANNEL HOLDINGS INC
0001193125-13-052122,0001193125-13-150322,d505077ddefm14a.htm,DEFM14A,2013-04-11,0000760326,OUTDOOR CHANNEL HOLDINGS INC,4841,Cable & Other Pay Television Services,,OUTDOOR CHANNEL HOLDINGS INC
0001193125-13-060431,0001193125-13-060431,d455913ddefm14a.htm,DEFM14A,2013-02-14,0001044590,"Intermec, Inc.",3577,"Computer Peripheral Equipment, NEC",,"Intermec, Inc."
0001047469-13-001236,0001047469-13-001236,a2212862zdefm14a.htm,DEFM14A,2013-02-19,0001286964,"Heron Lake BioEnergy, LLC",2860,Industrial Organic Chemicals,,"Heron Lake BioEnergy, LLC"
0001171200-13-000041,0001171200-13-000041,i00022_bxg-defm14a.htm,DEFM14A,2013-02-21,0000778946,BLUEGREEN CORP,6531,Real Estate Agents & Managers (For Others),,BLUEGREEN VACATIONS CORP
0001193125-13-071723,0001193125-13-071723,d403529ddefm14a.htm,DEFM14A,2013-02-22,0000921847,HUDSON CITY BANCORP INC,6036,"Savings Institutions, Not Federally Chartered",,HUDSON CITY BANCORP INC
0001193125-13-074413,0001193125-13-074413,d480653ddefm14a.htm,DEFM14A,2013-02-25,0000351903,EPOCH HOLDING CORP,6282,Investment Advice,,EPOCH HOLDING CORP
0001193125-13-074683,0001193125-13-074683,d433418ddefm14a.htm,DEFM14A,2013-02-26,0001283699,METROPCS COMMUNICATIONS INC,4812,Radiotelephone Communications,"TMUS,TMUSI,TMUSL,TMUSZ","T-Mobile US, Inc."
0001193125-13-078747,0001193125-13-078747,d430258ddefm14a.htm,DEFM14A,2013-02-27,0001041429,ANNAPOLIS BANCORP INC,6021,National Commercial Banks,,ANNAPOLIS BANCORP INC
0001193125-13-087246,0001193125-13-087246,d413239ddefm14a.htm,DEFM14A,2013-03-01,0000351077,"CITIZENS REPUBLIC BANCORP, INC.",6021,National Commercial Banks,,"CITIZENS REPUBLIC BANCORP, INC."
0001193125-13-087534,0001193125-13-087534,d482768ddefm14a.htm,DEFM14A,2013-03-01,0001130258,ACME PACKET INC,3576,Computer Communications Equipment,,ACME PACKET INC
0000950159-13-000153,0000950159-13-000153,wsbdefm14a.htm,DEFM14A,2013-03-05,0001415022,WSB Holdings Inc,6035,"Savings Institution, Federally Chartered",,WSB Holdings Inc
0001193125-13-100278,0001193125-13-100278,d489360ddefm14a.htm,DEFM14A,2013-03-11,0001362491,METALS USA HOLDINGS CORP.,5051,Wholesale-Metals Service Centers & of fices,,METALS USA HOLDINGS CORP.
0001193125-13-105437,0001193125-13-105437,d466085ddefm14a.htm,DEFM14A,2013-03-13,0000109758,ARBITRON INC,8700,"Services-Engineering, Accounting, Research, Management",,ARBITRON INC
0001437749-13-002873,0001437749-13-002873,kswiss_defm14a-042613.htm,DEFM14A,2013-03-14,0000862480,K SWISS INC,3140,"Footwear, (No Rubber)",,K SWISS INC
0001047469-13-002819,0001047469-13-002819,a2213518zdefm14a.htm,DEFM14A,2013-03-15,0001393744,"EnergySolutions, Inc.",4955,Hazardous Waste Management,,"EnergySolutions, Inc."
0001144204-13-015511,0001144204-13-015511,v338384_defm14a.htm,DEFM14A,2013-03-15,0001425597,"Mesa Energy Holdings, Inc.",1000,Metal Mining,,"Mesa Energy Holdings, Inc."
0001047469-13-002900,0001047469-13-002900,a2213793zdefm14a.htm,DEFM14A,2013-03-18,0001518749,Azteca Acquisition Corp,6770,Blank Checks,,Azteca Acquisition Corp
0001193125-13-118435,0001193125-13-118435,d474883ddefm14a.htm,DEFM14A,2013-03-21,0001487999,SeaCube Container Leasing Ltd.,7350,Services-Miscellaneous Equipment Rental & Leasing,,SeaCube Container Leasing Ltd.
0001193125-13-118801,0001193125-13-118801,d501820ddefm14a.htm,DEFM14A,2013-03-21,0001397821,Duff & Phelps Corp,6211,"Security Brokers, Dealers & Flotation Companies",,Duff & Phelps Corp
0001047469-13-003323,0001047469-13-003323,a2213804zdefm14a.htm,DEFM14A,2013-03-25,0000912145,AMERISTAR CASINOS INC,7011,Hotels & Motels,,AMERISTAR CASINOS INC
0001193125-13-126130,0001193125-13-126130,d488041ddefm14a.htm,DEFM14A,2013-03-26,0001042821,PERVASIVE SOFTWARE INC,7372,Services-Prepackaged Software,,PERVASIVE SOFTWARE INC
0001193125-13-128058,0001193125-13-128058,d491866ddefm14a.htm,DEFM14A,2013-03-27,0000046640,HEINZ H J CO,2030,"Canned, Frozen & Preservd Fruit, Veg & Food Specialties",,Kraft Heinz Foods Co
0001193125-13-128495,0001193125-13-128495,d503631ddefm14a.htm,DEFM14A,2013-03-27,0001336691,MOTRICITY INC,7389,"Services-Business Services, NEC",,MOTRICITY INC
0001047469-13-003627,0001047469-13-003627,a2214145zdefm14a.htm,DEFM14A,2013-03-29,0001297067,"Copano Energy, L.L.C.",4922,Natural Gas Transmission,,"Copano Energy, L.L.C."
0001144204-13-018834,0001144204-13-018834,v339485_defm14a.htm,DEFM14A,2013-04-01,0000351017,"AUTOINFO, INC",4210,Trucking & Courier Services (No Air),,"AUTOINFO, INC"
0001193125-13-137739,0001193125-13-137739,d514896ddefm14a.htm,DEFM14A,2013-04-02,0001277406,"SPIRIT REALTY CAPITAL, INC.",6798,Real Estate Investment Trusts,,"SPIRIT REALTY CAPITAL, INC."
0001193125-13-137908,0001193125-13-137908,d512144ddefm14a.htm,DEFM14A,2013-04-02,0001277151,APPLE REIT SIX INC,6798,Real Estate Investment Trusts,,APPLE REIT SIX INC
0001193125-13-146017,0001193125-13-146017,d499171ddefm14a.htm,DEFM14A,2013-04-08,0000929994,ASSISTED LIVING CONCEPTS INC,8050,Services-Nursing & Personal Care Facilities,,ASSISTED LIVING CONCEPTS INC
0001193125-13-146696,0001193125-13-146696,d489429ddefm14a.htm,DEFM14A,2013-04-09,0000350077,WMS INDUSTRIES INC /DE/,3990,Miscellaneous Manufacturing Industries,,WMS INDUSTRIES INC /DE/
0001047469-13-004201,0001047469-13-004201,a2214296zdefm14a.htm,DEFM14A,2013-04-10,0001078383,IPARTY CORP,5940,Retail-Miscellaneous Shopping Goods Stores,,IPARTY CORP
0001193125-13-151152,0001193125-13-151152,d499354ddefm14a.htm,DEFM14A,2013-04-11,0001419178,Artio Global Investors Inc.,6282,Investment Advice,,Artio Global Investors Inc.
0001047469-13-004487,0001047469-13-004487,a2214483zdefm14a.htm,DEFM14A,2013-04-17,0000828678,FIRSTCITY FINANCIAL CORP,6153,Short-Term Business Credit Institutions,,FIRSTCITY FINANCIAL CORP
0001437749-13-004485,0001437749-13-004485,chyr_defm14a-052213.htm,DEFM14A,2013-04-17,0000020232,CHYRON CORP,7330,"Services-Mailing, Reproduction, Commercial Art & Photography",,ChyronHego Corp
0001193125-13-160801,0001193125-13-160801,d451859ddefm14a.htm,DEFM14A,2013-04-18,0000891456,PLAINS EXPLORATION & PRODUCTION CO,1311,Crude Petroleum & Natural Gas,,PLAINS EXPLORATION & PRODUCTION CO
0001047469-13-004702,0001047469-13-004702,a2214608zdefm14a.htm,DEFM14A,2013-04-23,0001496623,"NetSpend Holdings, Inc.",6199,Finance Services,,"NetSpend Holdings, Inc."
0001193125-13-167611,0001193125-13-167611,d474948ddefm14a.htm,DEFM14A,2013-04-23,0001442505,Clearwire Corp /DE,4899,"Communications Services, NEC",,Clearwire Corp /DE
0001193125-13-179797,0001193125-13-179797,d498885ddefm14a.htm,DEFM14A,2013-04-29,0001532543,ROI Acquisition Corp.,5020,Wholesale-Furniture & Home Furnishings,,"EveryWare Global, Inc."
0001193125-13-187058,0001193125-13-187058,d461946ddefm14a.htm,DEFM14A,2013-04-30,0001174746,INTERCONTINENTALEXCHANGE INC,6200,"Security & Commodity Brokers, Dealers, Exchanges & Services",,"Intercontinental Exchange Holdings, Inc."
0001193125-13-188006,0001193125-13-188006,d529975ddefm14a.htm,DEFM14A,2013-04-30,0001368007,NYSE Euronext,6200,"Security & Commodity Brokers, Dealers, Exchanges & Services",,NYSE Euronext
0001193125-13-192844,0001193125-13-192844,d489504ddefm14a.htm,DEFM14A,2013-05-01,0001270400,VIRGIN MEDIA INC.,4813,Telephone Communications (No Radiotelephone),,VIRGIN MEDIA INC.
0001193125-13-192873,0001193125-13-192873,d489504ddefm14a.htm,DEFM14A,2013-05-01,0001316631,"Liberty Global, Inc.",4841,Cable & Other Pay Television Services,,"Liberty Global, Inc."
0001193125-13-192924,0001193125-13-192924,d425100ddefm14a.htm,DEFM14A,2013-05-01,0000101830,SPRINT NEXTEL CORP,4813,Telephone Communications (No Radiotelephone),,SPRINT LLC
0001193125-13-198247,0001193125-13-198247,d452764ddefm14a.htm,DEFM14A,2013-05-03,0000064279,MCMORAN EXPLORATION CO /DE/,1311,Crude Petroleum & Natural Gas,,MCMORAN EXPLORATION CO /DE/
0001193125-13-201922,0001193125-13-201922,d532776ddefm14a.htm,DEFM14A,2013-05-06,0001264707,ASSET ACCEPTANCE CAPITAL CORP,6153,Short-Term Business Credit Institutions,,ASSET ACCEPTANCE CAPITAL CORP
0001144204-13-027332,0001144204-13-027332,v344472_defm14a.htm,DEFM14A,2013-05-09,0001230355,TRANS1 INC,3841,Surgical & Medical Instruments & Apparatus,,"BAXANO SURGICAL, INC."
0001144204-13-027503,0001144204-13-027503,v344158_defm14a.htm,DEFM14A,2013-05-09,0000851249,"FORTUNE INDUSTRIES, INC.",4899,"Communications Services, NEC",,"FORTUNE INDUSTRIES, INC."
0000946275-13-000179,0000946275-13-000179,defm14a_061713-0203.htm,DEFM14A,2013-05-10,0001293283,"Roebling Financial Corp, Inc.",6035,"Savings Institution, Federally Chartered",,"Roebling Financial Corp, Inc."
0001193125-13-213610,0001193125-13-213610,d506554ddefm14a.htm,DEFM14A,2013-05-10,0001017712,HOT TOPIC INC /CA/,5600,Retail-Apparel & Accessory Stores,,HOT TOPIC INC /CA/
0001133796-13-000079,0001133796-13-000079,k344725_defm14a.htm,DEFM14A,2013-05-13,0001404296,Atlantic Coast Financial CORP,6035,"Savings Institution, Federally Chartered",,Atlantic Coast Financial CORP
0001193125-13-226238,0001193125-13-226238,d525286ddefm14a.htm,DEFM14A,2013-05-17,0001183186,NATIONAL FINANCIAL PARTNERS CORP,6411,"Insurance Agents, Brokers & Service",,NATIONAL FINANCIAL PARTNERS CORP
0001193125-13-233503,0001193125-13-233503,d503926ddefm14a.htm,DEFM14A,2013-05-23,0000881695,PALOMAR MEDICAL TECHNOLOGIES INC,3845,Electromedical & Electrotherapeutic Apparatus,,PALOMAR MEDICAL TECHNOLOGIES LLC
0001030798-13-000048,0001030798-13-000048,firstmf_defm14a-052213.htm,DEFM14A,2013-05-24,0000320387,FIRST M&F CORP/MS,6022,State Commercial Banks,,FIRST M&F CORP/MS
0001144204-13-031719,0001144204-13-031719,v346061_defm14a.htm,DEFM14A,2013-05-28,0001277092,ZHONGPIN INC.,2011,Meat Packing Plants,,ZHONGPIN INC.
0001193125-13-236389,0001193125-13-236389,d544939ddefm14a.htm,DEFM14A,2013-05-28,0001060749,"KNIGHT CAPITAL GROUP, INC.",6211,"Security Brokers, Dealers & Flotation Companies",,KNIGHT CAPITAL GROUP LLC
0001193125-13-241513,0001193125-13-241513,d526270ddefm14a.htm,DEFM14A,2013-05-30,0000060849,LUFKIN INDUSTRIES INC,3560,General Industrial Machinery & Equipment,,LUFKIN INDUSTRIES INC
0001144204-13-032653,0001144204-13-032653,v346666_defm14a.htm,DEFM14A,2013-05-31,0001514732,Trio Merger Corp.,1382,Oil & Gas Field Exploration Services,,"SAExploration Holdings, Inc."
0001193125-13-242115,0001193125-13-242115,d505470ddefm14a.htm,DEFM14A,2013-05-31,0000826083,DELL INC,3571,Electronic Computers,,DELL INC
0001157523-13-003005,0001157523-13-003005,a50646006.htm,DEFM14A,2013-06-04,0000724267,PHAZAR CORP,3663,Radio & Tv Broadcasting & Communications Equipment,,PHAZAR CORP
0001047469-13-006865,0001047469-13-006865,a2215567zdefm14a.htm,DEFM14A,2013-06-10,0001274644,TRANZYME INC,2834,Pharmaceutical Preparations,,"Ocera Therapeutics, Inc."
0001193125-13-252101,0001193125-13-252101,d516531ddefm14a.htm,DEFM14A,2013-06-10,0000012978,OFFICEMAX INC,5110,Wholesale-Paper & Paper Products,,MAPLEBY HOLDINGS MERGER Corp
0001193125-13-253604,0001193125-13-253604,d486304ddefm14a.htm,DEFM14A,2013-06-10,0000701345,US AIRWAYS GROUP INC,4512,"Air Transportation, Scheduled",,US AIRWAYS GROUP INC
0001193125-13-256227,0001193125-13-256227,d542603ddefm14a.htm,DEFM14A,2013-06-12,0001006837,PRIMUS TELECOMMUNICATIONS GROUP INC,3440,Fabricated Structural Metal Products,VATE,INNOVATE Corp.
0001047469-13-006941,0001047469-13-006941,a2215652zdefm14a.htm,DEFM14A,2013-06-13,0001477598,"Omthera Pharmaceuticals, Inc.",2834,Pharmaceutical Preparations,,"Omthera Pharmaceuticals, Inc."
0001193125-13-257513,0001193125-13-257513,d467724ddefm14a.htm,DEFM14A,2013-06-13,0000916459,GARDNER DENVER INC,3560,General Industrial Machinery & Equipment,,GARDNER DENVER INC
0001047469-13-007021,0001047469-13-007021,a2215702zdefm14a.htm,DEFM14A,2013-06-18,0000911649,STRATEGIC DIAGNOSTICS INC/DE/,2100,Tobacco Products,,STANDARD DIVERSIFIED INC.
0001047469-13-007072,0001047469-13-007072,a2215692zdefm14a.htm,DEFM14A,2013-06-20,0001042825,POWER ONE INC,3679,"Electronic Components, NEC",,POWER ONE INC
0001193125-13-269143,0001193125-13-269143,d468426ddefm14a.htm,DEFM14A,2013-06-24,0001034669,FISHER COMMUNICATIONS INC,4833,Television Broadcasting Stations,,FISHER COMMUNICATIONS INC
0001193125-13-269992,0001193125-13-269992,d542782ddefm14a.htm,DEFM14A,2013-06-25,0000835729,BMC SOFTWARE INC,7372,Services-Prepackaged Software,,BMC SOFTWARE INC
0001047469-13-007259,0001047469-13-007259,a2215819zdefm14a.htm,DEFM14A,2013-06-27,0001160858,TRUE RELIGION APPAREL INC,2300,Apparel & Other Finishd Prods of  Fabrics & Similar Matl,,TRUE RELIGION APPAREL INC
0001144204-13-036900,0001144204-13-036900,v348259_defm14a.htm,DEFM14A,2013-06-27,0001130888,"Lightyear Network Solutions, Inc.",4813,Telephone Communications (No Radiotelephone),,"Lightyear Network Solutions, Inc."
0001193125-13-277811,0001193125-13-277811,d557202ddefm14a.htm,DEFM14A,2013-07-01,0001101020,OVERHILL FARMS INC,2030,"Canned, Frozen & Preservd Fruit, Veg & Food Specialties",,OVERHILL FARMS INC
0001047469-13-007360,0001047469-13-007360,a2215883zdefm14a.htm,DEFM14A,2013-07-03,0001166789,LIN TV CORP.,4833,Television Broadcasting Stations,,LIN TV CORP.
0001426780-13-000023,0001426780-13-000023,a2013definitiveproxy.htm,DEFM14A,2013-07-03,0001426780,"Soy Energy, LLC",2860,Industrial Organic Chemicals,,"Soy Energy, LLC"
0001193125-13-285118,0001193125-13-285118,d538643ddefm14a.htm,DEFM14A,2013-07-09,0000899597,BUCKEYE TECHNOLOGIES INC,2611,Pulp Mills,,BUCKEYE TECHNOLOGIES INC
0001193125-13-286624,0001193125-13-286624,d562579ddefm14a.htm,DEFM14A,2013-07-10,0000005133,AMERICAN GREETINGS CORP,2771,Greeting Cards,,AMERICAN GREETINGS CORP
0001193125-13-288182,0001193125-13-288182,d559584ddefm14a.htm,DEFM14A,2013-07-11,0000878522,STEWART ENTERPRISES INC,7200,Services-Personal Services,,STEWART ENTERPRISES INC
0001193125-13-291261,0001193125-13-291261,d553312ddefm14a.htm,DEFM14A,2013-07-16,0000783603,AMERICAN SAFETY INSURANCE HOLDINGS LTD,6411,"Insurance Agents, Brokers & Service",,AMERICAN SAFETY INSURANCE HOLDINGS LTD
0001193125-13-291845,0001193125-13-291845,d566946ddefm14a.htm,DEFM14A,2013-07-16,0001298978,"Market Leader, Inc.",7310,Services-Advertising,,"Market Leader, Inc."
0001047469-13-007621,0001047469-13-007621,a2216008zdefm14a.htm,DEFM14A,2013-07-18,0001032761,KEYNOTE SYSTEMS INC,7389,"Services-Business Services, NEC",,KEYNOTE SYSTEMS INC
0001193125-13-297289,0001193125-13-297289,d537304ddefm14a.htm,DEFM14A,2013-07-22,0001073431,Life Technologies Corp,2836,"Biological Products, (No Diagnostic Substances)",,Life Technologies Corp
0001193125-13-300690,0001193125-13-300690,d573258ddefm14a.htm,DEFM14A,2013-07-24,0001268659,"PROLOR Biotech, Inc.",2834,Pharmaceutical Preparations,,"PROLOR Biotech, Inc."
0001193125-13-302684,0001193125-13-302684,d538368ddefm14a.htm,DEFM14A,2013-07-25,0000065201,MET PRO CORP,3564,Industrial & Commercial Fans & Blowers & Air Purifing Equip,,MET PRO CORP
0001144204-13-041451,0001144204-13-041451,v350586_defm14a.htm,DEFM14A,2013-07-26,0000732412,MULTIBAND CORP,4813,Telephone Communications (No Radiotelephone),,MULTIBAND CORP
0001047469-13-007935,0001047469-13-007935,a2216176zdefm14a.htm,DEFM14A,2013-07-31,0000928592,PVF CAPITAL CORP,6035,"Savings Institution, Federally Chartered",,PVF CAPITAL CORP
0001437749-13-009682,0001437749-13-009682,lse20130726_defm14a.htm,DEFM14A,2013-07-31,0001057689,"CapLease, Inc.",6798,Real Estate Investment Trusts,,"CapLease, Inc."
0001193125-13-313307,0001193125-13-313307,d573095ddefm14a.htm,DEFM14A,2013-08-01,0001323854,Warner Chilcott plc,2834,Pharmaceutical Preparations,,Warner Chilcott plc
0001193125-13-313444,0001193125-13-313444,d549812ddefm14a.htm,DEFM14A,2013-08-01,0000884629,"Actavis, Inc.",2834,Pharmaceutical Preparations,,Allergan Finance LLC
0001047469-13-008127,0001047469-13-008127,a2216243zdefm14a.htm,DEFM14A,2013-08-06,0001386198,MEMSIC Inc,3674,Semiconductors & Related Devices,,MEMSIC Inc
0001193125-13-325730,0001193125-13-325730,d570653ddefm14a.htm,DEFM14A,2013-08-08,0001102741,"STEC, INC.",3572,Computer Storage Devices,,"STEC, INC."
0001199835-13-000481,0001199835-13-000481,gilman_defm14a-15648.htm,DEFM14A,2013-08-09,0000914142,"GILMAN CIOCIA, INC.",6211,"Security Brokers, Dealers & Flotation Companies",,"GILMAN CIOCIA, INC."
0001047469-13-008432,0001047469-13-008432,a2216405zdefm14a.htm,DEFM14A,2013-08-14,0001070154,PROVIDENT NEW YORK BANCORP,6021,National Commercial Banks,,STERLING BANCORP
0001193125-13-337054,0001193125-13-337054,d543435ddefm14a.htm,DEFM14A,2013-08-16,0001032067,MEADE INSTRUMENTS CORP,3827,Optical Instruments & Lenses,,MEADE INSTRUMENTS CORP
0001193125-13-339679,0001193125-13-339679,d554122ddefm14a.htm,DEFM14A,2013-08-19,0000091388,SMITHFIELD FOODS INC,2011,Meat Packing Plants,SFD,SMITHFIELD FOODS INC
0001193125-13-339967,0001193125-13-339967,d556357ddefm14a.htm,DEFM14A,2013-08-20,0001471458,"rue21, inc.",5600,Retail-Apparel & Accessory Stores,,"rue21, inc."
0001193125-13-340806,0001193125-13-340806,d562676ddefm14a.htm,DEFM14A,2013-08-20,0000741508,"NV ENERGY, INC.",4931,Electric & Other Services Combined,,"NV ENERGY, INC."
0001193125-13-342196,0001193125-13-342196,d557008ddefm14a.htm,DEFM14A,2013-08-21,0000356080,BELO CORP,4833,Television Broadcasting Stations,,BELO CORP
0001437749-13-011236,0001437749-13-011236,mpac20130814_defm14a.htm,DEFM14A,2013-08-22,0001191857,MOD PAC CORP,2650,Paperboard Containers & Boxes,,MOD PAC CORP
0001193125-13-344642,0001193125-13-344642,d548164ddefm14a.htm,DEFM14A,2013-08-23,0001071993,CONTANGO OIL & GAS CO,1311,Crude Petroleum & Natural Gas,,CONTANGO OIL & GAS CO
0001193125-13-344653,0001193125-13-344653,d548164ddefm14a.htm,DEFM14A,2013-08-23,0000813779,CRIMSON EXPLORATION INC.,1311,Crude Petroleum & Natural Gas,,CRIMSON EXPLORATION INC.
0001047469-13-008701,0001047469-13-008701,a2216488zdefm14a.htm,DEFM14A,2013-08-27,0001323531,"Maidenform Brands, Inc.",2340,"Women's, Misses':  Children's & Infants' Undergarments",,Maidenform Brands LLC
0001145443-13-001729,0001145443-13-001729,d30686.htm,DEFM14A,2013-08-27,0000085704,"HARRIS TEETER SUPERMARKETS, INC.",5411,Retail-Grocery Stores,,"HARRIS TEETER SUPERMARKETS, INC."
0001193125-13-352908,0001193125-13-352908,d557037ddefm14a.htm,DEFM14A,2013-08-30,0000024491,COOPER TIRE & RUBBER CO,3011,Tires & Inner Tubes,,COOPER TIRE & RUBBER CO
0001193125-13-358289,0001193125-13-358289,d545065ddefm14a.htm,DEFM14A,2013-09-05,0001389030,Crestwood Midstream Partners LP,4922,Natural Gas Transmission,,Crestwood Midstream Partners LP
0001193125-13-360549,0001193125-13-360549,d581007ddefm14a.htm,DEFM14A,2013-09-09,0001168195,SOURCEFIRE INC,7374,Services-Computer Processing & Data Preparation,,SOURCEFIRE INC
0001193125-13-368430,0001193125-13-368430,d575780ddefm14a.htm,DEFM14A,2013-09-17,0001065049,LEAP WIRELESS INTERNATIONAL INC,4812,Radiotelephone Communications,,LEAP WIRELESS INTERNATIONAL INC
0001571049-13-000745,0001571049-13-000745,t1300354-tgx.htm,DEFM14A,2013-09-17,0000795551,THERAGENICS CORP,3825,Instruments For Meas & Testing of  Electricity & Elec Signals,,THERAGENICS CORP
0001047469-13-009146,0001047469-13-009146,a2216705zdefm14a.htm,DEFM14A,2013-09-18,0001142576,OPTIMER PHARMACEUTICALS INC,2834,Pharmaceutical Preparations,,OPTIMER PHARMACEUTICALS INC
0001144204-13-051802,0001144204-13-051802,v355558_defm14a.htm,DEFM14A,2013-09-20,0000008504,"EnerJex Resources, Inc.",3721,Aircraft,UAVS,AgEagle Aerial Systems Inc.
0001193125-13-373526,0001193125-13-373526,d599238ddefm14a.htm,DEFM14A,2013-09-20,0001099305,VIRGINIA COMMERCE BANCORP INC,6022,State Commercial Banks,,VIRGINIA COMMERCE BANCORP INC
0001193125-13-380896,0001193125-13-380896,d564480ddefm14a.htm,DEFM14A,2013-09-27,0001331520,HOME BANCSHARES INC,6022,State Commercial Banks,HOMB,HOME BANCSHARES INC
0001047469-13-009433,0001047469-13-009433,a2216866zdefm14a.htm,DEFM14A,2013-10-01,0000030302,ALCO STORES INC,5331,Retail-Variety Stores,,ALCO STORES INC
0001047469-13-009472,0001047469-13-009472,a2216884zdefm14a.htm,DEFM14A,2013-10-02,0001372375,Millennial Media Inc.,7311,Services-Advertising Agencies,,Millennial Media Inc.
0001193125-13-389324,0001193125-13-389324,d607196ddefm14a.htm,DEFM14A,2013-10-03,0000018169,DOLE FOOD CO INC,0100,Agricultural Production-Crops,,DOLE FOOD CO INC
0001193125-13-390275,0001193125-13-390275,d585064ddefm14a.htm,DEFM14A,2013-10-03,0000812900,SAKS INC,5311,Retail-Department Stores,,SAKS INC
0001047469-13-009613,0001047469-13-009613,a2216960zdefm14a.htm,DEFM14A,2013-10-11,0000868368,ROCHESTER MEDICAL CORPORATION,3841,Surgical & Medical Instruments & Apparatus,,ROCHESTER MEDICAL CORPORATION
0001193125-13-399972,0001193125-13-399972,d609109ddefm14a.htm,DEFM14A,2013-10-15,0000069671,NASH FINCH CO,5140,Wholesale-Groceries & Related Products,,NASH FINCH CO
0001047469-13-009677,0001047469-13-009677,a2216986zdefm14a.htm,DEFM14A,2013-10-16,0000067472,MOLEX INC,3678,Electronic Connectors,,MOLEX INC
0001193125-13-400478,0001193125-13-400478,d582845ddefm14a.htm,DEFM14A,2013-10-16,0000718789,SHFL entertainment Inc.,3990,Miscellaneous Manufacturing Industries,,SHFL entertainment Inc.
0001193125-13-405307,0001193125-13-405307,d600390ddefm14a.htm,DEFM14A,2013-10-21,0001031028,GLOBECOMM SYSTEMS INC,3663,Radio & Tv Broadcasting & Communications Equipment,,GLOBECOMM SYSTEMS INC
0001193125-13-407722,0001193125-13-407722,d615861ddefm14a.htm,DEFM14A,2013-10-23,0001036070,StellarOne CORP,6022,State Commercial Banks,,StellarOne CORP
0001193125-13-412717,0001193125-13-412717,d597936ddefm14a.htm,DEFM14A,2013-10-28,0000110536,NATIONAL TECHNICAL SYSTEMS INC /CA/,8734,Services-Testing Laboratories,,NATIONAL TECHNICAL SYSTEMS INC /CA/
0001193125-13-415991,0001193125-13-415991,d602634ddefm14a.htm,DEFM14A,2013-10-29,0001321268,"Eastern Insurance Holdings, Inc.",6331,"Fire, Marine & Casualty Insurance",,"Eastern Insurance Holdings, Inc."
0001193125-13-421083,0001193125-13-421083,d616412ddefm14a.htm,DEFM14A,2013-10-31,0001429775,"Lender Processing Services, Inc.",7389,"Services-Business Services, NEC",,"Black Knight InfoServ, LLC"
0001144204-13-058327,0001144204-13-058327,v358773_defm14a.htm,DEFM14A,2013-11-01,0001272430,PALADIN REALTY INCOME PROPERTIES INC,6798,Real Estate Investment Trusts,,PALADIN REALTY INCOME PROPERTIES INC
0001354488-13-005936,0001354488-13-005936,ffis_defm14a.htm,DEFM14A,2013-11-01,0001434743,1st Financial Services CORP,6022,State Commercial Banks,,1st Financial Services CORP
0001193125-13-430420,0001193125-13-430420,d596576ddefm14a.htm,DEFM14A,2013-11-06,0000778972,FIRSTBANK CORP,6022,State Commercial Banks,,FIRSTBANK CORP
0001193125-13-433245,0001193125-13-433245,d601970ddefm14a.htm,DEFM14A,2013-11-07,0000887497,HI TECH PHARMACAL CO INC,2834,Pharmaceutical Preparations,,HI TECH PHARMACAL CO INC
0001104659-13-082879,0001104659-13-082879,a13-22863_4defm14a.htm,DEFM14A,2013-11-08,0001068300,"MetroCorp Bancshares, Inc.",6022,State Commercial Banks,,"MetroCorp Bancshares, Inc."
0001193125-13-435525,0001193125-13-435525,d585719ddefm14a.htm,DEFM14A,2013-11-08,0001534463,Marlborough Software Development Holdings Inc.,7372,Services-Prepackaged Software,,PAGEFLEX INC.
0001193125-13-437534,0001193125-13-437534,d594753ddefm14a.htm,DEFM14A,2013-11-12,0001407463,Pioneer Southwest Energy Partners L.P.,1311,Crude Petroleum & Natural Gas,,Pioneer Southwest Energy Partners L.P.
0001193125-13-440371,0001193125-13-440371,d627900ddefm14a.htm,DEFM14A,2013-11-13,0001283709,THOMAS PROPERTIES GROUP INC,6500,Real Estate,,THOMAS PROPERTIES GROUP INC
0001571049-13-001098,0001571049-13-001098,t1300603-def14a.htm,DEFM14A,2013-11-13,0001411861,MAKO Surgical Corp.,3842,"Orthopedic, Prosthetic & Surgical Appliances & Supplies",,MAKO Surgical Corp.
0001174947-13-000387,0001174947-13-000387,b360271_defm14a.htm,DEFM14A,2013-11-15,0000713002,FLOW INTERNATIONAL CORP,3569,"General Industrial Machinery & Equipment, NEC",,FLOW INTERNATIONAL CORP
0001193125-13-443927,0001193125-13-443927,d631000ddefm14a.htm,DEFM14A,2013-11-15,0000778438,BERRY PETROLEUM CO,1311,Crude Petroleum & Natural Gas,,"Berry Petroleum Company, LLC"
0001193125-13-444560,0001193125-13-444560,d565188ddefm14a.htm,DEFM14A,2013-11-18,0001100969,"ASIAINFO-LINKAGE, INC",7372,Services-Prepackaged Software,,"ASIAINFO-LINKAGE, INC"
0001193125-13-451466,0001193125-13-451466,d633024ddefm14a.htm,DEFM14A,2013-11-22,0000792985,"HEALTH MANAGEMENT ASSOCIATES, INC",8062,"Services-General Medical & Surgical Hospitals, NEC",,"HEALTH MANAGEMENT ASSOCIATES, INC"
0001047469-13-010906,0001047469-13-010906,a2217551zdefm14a.htm,DEFM14A,2013-11-27,0001481506,PAA NATURAL GAS STORAGE LP,4922,Natural Gas Transmission,,PAA NATURAL GAS STORAGE LP
0001193125-13-459818,0001193125-13-459818,d621612ddefm14a.htm,DEFM14A,2013-12-03,0001493761,Parametric Sound Corp,3669,"Communications Equipment, NEC",TBCH,Turtle Beach Corp
0001047469-13-010973,0001047469-13-010973,a2217482zdefm14a.htm,DEFM14A,2013-12-04,0001038280,MAC-GRAY CORP,7200,Services-Personal Services,,MAC-GRAY CORP
0001144204-13-065411,0001144204-13-065411,v362040_defm14a.htm,DEFM14A,2013-12-04,0001534675,Andina Acquisition Corp,3211,Flat Glass,TGLS,Tecnoglass Holdings Inc.
0001144204-13-065634,0001144204-13-065634,v362146_defm14a.htm,DEFM14A,2013-12-04,0001545208,"American Realty Capital Trust IV, Inc.",6500,Real Estate,,"American Realty Capital Trust IV, Inc."
0001047469-13-011021,0001047469-13-011021,a2217606zdefm14a.htm,DEFM14A,2013-12-06,0001241199,CAPITALSOURCE INC,6022,State Commercial Banks,,CAPITALSOURCE INC
0001193125-13-468312,0001193125-13-468312,d607815ddefm14a.htm,DEFM14A,2013-12-10,0000732712,VERIZON COMMUNICATIONS INC,4813,Telephone Communications (No Radiotelephone),VZ,VERIZON COMMUNICATIONS INC
0001437749-13-015866,0001437749-13-015866,zolt20131210_defm14a.htm,DEFM14A,2013-12-11,0000890923,ZOLTEK COMPANIES INC,3620,Electrical Industrial Apparatus,,ZOLTEK COMPANIES INC
0001193125-13-478152,0001193125-13-478152,d623179ddefm14a.htm,DEFM14A,2013-12-19,0000889930,OVERLAND STORAGE INC,3572,Computer Storage Devices,,OVERLAND STORAGE INC
0001193125-13-481022,0001193125-13-481022,d638954ddefm14a.htm,DEFM14A,2013-12-20,0000025793,COSTA INC,3950,"Pens, Pencils & Other Artists' Materials",,COSTA INC
0001193125-13-481151,0001193125-13-481151,d633964ddefm14a.htm,DEFM14A,2013-12-20,0000921500,CONSOLIDATED GRAPHICS INC /TX/,2750,Commercial Printing,,CONSOLIDATED GRAPHICS INC /TX/
0001437749-13-016298,0001437749-13-016298,anen20131219_defm14a.htm,DEFM14A,2013-12-20,0000006314,ANAREN INC,3663,Radio & Tv Broadcasting & Communications Equipment,,ANAREN  INC
0001144204-13-068740,0001144204-13-068740,v363764_defm14.htm,DEFM14A,2013-12-23,0001425923,"Cole Real Estate Investments, Inc.",6798,Real Estate Investment Trusts,,"Cole Real Estate Investments, Inc."
0001193125-13-481445,0001193125-13-481445,d640691ddefm14a.htm,DEFM14A,2013-12-23,0001072847,TOWER FINANCIAL CORP,6022,State Commercial Banks,,TOWER FINANCIAL CORP
0001193125-13-484020,0001193125-13-484020,d632208ddefm14a.htm,DEFM14A,2013-12-26,0001145404,CORNERSTONE THERAPEUTICS INC,2834,Pharmaceutical Preparations,,CORNERSTONE THERAPEUTICS INC
0001144204-14-001326,0001144204-14-001326,v364910_defm14a.htm,DEFM14A,2014-01-09,0001398551,"Yongye International, Inc.",2870,Agricultural Chemicals,,"Yongye International, Inc."
0001144204-14-001326,0001144204-14-026977,v376633_defm14a.htm,DEFM14A,2014-05-02,0001398551,"Yongye International, Inc.",2870,Agricultural Chemicals,,"Yongye International, Inc."
0001047469-14-000150,0001047469-14-000150,a2217928zdefm14a.htm,DEFM14A,2014-01-13,0000934448,"Digital Generation, Inc.",7389,"Services-Business Services, NEC",,"Digital Generation, Inc."
0001193125-14-009469,0001193125-14-009469,d612669ddefm14a.htm,DEFM14A,2014-01-13,0000016614,CAMCO FINANCIAL CORP,6036,"Savings Institutions, Not Federally Chartered",,CAMCO FINANCIAL CORP
0001047469-14-000197,0001047469-14-000197,a2217966zdefm14a.htm,DEFM14A,2014-01-15,0001025536,TAYLOR CAPITAL GROUP INC,6022,State Commercial Banks,,TAYLOR CAPITAL GROUP INC
0001193125-14-012078,0001193125-14-012078,d651290ddefm14a.htm,DEFM14A,2014-01-15,0001003950,PERFORMANCE TECHNOLOGIES INC \DE\,3576,Computer Communications Equipment,,PERFORMANCE TECHNOLOGIES INC \DE\
0001185185-14-000120,0001185185-14-000120,applereitseven-defm14a011514.htm,DEFM14A,2014-01-16,0001329011,"Apple REIT Seven, Inc.",6798,Real Estate Investment Trusts,,"Apple REIT Seven, Inc."
0001185185-14-000123,0001185185-14-000123,applereiteight-defm14a011514.htm,DEFM14A,2014-01-16,0001387361,"Apple REIT Eight, Inc.",6798,Real Estate Investment Trusts,,"Apple REIT Eight, Inc."
0000950103-14-000379,0000950103-14-000379,dp43234_defm14a.htm,DEFM14A,2014-01-22,0000891106,STERLING FINANCIAL CORP /WA/,6036,"Savings Institutions, Not Federally Chartered",,STERLING FINANCIAL CORP /WA/
0001144204-14-003648,0001144204-14-003648,v365923_defm14a.htm,DEFM14A,2014-01-23,0001126216,"NTS, INC.",4899,"Communications Services, NEC",,"NTS, INC."
0001193125-14-022760,0001193125-14-022760,d636864ddefm14a.htm,DEFM14A,2014-01-28,0001100962,ENDO HEALTH SOLUTIONS INC.,2834,Pharmaceutical Preparations,,ENDO HEALTH SOLUTIONS INC.
0001193125-14-026444,0001193125-14-026444,d653875ddefm14a.htm,DEFM14A,2014-01-29,0000868267,FOOD TECHNOLOGY SERVICE INC,7389,"Services-Business Services, NEC",,FOOD TECHNOLOGY SERVICE INC
0001193125-14-030663,0001193125-14-030663,d640107ddefm14a.htm,DEFM14A,2014-01-31,0000745308,ST JOE CO,6552,Land Subdividers & Developers (No Cemeteries),JOE,ST JOE Co
0001193125-14-034617,0001193125-14-034617,d662083ddefm14a.htm,DEFM14A,2014-02-04,0000946823,VITRAN CORP INC,4731,Arrangement of  Transportation of  Freight & Cargo,,VITRAN CORP INC
0001193125-14-035065,0001193125-14-035065,d638945ddefm14a.htm,DEFM14A,2014-02-04,0001400431,PATHEON INC,2834,Pharmaceutical Preparations,,PATHEON INC
0001047469-14-000615,0001047469-14-000615,a2218176zdefm14a.htm,DEFM14A,2014-02-05,0001209821,CROSSTEX ENERGY INC,5172,Wholesale-Petroleum & Petroleum Products (No Bulk Stations),,"ENLINK MIDSTREAM, INC."
0001193125-14-036900,0001193125-14-036900,d643439ddefm14a.htm,DEFM14A,2014-02-05,0001405049,"United Financial Bancorp, Inc.",6035,"Savings Institution, Federally Chartered",,"United Financial Bancorp, Inc."
0001193125-14-045688,0001193125-14-045688,d664096ddefm14a.htm,DEFM14A,2014-02-11,0001186519,MEDISTEM INC.,2836,"Biological Products, (No Diagnostic Substances)",,MEDISTEM INC.
0001193125-14-055016,0001193125-14-055016,d655540ddefm14a.htm,DEFM14A,2014-02-14,0001011174,BRE PROPERTIES INC /MD/,6798,Real Estate Investment Trusts,,BRE PROPERTIES INC /MD/
0001193125-14-057394,0001193125-14-057394,d679400ddefm14a.htm,DEFM14A,2014-02-18,0000941138,UNS Energy Corp,4911,Electric Services,,UNS Energy Corp
0001193125-14-058774,0001193125-14-058774,d664263ddefm14a.htm,DEFM14A,2014-02-19,0000789073,BEAM INC,2080,Beverages,,Beam Suntory Inc.
0001193125-14-059806,0001193125-14-059806,d665774ddefm14a.htm,DEFM14A,2014-02-20,0000755003,MATERIAL SCIENCES CORP,3470,"Coating, Engraving & Allied Services",,MATERIAL SCIENCES CORP
0001193125-14-060589,0001193125-14-060589,d613615ddefm14a.htm,DEFM14A,2014-02-20,0001144945,"PVR PARTNERS, L. P.",4922,Natural Gas Transmission,,"PVR PARTNERS, L. P."
0001193125-14-065226,0001193125-14-065226,d680757ddefm14a.htm,DEFM14A,2014-02-24,0001091735,PACER INTERNATIONAL INC,4731,Arrangement of  Transportation of  Freight & Cargo,,PACER INTERNATIONAL INC
0001213900-14-001125,0001213900-14-001125,defm14a0214_patientsafety.htm,DEFM14A,2014-02-25,0000812301,"Patient Safety Technologies, Inc",3842,"Orthopedic, Prosthetic & Surgical Appliances & Supplies",,"Patient Safety Technologies, Inc"
0001193125-14-086266,0001193125-14-086266,d659731ddefm14a.htm,DEFM14A,2014-03-06,0000874016,JONES GROUP INC,2330,"Women's, Misses':  and Juniors Outerwear",,JONES GROUP INC
0001144204-14-014271,0001144204-14-014271,v370775_defm14a.htm,DEFM14A,2014-03-10,0001485933,Trunkbow International Holdings Ltd,7372,Services-Prepackaged Software,,Trunkbow International Holdings Ltd
0001193125-14-089738,0001193125-14-089738,d680690ddefm14a.htm,DEFM14A,2014-03-10,0000730000,SUPERTEX INC,3674,Semiconductors & Related Devices,,SUPERTEX INC
0001193125-14-092019,0001193125-14-092019,d649519ddefm14a.htm,DEFM14A,2014-03-11,0000703360,LSI CORP,3674,Semiconductors & Related Devices,,LSI CORP
0001193125-14-094262,0001193125-14-094262,d678021ddefm14a.htm,DEFM14A,2014-03-12,0001041577,ATMI INC,2810,Industrial Inorganic Chemicals,,ATMI INC
0001193125-14-100674,0001193125-14-100674,d641529ddefm14a.htm,DEFM14A,2014-03-17,0001058690,WASHINGTON BANKING CO,6022,State Commercial Banks,,WASHINGTON BANKING CO
0001174947-14-000090,0001174947-14-000090,t1400247-defm14a.htm,DEFM14A,2014-03-21,0000921768,BBX CAPITAL CORP,6500,Real Estate,,BBX CAPITAL CORP
0001437749-14-004923,0001437749-14-004923,lcav20140324_defm14a.htm,DEFM14A,2014-03-24,0001003130,LCA VISION INC,8093,"Services-Specialty Outpatient Facilities, NEC",,LCA VISION INC
0001047469-14-002920,0001047469-14-002920,a2219250zdefm14a.htm,DEFM14A,2014-03-25,0001386926,KKR Financial Holdings LLC,6199,Finance Services,,KKR Financial Holdings LLC
0001104659-14-023295,0001104659-14-023295,a14-2647_1defm14a.htm,DEFM14A,2014-03-27,0001352302,"GeoMet, Inc.",1311,Crude Petroleum & Natural Gas,,"GeoMet, Inc."
0001193125-14-125892,0001193125-14-125892,d640509ddefm14a.htm,DEFM14A,2014-04-01,0001519817,Hyde Park Acquisition Corp. II,6770,Blank Checks,,Hyde Park Acquisition Corp. II
0001047469-14-003361,0001047469-14-003361,a2219056zdefm14a.htm,DEFM14A,2014-04-03,0001005010,ARTHROCARE CORP,3845,Electromedical & Electrotherapeutic Apparatus,,ARTHROCARE CORP
0001193125-14-134689,0001193125-14-134689,d648215ddefm14a.htm,DEFM14A,2014-04-08,0000845289,"HARVEST NATURAL RESOURCES, INC.",1311,Crude Petroleum & Natural Gas,,"HARVEST NATURAL RESOURCES, INC."
0001193125-14-135580,0001193125-14-135580,d628652ddefm14a.htm,DEFM14A,2014-04-08,0000355766,Hallwood Group Inc,2221,"Broadwoven Fabric Mills, Man Made Fiber & Silk",,Hallwood Group Inc
0001144204-14-022195,0001144204-14-022195,v374524_defm14a.htm,DEFM14A,2014-04-11,0001413440,"Home Federal Bancorp, Inc.",6035,"Savings Institution, Federally Chartered",,"Home Federal Bancorp, Inc."
0001193125-14-144330,0001193125-14-144330,d654493ddefm14a.htm,DEFM14A,2014-04-15,0001029023,SYNTROLEUM CORP,1311,Crude Petroleum & Natural Gas,,"Sooner Holdings, Inc."
0001437749-14-006672,0001437749-14-006672,mrfd20140412_defm14a.htm,DEFM14A,2014-04-16,0000068145,MORGANS FOODS INC,5812,Retail-Eating  Places,,MORGANS FOODS INC
0001193125-14-150945,0001193125-14-150945,d691178ddefm14a.htm,DEFM14A,2014-04-21,0001343719,ENERGY XXI LTD,1382,Oil & Gas Field Exploration Services,,Energy XXI Ltd
0001193125-14-150946,0001193125-14-150946,d691178ddefm14a.htm,DEFM14A,2014-04-21,0000750199,"EPL OIL & GAS, INC.",1311,Crude Petroleum & Natural Gas,,"EPL OIL & GAS, INC."
0001193125-14-157063,0001193125-14-157063,d684618ddefm14a.htm,DEFM14A,2014-04-24,0000934538,TECHE HOLDING CO,6022,State Commercial Banks,,TECHE HOLDING CO
0001047469-14-004490,0001047469-14-004490,a2219716zdefm14a.htm,DEFM14A,2014-05-01,0000109156,ZALE CORP,5944,Retail-Jewelry Stores,,ZALE CORP
0001193125-14-174880,0001193125-14-174880,d715813ddefm14a.htm,DEFM14A,2014-05-01,0001271625,DFC GLOBAL CORP.,6099,"Functions Related To Depository Banking, NEC",,DFC GLOBAL CORP.
0001144204-14-027037,0001144204-14-027037,v376608_defm14a.htm,DEFM14A,2014-05-02,0000093631,FREDERICK'S OF HOLLYWOOD GROUP INC /NY/,2340,"Women's, Misses':  Children's & Infants' Undergarments",,FREDERICK'S OF HOLLYWOOD GROUP INC /NY/
0001193125-14-182901,0001193125-14-182901,d686059ddefm14a.htm,DEFM14A,2014-05-06,0000038074,FOREST LABORATORIES INC,2834,Pharmaceutical Preparations,,"Forest Laboratories, LLC"
0001193125-14-182915,0001193125-14-182915,d686059ddefm14a.htm,DEFM14A,2014-05-06,0001578845,Actavis plc,2834,Pharmaceutical Preparations,,Allergan plc
0001171520-14-000344,0001171520-14-000344,eps5636.htm,DEFM14A,2014-05-09,0001310157,FSP GALLERIA NORTH CORP,6798,Real Estate Investment Trusts,,FSP GALLERIA NORTH CORP
0001193125-14-197969,0001193125-14-197969,d727481ddefm14a.htm,DEFM14A,2014-05-14,0000006951,APPLIED MATERIALS INC /DE,3674,Semiconductors & Related Devices,AMAT,APPLIED MATERIALS INC /DE
0001193125-14-199276,0001193125-14-199276,d696966ddefm14a.htm,DEFM14A,2014-05-14,0001143921,"VANTAGESOUTH BANCSHARES, INC.",6022,State Commercial Banks,,"VANTAGESOUTH BANCSHARES, INC."
0001144204-14-030632,0001144204-14-030632,v378648_defm14a.htm,DEFM14A,2014-05-15,0001001871,INVESTORS CAPITAL HOLDINGS LTD,6211,"Security Brokers, Dealers & Flotation Companies",,INVESTORS CAPITAL HOLDINGS LTD
0001193125-14-206676,0001193125-14-206676,d722941ddefm14a.htm,DEFM14A,2014-05-20,0001561680,"TRI Pointe Homes, Inc.",1531,Operative Builders,,"Tri Pointe Homes, Inc."
0000930413-14-002607,0000930413-14-002607,c77503_defm14a.htm,DEFM14A,2014-05-21,0000730716,ZYGO CORP,3827,Optical Instruments & Lenses,,ZYGO CORP
0001193125-14-210045,0001193125-14-210045,d670867ddefm14a.htm,DEFM14A,2014-05-23,0000775345,UNITED BANCORP INC /MI/,6022,State Commercial Banks,,UNITED BANCORP INC /MI/
0000897101-14-000727,0000897101-14-000727,qumu141886_defm14a.htm,DEFM14A,2014-05-27,0000892482,Qumu Corp,7372,Services-Prepackaged Software,,Qumu Corp
0001193125-14-218922,0001193125-14-218922,d682927ddefm14a.htm,DEFM14A,2014-05-30,0000097472,TEXAS INDUSTRIES INC,3241,"Cement, Hydraulic",,TEXAS INDUSTRIES INC
0001193125-14-225775,0001193125-14-225775,d727381ddefm14a.htm,DEFM14A,2014-06-04,0001484478,"Furiex Pharmaceuticals, Inc.",2834,Pharmaceutical Preparations,,"Furiex Pharmaceuticals, Inc."
0001193125-14-227136,0001193125-14-227136,d679542ddefm14a.htm,DEFM14A,2014-06-05,0001001604,EMERITUS CORP\WA\,8050,Services-Nursing & Personal Care Facilities,,EMERITUS CORP\WA\
0001193125-14-227155,0001193125-14-227155,d715349ddefm14a.htm,DEFM14A,2014-06-05,0001205727,"CBEYOND, INC.",4813,Telephone Communications (No Radiotelephone),,"CBEYOND, INC."
0001193125-14-232637,0001193125-14-232637,d740143ddefm14a.htm,DEFM14A,2014-06-11,0001492832,EQUAL ENERGY LTD.,1311,Crude Petroleum & Natural Gas,,EQUAL ENERGY LTD.
0001193125-14-237288,0001193125-14-237288,d694757ddefm14a.htm,DEFM14A,2014-06-16,0001054579,HASTINGS ENTERTAINMENT INC,5735,Retail-Record & Prerecorded Tape Stores,,HASTINGS ENTERTAINMENT INC
0001193125-14-237874,0001193125-14-237874,d693429ddefm14a.htm,DEFM14A,2014-06-16,0001579252,Quinpario Acquisition Corp.,3990,Miscellaneous Manufacturing Industries,,"Jason Industries, Inc."
0001047469-14-005682,0001047469-14-005682,a2220526zdefm14a.htm,DEFM14A,2014-06-18,0000834162,MTR GAMING GROUP INC,7011,Hotels & Motels,,MTR GAMING GROUP INC
0001193125-14-241680,0001193125-14-241680,d711492ddefm14a.htm,DEFM14A,2014-06-19,0000086144,SAFEWAY INC,5411,Retail-Grocery Stores,,SAFEWAY INC
0001445866-14-000792,0001445866-14-000792,defm14a06162014.htm,DEFM14A,2014-06-19,0001302177,"POKERTEK, INC.",3990,Miscellaneous Manufacturing Industries,,"POKERTEK, INC."
0001193805-14-001321,0001193805-14-001321,e612452_defm14a-winthrop.htm,DEFM14A,2014-06-26,0000037008,Winthrop Realty Trust,6798,Real Estate Investment Trusts,,Winthrop Realty Liquidating Trust
0001193125-14-253932,0001193125-14-253932,d744165ddefm14a.htm,DEFM14A,2014-06-30,0000353191,NORTH VALLEY BANCORP,6022,State Commercial Banks,,NORTH VALLEY BANCORP
0001437749-14-012014,0001437749-14-012014,plcc20140626_defm14a.htm,DEFM14A,2014-06-30,0000704159,PAULSON CAPITAL CORP.,2836,"Biological Products, (No Diagnostic Substances)",,VBI VACCINES INC.
0001571049-14-002799,0001571049-14-002799,t1401245_def14a.htm,DEFM14A,2014-07-01,0000044689,GYRODYNE CO OF AMERICA INC,6512,Opeators of  Nonresidential Buildings,,GYRODYNE CO OF AMERICA INC
0001019687-14-002631,0001019687-14-002631,appliednano_defm14a.htm,DEFM14A,2014-07-03,0000891417,"Applied Nanotech Holdings, Inc",3470,"Coating, Engraving & Allied Services",,Nano Magic Inc.
0001144204-14-041510,0001144204-14-041510,v383255_defm14a.htm,DEFM14A,2014-07-03,0001326364,"Sino Gas International Holdings, Inc.",4922,Natural Gas Transmission,,"Sino Gas International Holdings, Inc."
0001193125-14-259528,0001193125-14-259528,d677471ddefm14a.htm,DEFM14A,2014-07-03,0001289592,"Tower Group International, Ltd.",6331,"Fire, Marine & Casualty Insurance",,"Tower Group International, Ltd."
0001571049-14-002861,0001571049-14-002861,t1401093-defm14a.htm,DEFM14A,2014-07-03,0001001907,ASTROTECH Corp \WA\,3826,Laboratory Analytical Instruments,ASTC,ASTROTECH Corp
0001193125-14-262020,0001193125-14-262020,d745146ddefm14a.htm,DEFM14A,2014-07-07,0001510326,Digital Cinema Destinations Corp.,7830,Services-Motion Picture Theaters,,Digital Cinema Destinations Corp.
0001019687-14-002678,0001019687-14-002678,mediabistro_defm14a.htm,DEFM14A,2014-07-08,0001083712,MEDIABISTRO INC.,7389,"Services-Business Services, NEC",,Mecklermedia Corp
0001193125-14-266719,0001193125-14-266719,d708020ddefm14a.htm,DEFM14A,2014-07-14,0000891288,QUESTCOR PHARMACEUTICALS INC,2834,Pharmaceutical Preparations,,QUESTCOR PHARMACEUTICALS INC
0001019056-14-000922,0001019056-14-000922,mktg_defm14a.htm,DEFM14A,2014-07-16,0000886475,"'mktg, inc.'",7310,Services-Advertising,,"'mktg, inc.'"
0001144204-14-044781,0001144204-14-044781,v384567_defm14a.htm,DEFM14A,2014-07-24,0000778734,Measurement Specialties Inc,3829,"Measuring & Controlling Devices, NEC",,Measurement Specialties Inc
0001437749-14-013268,0001437749-14-013268,meg20140724_defm14a.htm,DEFM14A,2014-07-24,0000216539,MEDIA GENERAL INC,4833,Television Broadcasting Stations,,MEDIA GENERAL INC
0001437749-14-013280,0001437749-14-013280,lin20140724_defm14a.htm,DEFM14A,2014-07-24,0001575571,LIN Media LLC,4833,Television Broadcasting Stations,,LIN Media LLC
0001193125-14-284178,0001193125-14-284178,d759973ddefm14a.htm,DEFM14A,2014-07-29,0001415277,"1st United Bancorp, Inc.",6022,State Commercial Banks,,"1st United Bancorp, Inc."
0001193125-14-287043,0001193125-14-287043,d766832ddefm14a.htm,DEFM14A,2014-07-30,0001361709,Susser Holdings CORP,5412,Retail-Convenience Stores,,Susser Holdings CORP
0001171520-14-000533,0001171520-14-000533,eps5783.htm,DEFM14A,2014-07-31,0001379075,FSP 50 South Tenth Street Corp,6798,Real Estate Investment Trusts,,FSP 50 South Tenth Street Corp
0001193125-14-291697,0001193125-14-291697,d722357ddefm14a.htm,DEFM14A,2014-08-01,0000749872,BARRY R G CORP /OH/,3140,"Footwear, (No Rubber)",,BARRY R G CORP /OH/
0001144204-14-047229,0001144204-14-047229,v385850_defm14a.htm,DEFM14A,2014-08-06,0000101063,CHIQUITA BRANDS INTERNATIONAL INC,0100,Agricultural Production-Crops,,CHIQUITA BRANDS INTERNATIONAL INC
0001571049-14-003776,0001571049-14-003776,t1401506-defm14a.htm,DEFM14A,2014-08-07,0000922717,CHINDEX INTERNATIONAL INC,5047,"Wholesale-Medical, Dental & Hospital Equipment & Supplies",,CHINDEX INTERNATIONAL INC
0001047469-14-006805,0001047469-14-006805,a2221078zdefm14a.htm,DEFM14A,2014-08-08,0001487990,AEROFLEX HOLDING CORP.,3674,Semiconductors & Related Devices,,AEROFLEX HOLDING CORP.
0001193125-14-301364,0001193125-14-301364,d729928ddefm14a.htm,DEFM14A,2014-08-08,0001492426,"HORIZON PHARMA, INC.",2834,Pharmaceutical Preparations,,Horizon Therapeutics Public Ltd Co
0001437749-14-014927,0001437749-14-014927,plcsf20140809_defm14a.htm,DEFM14A,2014-08-11,0000879682,PLC SYSTEMS INC,3845,Electromedical & Electrotherapeutic Apparatus,,"VIVEVE MEDICAL, INC."
0001571049-14-003924,0001571049-14-003924,t1401350-defm14a.htm,DEFM14A,2014-08-12,0001135971,PEPCO HOLDINGS INC,4931,Electric & Other Services Combined,,PEPCO HOLDINGS LLC
0001144204-14-049033,0001144204-14-049033,v386565_defm14a.htm,DEFM14A,2014-08-13,0001581889,Quartet Merger Corp.,4400,Water Transportation,,Quartet Merger Corp.
0001193125-14-315989,0001193125-14-315989,d775092ddefm14a.htm,DEFM14A,2014-08-21,0001465112,DIRECTV,4899,"Communications Services, NEC",,DIRECTV
0001047469-14-007156,0001047469-14-007156,a2221215zdefm14a.htm,DEFM14A,2014-08-22,0001557255,Silver Bay Realty Trust Corp.,6798,Real Estate Investment Trusts,,Silver Bay Realty Trust Corp.
0001047469-14-007192,0001047469-14-007192,a2221231zdefm14a.htm,DEFM14A,2014-08-25,0000355429,PROTECTIVE LIFE CORP,6311,Life Insurance,,PROTECTIVE LIFE CORP
0001171843-14-004071,0001171843-14-004071,defm14a_082514.htm,DEFM14A,2014-08-25,0000748270,MEDICAL ACTION INDUSTRIES INC,3842,"Orthopedic, Prosthetic & Surgical Appliances & Supplies",,MEDICAL ACTION INDUSTRIES INC
0001193125-14-319196,0001193125-14-319196,d732133ddefm14a.htm,DEFM14A,2014-08-25,0001493182,"SP Bancorp, Inc.",6035,"Savings Institution, Federally Chartered",,"SP Bancorp, Inc."
0001047469-14-007225,0001047469-14-007225,a2221252zdefm14a.htm,DEFM14A,2014-08-27,0000766561,Enventis Corp,4813,Telephone Communications (No Radiotelephone),,Enventis Corp
0001047469-14-007414,0001047469-14-007414,a2221338zdefm14a.htm,DEFM14A,2014-09-05,0001470795,"OmniAmerican Bancorp, Inc.",6035,"Savings Institution, Federally Chartered",,"OmniAmerican Bancorp, Inc."
0001193125-14-333541,0001193125-14-333541,d784081ddefm14a.htm,DEFM14A,2014-09-05,0001377013,TIME WARNER CABLE INC.,4841,Cable & Other Pay Television Services,,"SPECTRUM MANAGEMENT HOLDING COMPANY, LLC"
0001193125-14-340941,0001193125-14-340941,d780403ddefm14a.htm,DEFM14A,2014-09-15,0001493491,Heritage Financial Group Inc,6035,"Savings Institution, Federally Chartered",,Heritage Financial Group Inc
0001193125-14-340941,0001193125-15-165980,d862107ddefm14a.htm,DEFM14A,2015-05-01,0001493491,Heritage Financial Group Inc,6035,"Savings Institution, Federally Chartered",,Heritage Financial Group Inc
0001047469-14-007703,0001047469-14-007703,a2221475zdefm14a.htm,DEFM14A,2014-09-17,0000102379,URS CORP /NEW/,8711,Services-Engineering Services,,URS CORP /NEW/
0001144204-14-056694,0001144204-14-056694,v389320_defm14a.htm,DEFM14A,2014-09-18,0001373670,BioFuel Energy Corp.,1531,Operative Builders,"GRBK,GRBK-PA","Green Brick Partners, Inc."
0001193125-14-349097,0001193125-14-349097,d778152ddefm14a.htm,DEFM14A,2014-09-23,0001284506,INTERMOUNTAIN COMMUNITY BANCORP,6035,"Savings Institution, Federally Chartered",,INTERMOUNTAIN COMMUNITY BANCORP
0001047469-14-007908,0001047469-14-007908,a2221592zdefm14a.htm,DEFM14A,2014-09-26,0001057758,tw telecom inc.,4813,Telephone Communications (No Radiotelephone),,tw telecom inc.
0001193125-14-357121,0001193125-14-357121,d787679ddefm14a.htm,DEFM14A,2014-09-29,0000854398,XRS Corp,3571,Electronic Computers,,XRS Corp
0001193125-14-359171,0001193125-14-359171,d766338ddefm14a.htm,DEFM14A,2014-09-30,0001402366,"LVB Acquisition, Inc.",3842,"Orthopedic, Prosthetic & Surgical Appliances & Supplies",,"LVB Acquisition, Inc."
0001193125-14-360592,0001193125-14-360592,d777584ddefm14a.htm,DEFM14A,2014-10-01,0001315695,"Rockwood Holdings, Inc.",2800,Chemicals & Allied Products,,"Rockwood Holdings, Inc."
0001193125-14-361759,0001193125-14-361759,d714199ddefm14a.htm,DEFM14A,2014-10-02,0001094019,"NEWTEK BUSINESS SERVICES, INC.",7389,"Services-Business Services, NEC",,"NEWTEK BUSINESS SERVICES, INC."
0001047469-14-008137,0001047469-14-008137,a2221641zdefm14a.htm,DEFM14A,2014-10-07,0000316793,INTERNATIONAL RECTIFIER CORP /DE/,3674,Semiconductors & Related Devices,,INTERNATIONAL RECTIFIER CORP /DE/
0001144204-14-059978,0001144204-14-059978,v390812_defm14a.htm,DEFM14A,2014-10-07,0000354655,BOLT TECHNOLOGY CORP,3533,Oil & Gas Field Machinery & Equipment,,"Teledyne Bolt, Inc."
0001047469-14-008155,0001047469-14-008155,a2221548zdefm14a.htm,DEFM14A,2014-10-08,0001473597,"STR HOLDINGS, INC.",3081,Unsupported Plastics Film & Sheet,,"STR HOLDINGS, INC."
0001437749-14-018151,0001437749-14-018151,amco20141007_defm14a.htm,DEFM14A,2014-10-08,0001410711,"Armco Metals Holdings, Inc.",5050,Wholesale-Metals & Minerals (No Petroleum),,"Armco Metals Holdings, Inc."
0001047469-14-008293,0001047469-14-008293,a2221708zdefm14a.htm,DEFM14A,2014-10-14,0000916863,"INTEGRYS ENERGY GROUP, INC.",4931,Electric & Other Services Combined,,"INTEGRYS HOLDING, INC."
0001193125-14-371101,0001193125-14-371101,d739770ddefm14a.htm,DEFM14A,2014-10-14,0001051470,CROWN CASTLE INTERNATIONAL CORP,6798,Real Estate Investment Trusts,CCI,CROWN CASTLE INC.
0001193125-14-371106,0001193125-14-371106,d797082ddefm14a.htm,DEFM14A,2014-10-14,0001066026,CONCUR TECHNOLOGIES INC,7372,Services-Prepackaged Software,,CONCUR TECHNOLOGIES INC
0001193125-14-371171,0001193125-14-371171,d801222ddefm14a.htm,DEFM14A,2014-10-14,0000878520,SWS GROUP INC,6211,"Security Brokers, Dealers & Flotation Companies",,Hilltop Securities Holdings LLC
0000880177-14-000142,0000880177-14-000142,proxy-defm14a.htm,DEFM14A,2014-10-16,0000880177,PEREGRINE SEMICONDUCTOR CORP,3674,Semiconductors & Related Devices,,PEREGRINE SEMICONDUCTOR CORP
0001193125-14-374632,0001193125-14-374632,d748714ddefm14a.htm,DEFM14A,2014-10-17,0001090425,LAMAR ADVERTISING CO/NEW,6798,Real Estate Investment Trusts,LAMR,LAMAR ADVERTISING CO/NEW
0001193125-14-375161,0001193125-14-375161,d806637ddefm14a.htm,DEFM14A,2014-10-17,0001502012,"QR Energy, LP",1311,Crude Petroleum & Natural Gas,,"QR Energy, LP"
0001047469-14-008374,0001047469-14-008374,a2221797zdefm14a.htm,DEFM14A,2014-10-20,0000002491,"BALLY TECHNOLOGIES, INC.",7372,Services-Prepackaged Software,,"BALLY TECHNOLOGIES, INC."
0001047469-14-008388,0001047469-14-008388,a2221828zdefm14a.htm,DEFM14A,2014-10-20,0001267097,TRW AUTOMOTIVE HOLDINGS CORP,3714,Motor Vehicle Parts & Accessories,,ZF TRW AUTOMOTIVE HOLDINGS CORP
0001144204-14-061789,0001144204-14-061789,v391648_defm14a.htm,DEFM14A,2014-10-20,0001168197,LIPOSCIENCE INC,2835,In Vitro & In Vivo Diagnostic Substances,,LIPOSCIENCE INC
0001193125-14-375551,0001193125-14-375551,d798773ddefm14a.htm,DEFM14A,2014-10-20,0000038079,FOREST OIL CORP,1311,Crude Petroleum & Natural Gas,,SABINE OIL & GAS CORP
0001047469-14-008420,0001047469-14-008420,a2221794zdefm14a.htm,DEFM14A,2014-10-21,0001063665,CORGENIX MEDICAL CORP/CO,2835,In Vitro & In Vivo Diagnostic Substances,,CORGENIX MEDICAL CORP/CO
0001047469-14-008440,0001047469-14-008440,a2221849zdefm14a.htm,DEFM14A,2014-10-22,0000896400,"MULTIMEDIA GAMES HOLDING COMPANY, INC.",7900,Services-Amusement & Recreation Services,,EVERI GAMES HOLDING INC.
0001047469-14-008474,0001047469-14-008474,a2221839zdefm14a.htm,DEFM14A,2014-10-22,0000888228,KINDER MORGAN ENERGY PARTNERS L P,4922,Natural Gas Transmission,,KINDER MORGAN ENERGY PARTNERS L P
0001047469-14-008476,0001047469-14-008476,a2221841zdefm14a.htm,DEFM14A,2014-10-22,0001135017,KINDER MORGAN MANAGEMENT LLC,4610,Pipe Lines (No Natural Gas),,KINDER MORGAN MANAGEMENT LLC
0001047469-14-008477,0001047469-14-008477,a2221842zdefm14a.htm,DEFM14A,2014-10-22,0001410838,"El Paso Pipeline Partners, L.P.",4922,Natural Gas Transmission,,"El Paso Pipeline Partners, L.P."
0001047469-14-008478,0001047469-14-008478,a2221876zdefm14a.htm,DEFM14A,2014-10-22,0000808326,EMCORE CORP,3674,Semiconductors & Related Devices,,EMCORE CORP
0001193125-14-378287,0001193125-14-378287,d778842ddefm14a.htm,DEFM14A,2014-10-22,0001485964,"Peoples Federal Bancshares, Inc.",6036,"Savings Institutions, Not Federally Chartered",,"Peoples Federal Bancshares, Inc."
0001193125-14-378790,0001193125-14-378790,d799126ddefm14a.htm,DEFM14A,2014-10-22,0001316656,Dresser-Rand Group Inc.,3510,Engines & Turbines,,Dresser-Rand Group Inc.
0001193125-14-381488,0001193125-14-381488,d805157ddefm14a.htm,DEFM14A,2014-10-24,0001505823,Franklin Financial Corp,6035,"Savings Institution, Federally Chartered",,Franklin Financial Corp
0001213900-14-007493,0001213900-14-007493,defm14a1014_bluephoenix.htm,DEFM14A,2014-10-24,0001029581,BLUEPHOENIX SOLUTIONS LTD,7371,Services-Computer Programming Services,,Modsys International Ltd
0001047469-14-008626,0001047469-14-008626,a2221955zdefm14a.htm,DEFM14A,2014-10-28,0000034408,FAMILY DOLLAR STORES INC,5331,Retail-Variety Stores,,FAMILY DOLLAR STORES INC
0001193125-14-385811,0001193125-14-385811,d771136ddefm14a.htm,DEFM14A,2014-10-29,0001322866,Kodiak Oil & Gas Corp,1382,Oil & Gas Field Exploration Services,,Whiting Canadian Holding Co ULC
0001193125-14-385866,0001193125-14-385866,d767184ddefm14a.htm,DEFM14A,2014-10-29,0001255474,WHITING PETROLEUM CORP,1311,Crude Petroleum & Natural Gas,,Whiting Holdings LLC
0001193125-14-385947,0001193125-14-385947,d802367ddefm14a.htm,DEFM14A,2014-10-29,0001085280,TIBCO SOFTWARE INC,7372,Services-Prepackaged Software,,TIBCO SOFTWARE INC
0001455271-14-000076,0001455271-14-000076,hcr2defm14a.htm,DEFM14A,2014-10-29,0001455271,"Griffin-American Healthcare REIT II, Inc.",6798,Real Estate Investment Trusts,,"Griffin-American Healthcare REIT II, Inc."
0001047469-14-008726,0001047469-14-008726,a2221901zdefm14a.htm,DEFM14A,2014-10-31,0001372375,Millennial Media Inc.,7311,Services-Advertising Agencies,,Millennial Media Inc.
0001437749-14-019206,0001437749-14-019206,gecr20141029b_defm14a.htm,DEFM14A,2014-10-31,0001044082,"Georgia-Carolina Bancshares, Inc",6022,State Commercial Banks,,"Georgia-Carolina Bancshares, Inc"
0001047469-14-008737,0001047469-14-008737,a2221981zdefm14a.htm,DEFM14A,2014-11-03,0001575360,"FTD Companies, Inc.",5960,Retail-Nonstore Retailers,,"GUE Liquidation Companies, Inc."
0001193125-14-392852,0001193125-14-392852,d804765ddefm14a.htm,DEFM14A,2014-11-03,0000090185,SIGMA ALDRICH CORP,5160,Wholesale-Chemicals & Allied Products,,SIGMA ALDRICH CORP
0001193125-14-393329,0001193125-14-393329,d813572ddefm14a.htm,DEFM14A,2014-11-03,0001094742,MAINSTREET BANKSHARES INC,6021,National Commercial Banks,,MAINSTREET BANKSHARES INC
0001437749-14-019378,0001437749-14-019378,jmp20141103_defm14a.htm,DEFM14A,2014-11-03,0001383803,JMP Group Inc.,6211,"Security Brokers, Dealers & Flotation Companies",,JMP Group Inc.
0001144204-14-065042,0001144204-14-065042,v393088_defm14a.htm,DEFM14A,2014-11-04,0001292055,Symmetry Medical Inc.,3842,"Orthopedic, Prosthetic & Surgical Appliances & Supplies",,Symmetry Medical Inc.
0001193125-14-396215,0001193125-14-396215,d794072ddefm14a.htm,DEFM14A,2014-11-04,0000859014,COMPUWARE CORP,7372,Services-Prepackaged Software,,COMPUWARE CORP
0001193125-14-396532,0001193125-14-396532,d788074ddefm14a.htm,DEFM14A,2014-11-04,0001080034,"CONVERSANT, INC.",7311,Services-Advertising Agencies,,"CONVERSANT, INC."
0001193125-14-403710,0001193125-14-403710,d808432ddefm14a.htm,DEFM14A,2014-11-10,0001101169,VIASYSTEMS GROUP INC,3672,Printed Circuit Boards,,VIASYSTEMS GROUP INC
0001354488-14-005547,0001354488-14-005547,este_defm14a.htm,DEFM14A,2014-11-10,0000010254,EARTHSTONE ENERGY INC,1311,Crude Petroleum & Natural Gas,,EARTHSTONE ENERGY INC
0001193125-14-415556,0001193125-14-415556,d778624ddefm14a.htm,DEFM14A,2014-11-18,0001334814,ZILLOW INC,7389,"Services-Business Services, NEC",,ZILLOW INC
0001193125-14-415642,0001193125-14-415642,d778624ddefm14a.htm,DEFM14A,2014-11-18,0001349454,"TRULIA, INC.",7374,Services-Computer Processing & Data Preparation,,"TRULIA, INC."
0001193125-14-416527,0001193125-14-416527,d767947ddefm14a.htm,DEFM14A,2014-11-18,0001317577,Pike Corp,1731,Electrical Work,,Pike Corp
0001193125-14-420373,0001193125-14-420373,d741931ddefm14a.htm,DEFM14A,2014-11-21,0000064670,MEDTRONIC INC,3845,Electromedical & Electrotherapeutic Apparatus,,MEDTRONIC INC
0001193125-14-420375,0001193125-14-420375,d824830ddefm14a.htm,DEFM14A,2014-11-21,0001385187,Covidien plc,3841,Surgical & Medical Instruments & Apparatus,,Covidien plc
0001193125-14-423359,0001193125-14-423359,d810278ddefm14a.htm,DEFM14A,2014-11-24,0000104207,WALGREEN CO,5912,Retail-Drug Stores and Proprietary Stores,,WALGREEN CO
0001046859-14-000131,0001046859-14-000131,defm14anewremyholdcocorpfo.htm,DEFM14A,2014-12-02,0001046859,"REMY INTERNATIONAL, INC.",3714,Motor Vehicle Parts & Accessories,,"REMY INTERNATIONAL, INC."
0001046859-14-000131,0001047469-15-006882,a2225738zdefm14a.htm,DEFM14A,2015-08-18,0001046859,"REMY INTERNATIONAL, INC.",3714,Motor Vehicle Parts & Accessories,,"REMY INTERNATIONAL, INC."
0001047469-14-009639,0001047469-14-009639,a2222362zdefm14a.htm,DEFM14A,2014-12-02,0000912898,GLIMCHER REALTY TRUST,6798,Real Estate Investment Trusts,,GLIMCHER REALTY TRUST
0001193125-14-433241,0001193125-14-433241,d832563ddefm14a.htm,DEFM14A,2014-12-04,0000934547,BANK OF KENTUCKY FINANCIAL CORP,6035,"Savings Institution, Federally Chartered",,BANK OF KENTUCKY FINANCIAL CORP
0001193125-14-436400,0001193125-14-436400,d794242ddefm14a.htm,DEFM14A,2014-12-08,0000927807,INTERVEST BANCSHARES CORP,6021,National Commercial Banks,,INTERVEST BANCSHARES CORP
0001047469-14-009912,0001047469-14-009912,a2222530zdefm14a.htm,DEFM14A,2014-12-15,0001499875,AMERICAN REALTY CAPITAL HEALTHCARE TRUST INC,6798,Real Estate Investment Trusts,,AMERICAN REALTY CAPITAL HEALTHCARE TRUST INC
0001193125-14-442030,0001193125-14-442030,d837279ddefm14a.htm,DEFM14A,2014-12-15,0000872835,ESB FINANCIAL CORP,6035,"Savings Institution, Federally Chartered",,ESB FINANCIAL CORP
0001047469-14-009968,0001047469-14-009968,a2222552zdefm14a.htm,DEFM14A,2014-12-17,0000820736,ORBITAL SCIENCES CORP /DE/,3663,Radio & Tv Broadcasting & Communications Equipment,,ORBITAL SCIENCES CORP /DE/
0001193125-14-447133,0001193125-14-447133,d822362ddefm14a.htm,DEFM14A,2014-12-19,0001096142,GENTIVA HEALTH SERVICES INC,8082,Services-Home Health Care Services,,GENTIVA HEALTH SERVICES INC
0001193125-14-448377,0001193125-14-448377,d807051ddefm14a.htm,DEFM14A,2014-12-19,0001457543,CAREFUSION Corp,3841,Surgical & Medical Instruments & Apparatus,,CAREFUSION Corp
0001193125-14-449963,0001193125-14-449963,d805736ddefm14a.htm,DEFM14A,2014-12-22,0001424847,"LORILLARD, INC.",2111,Cigarettes,,"LORILLARD, LLC"
0001193125-14-450050,0001193125-14-450050,d812375ddefm14a.htm,DEFM14A,2014-12-22,0000311471,APCO OIL & GAS INTERNATIONAL INC,1311,Crude Petroleum & Natural Gas,,APCO OIL & GAS INTERNATIONAL INC
0001193125-14-450765,0001193125-14-450765,d826146ddefm14a.htm,DEFM14A,2014-12-22,0001397807,"AmREIT, Inc.",6798,Real Estate Investment Trusts,,"AmREIT, Inc."
0001047469-14-010089,0001047469-14-010089,a2222581zdefm14a.htm,DEFM14A,2014-12-23,0001490626,"COLE CORPORATE INCOME TRUST, INC.",6798,Real Estate Investment Trusts,,SC Merger Sub LLC
0001140361-14-046348,0001140361-14-046348,formdefm14a.htm,DEFM14A,2014-12-23,0000914398,ELECSYS CORP,3679,"Electronic Components, NEC",,ELECSYS CORP
0001193125-14-451490,0001193125-14-451490,d808649ddefm14a.htm,DEFM14A,2014-12-23,0000720500,AMTECH SYSTEMS INC,3559,"Special Industry Machinery, NEC",ASYS,AMTECH SYSTEMS INC
0001193125-14-451496,0001193125-14-451496,d841783ddefm14a.htm,DEFM14A,2014-12-23,0000840883,BTU INTERNATIONAL INC,3559,"Special Industry Machinery, NEC",,BTU INTERNATIONAL INC
0001193125-14-453275,0001193125-14-453275,d817818ddefm14a.htm,DEFM14A,2014-12-24,0001182129,AUXILIUM PHARMACEUTICALS INC,2834,Pharmaceutical Preparations,,AUXILIUM PHARMACEUTICALS INC
0001193125-14-453471,0001193125-14-453471,d813963ddefm14a.htm,DEFM14A,2014-12-24,0000069499,MYLAN INC.,2834,Pharmaceutical Preparations,,MYLAN INC.
0001193125-14-455030,0001193125-14-455030,d834783ddefm14a.htm,DEFM14A,2014-12-29,0000739608,PENFORD CORP,2040,Grain Mill Products,,PENFORD CORP
0001047469-15-000016,0001047469-15-000016,a2222628zdefm14a.htm,DEFM14A,2015-01-05,0000353944,INTERNATIONAL GAME TECHNOLOGY,3990,Miscellaneous Manufacturing Industries,,INTERNATIONAL GAME TECHNOLOGY
0001193125-15-002991,0001193125-15-002991,d808657ddefm14a.htm,DEFM14A,2015-01-06,0001412109,"Simplicity Bancorp, Inc.",6035,"Savings Institution, Federally Chartered",,"Simplicity Bancorp, Inc."
0001193125-15-002992,0001193125-15-002992,d808657ddefm14a.htm,DEFM14A,2015-01-06,0001518715,"HomeStreet, Inc.",6022,State Commercial Banks,MCHB,Mechanics Bancorp
0001047469-15-000109,0001047469-15-000109,a2222665zdefm14a.htm,DEFM14A,2015-01-08,0001062530,DIGITAL RIVER INC /DE,5045,Wholesale-Computers & Peripheral Equipment & Software,,DIGITAL RIVER INC /DE
0001193125-15-006217,0001193125-15-006217,d824142ddefm14a.htm,DEFM14A,2015-01-09,0001516007,"Oiltanking Partners, L.P.",4610,Pipe Lines (No Natural Gas),,"Oiltanking Partners, L.P."
0001193125-15-008995,0001193125-15-008995,d845909ddefm14a.htm,DEFM14A,2015-01-13,0001350072,"CMS Bancorp, Inc.",6036,"Savings Institutions, Not Federally Chartered",,"CMS Bancorp, Inc."
0001193125-15-009682,0001193125-15-009682,d819938ddefm14a.htm,DEFM14A,2015-01-14,0001089819,CLECO CORP,4911,Electric Services,,Cleco Corporate Holdings LLC
0001144204-15-002477,0001144204-15-002477,v398719_defm14a.htm,DEFM14A,2015-01-16,0001562214,HF2 FINANCIAL MANAGEMENT INC.,6282,Investment Advice,,"ZAIS Group Holdings, Inc."
0001193125-15-013241,0001193125-15-013241,d853580ddefm14a.htm,DEFM14A,2015-01-16,0001023131,COVANCE INC,8731,Services-Commercial Physical & Biological Research,,COVANCE INC
0001193125-15-014144,0001193125-15-014144,d841384ddefm14a.htm,DEFM14A,2015-01-20,0001482512,"Hudson Pacific Properties, Inc.",6500,Real Estate,"HPP,HPP-PC","Hudson Pacific Properties, Inc."
0001193125-15-014961,0001193125-15-014961,d845718ddefm14a.htm,DEFM14A,2015-01-20,0001357326,"Riverbed Technology, Inc.",3576,Computer Communications Equipment,,"Riverbed Technology, Inc."
0001193125-15-015053,0001193125-15-015053,d786391ddefm14a.htm,DEFM14A,2015-01-20,0001589526,Hennessy Capital Acquisition Corp.,3713,Truck & Bus Bodies,BLBD,Blue Bird Corp
0001571049-15-000315,0001571049-15-000315,t1500104-x2_def14a.htm,DEFM14A,2015-01-21,0001504937,"VAPORIN, INC.",5812,Retail-Eating  Places,,"VAPORIN, INC."
0001193125-15-016486,0001193125-15-016486,d855876ddefm14a.htm,DEFM14A,2015-01-22,0000700863,SUSQUEHANNA BANCSHARES INC,6021,National Commercial Banks,,SUSQUEHANNA BANCSHARES INC
0001193125-15-017164,0001193125-15-017164,d855192ddefm14a.htm,DEFM14A,2015-01-22,0001092914,ATLAS PIPELINE PARTNERS LP,4922,Natural Gas Transmission,,Targa Pipeline Partners LP
0001193125-15-017176,0001193125-15-017176,d855186ddefm14a.htm,DEFM14A,2015-01-22,0001389170,Targa Resources Corp.,4922,Natural Gas Transmission,TRGP,Targa Resources Corp.
0001193125-15-017183,0001193125-15-017183,d855186ddefm14a.htm,DEFM14A,2015-01-22,0001347218,"Atlas Energy, L.P.",4922,Natural Gas Transmission,,Targa Energy LP
0001213900-15-000516,0001213900-15-000516,defm14a0115_kitaramedia.htm,DEFM14A,2015-01-23,0001350773,KITARA MEDIA CORP.,7374,Services-Computer Processing & Data Preparation,,KITARA MEDIA CORP.
0001193125-15-021005,0001193125-15-021005,d838083ddefm14a.htm,DEFM14A,2015-01-27,0000850693,ALLERGAN INC,2834,Pharmaceutical Preparations,,ALLERGAN INC
0001193125-15-023592,0001193125-15-023592,d824406ddefm14a.htm,DEFM14A,2015-01-28,0001302707,"Horizon Lines, Inc.",4400,Water Transportation,,"Horizon Lines, Inc."
0001193125-15-025716,0001193125-15-025716,d837877ddefm14a.htm,DEFM14A,2015-01-29,0001171500,PLATINUM UNDERWRITERS HOLDINGS LTD,6331,"Fire, Marine & Casualty Insurance",,PLATINUM UNDERWRITERS HOLDINGS LTD
0001193125-15-027059,0001193125-15-027059,d784708ddefm14a.htm,DEFM14A,2015-01-30,0000908837,NB&T FINANCIAL GROUP INC,6029,"Commercial Banks, NEC",,NB&T FINANCIAL GROUP INC
0001047469-15-000545,0001047469-15-000545,a2222912zdefm14a.htm,DEFM14A,2015-02-02,0001375320,"Hampden Bancorp, Inc.",6036,"Savings Institutions, Not Federally Chartered",,"Hampden Bancorp, Inc."
0001571049-15-000695,0001571049-15-000695,t1500073-defm14a.htm,DEFM14A,2015-02-02,0000863157,PETSMART INC,5990,"Retail-Retail Stores, NEC",,PETSMART INC
0001193125-15-033648,0001193125-15-033648,d860580ddefm14a.htm,DEFM14A,2015-02-04,0001447028,TEKMIRA PHARMACEUTICALS Corp,2834,Pharmaceutical Preparations,ABUS,Arbutus Biopharma Corp
0001193125-15-033967,0001193125-15-033967,d850115ddefm14a.htm,DEFM14A,2015-02-05,0000915862,PANTRY INC,5500,Retail-Auto Dealers & Gasoline Stations,,PANTRY INC
0000832428-15-000023,0000832428-15-000023,sspdefm14a.htm,DEFM14A,2015-02-06,0000832428,SCRIPPS E W CO /DE,4833,Television Broadcasting Stations,SSP,E.W. SCRIPPS Co
0001232241-15-000005,0001232241-15-000005,jrndefm14a.htm,DEFM14A,2015-02-06,0001232241,JOURNAL COMMUNICATIONS INC,4833,Television Broadcasting Stations,,JOURNAL COMMUNICATIONS INC
0001437749-15-002033,0001437749-15-002033,chyr20150206_defm14a.htm,DEFM14A,2015-02-06,0000020232,ChyronHego Corp,7330,"Services-Mailing, Reproduction, Commercial Art & Photography",,ChyronHego Corp
0001193125-15-038933,0001193125-15-038933,d808123ddefm14a.htm,DEFM14A,2015-02-09,0000815065,STERIS CORP,3842,"Orthopedic, Prosthetic & Surgical Appliances & Supplies",,STERIS CORP
0001193125-15-040944,0001193125-15-040944,d867220ddefm14a.htm,DEFM14A,2015-02-10,0001322705,Spansion Inc.,3674,Semiconductors & Related Devices,,Spansion Inc.
0001213900-15-000843,0001213900-15-000843,defm14a.htm,DEFM14A,2015-02-10,0000845385,REGAL ONE Corp,3564,,PIAC,PRINCETON CAPITAL CORP
0001047469-15-000822,0001047469-15-000822,a2223070zdefm14a.htm,DEFM14A,2015-02-13,0001509273,"C&J Energy Services, Inc.",1389,"Oil & Gas Field Services, NEC",,"C&J Old Co,Inc."
0001571049-15-001148,0001571049-15-001148,t1500340_defm14a.htm,DEFM14A,2015-02-13,0001411303,"Cape Bancorp, Inc.",6022,State Commercial Banks,,"Cape Bancorp, Inc."
0001571049-15-001150,0001571049-15-001150,t1500339_def14a.htm,DEFM14A,2015-02-13,0001485527,"Colonial Financial Services, Inc.",6035,"Savings Institution, Federally Chartered",,"Colonial Financial Services, Inc."
0000950123-15-003078,0000950123-15-003078,d852088ddefm14a.htm,DEFM14A,2015-02-17,0000946673,BANNER CORP,6022,State Commercial Banks,BANR,BANNER CORP
0001193125-15-053038,0001193125-15-053038,d822859ddefm14a.htm,DEFM14A,2015-02-19,0000808362,BAKER HUGHES INC,3533,Oil & Gas Field Machinery & Equipment,,Baker Hughes Holdings LLC
0001567619-15-000151,0001567619-15-000151,s000696x6_defm14a.htm,DEFM14A,2015-02-23,0000890846,UROPLASTY INC,3841,Surgical & Medical Instruments & Apparatus,,UROPLASTY INC
0001047469-15-001593,0001047469-15-001593,a2223289zdefm14a.htm,DEFM14A,2015-03-03,0001002225,ADVENT SOFTWARE INC /DE/,7371,Services-Computer Programming Services,,ADVENT SOFTWARE INC /DE/
0001571049-15-001776,0001571049-15-001776,t1500368-defm14a.htm,DEFM14A,2015-03-09,0001513971,"STATE INVESTORS BANCORP, INC.",6035,"Savings Institution, Federally Chartered",,"STATE INVESTORS BANCORP, INC."
0001047469-15-002511,0001047469-15-002511,a2223595zdefm14a.htm,DEFM14A,2015-03-20,0001412665,"MidWestOne Financial Group, Inc.",6022,State Commercial Banks,,"MidWestOne Financial Group, Inc."
0001144204-15-017560,0001144204-15-017560,v405063_defm14a.htm,DEFM14A,2015-03-20,0001575988,Silver Eagle Acquisition Corp.,6770,Blank Checks,,Silver Eagle Acquisition Corp.
0001193125-15-102381,0001193125-15-102381,d885271ddefm14a.htm,DEFM14A,2015-03-24,0001338613,Regency Energy Partners LP,1311,Crude Petroleum & Natural Gas,,Regency Energy Partners LP
0001193125-15-103256,0001193125-15-103256,d852929ddefm14a.htm,DEFM14A,2015-03-24,0001311596,Regado Biosciences Inc,2834,Pharmaceutical Preparations,,"Tobira Therapeutics, Inc."
0001174947-15-000507,0001174947-15-000507,b405356_defm14a.htm,DEFM14A,2015-03-25,0000949156,MEADOWBROOK INSURANCE GROUP INC,6331,"Fire, Marine & Casualty Insurance",,"AMERITRUST GROUP, INC."
0001193125-15-104351,0001193125-15-104351,d863533ddefm14a.htm,DEFM14A,2015-03-25,0000869986,ADVANCED PHOTONIX INC,3674,Semiconductors & Related Devices,,ADVANCED PHOTONIX INC
0001193125-15-107175,0001193125-15-107175,d846219ddefm14a.htm,DEFM14A,2015-03-26,0000354707,HAWAIIAN ELECTRIC INDUSTRIES INC,4911,Electric Services,HE,HAWAIIAN ELECTRIC INDUSTRIES INC
0001193125-15-108584,0001193125-15-108584,d805197ddefm14a.htm,DEFM14A,2015-03-27,0001588869,Cambridge Capital Acquisition Corp,6770,Blank Checks,,Cambridge Capital Acquisition Corp
0001193125-15-108584,0001193125-15-392967,d18083ddefm14a.htm,DEFM14A,2015-12-02,0001588869,Cambridge Capital Acquisition Corp,6770,Blank Checks,,Cambridge Capital Acquisition Corp
0001047469-15-003075,0001047469-15-003075,a2224035zdefm14a.htm,DEFM14A,2015-04-01,0001070154,STERLING BANCORP,6021,National Commercial Banks,,STERLING BANCORP
0001047469-15-003076,0001047469-15-003076,a2224036zdefm14a.htm,DEFM14A,2015-04-01,0000722256,HUDSON VALLEY HOLDING CORP,6022,State Commercial Banks,,HUDSON VALLEY HOLDING CORP
0001193125-15-118977,0001193125-15-118977,d882720ddefm14a.htm,DEFM14A,2015-04-03,0001173752,"ARUBA NETWORKS, INC.",3577,"Computer Peripheral Equipment, NEC",,"ARUBA NETWORKS, INC."
0001193125-15-121651,0001193125-15-121651,d894376ddefm14a.htm,DEFM14A,2015-04-08,0001292556,"Polypore International, Inc.",2890,Miscellaneous Chemical Products,,"Polypore International, Inc."
0001193125-15-122269,0001193125-15-122269,d842861ddefm14a.htm,DEFM14A,2015-04-08,0001590584,Civeo Corp,7000,"Hotels, Rooming Houses, Camps & Other Lodging Places",CVEO,Civeo Corp
0001047469-15-003366,0001047469-15-003366,a2224139zdefm14a.htm,DEFM14A,2015-04-10,0001274057,HOSPIRA INC,2834,Pharmaceutical Preparations,,HOSPIRA INC
0001193125-15-124608,0001193125-15-124608,d898234ddefm14a.htm,DEFM14A,2015-04-10,0001394159,"Orbitz Worldwide, Inc.",4700,Transportation Services,,"Orbitz Worldwide, Inc."
0001144204-15-023261,0001144204-15-023261,v407331_defm14a.htm,DEFM14A,2015-04-16,0000921590,VALLEY FINANCIAL CORP /VA/,6035,"Savings Institution, Federally Chartered",,VALLEY FINANCIAL CORP /VA/
0001193125-15-134347,0001193125-15-134347,d850993ddefm14a.htm,DEFM14A,2015-04-17,0001111335,VISTEON CORP,3714,Motor Vehicle Parts & Accessories,VC,VISTEON CORP
0001193125-15-141490,0001193125-15-141490,d913266ddefm14a.htm,DEFM14A,2015-04-22,0000201461,CITY NATIONAL CORP,6021,National Commercial Banks,,CITY NATIONAL CORP
0001193125-15-146912,0001193125-15-146912,d914271ddefm14a.htm,DEFM14A,2015-04-24,0001524471,Exelis Inc.,3669,"Communications Equipment, NEC",,Exelis Inc.
0001193125-15-149470,0001193125-15-149470,d894242ddefm14a.htm,DEFM14A,2015-04-27,0000854701,INTEGRATED SILICON SOLUTION INC,3674,Semiconductors & Related Devices,,INTEGRATED SILICON SOLUTION INC
0001193125-15-159395,0001193125-15-159395,d851762ddefm14a.htm,DEFM14A,2015-04-30,0001076195,"LIFE TIME FITNESS, INC.",7997,Services-Membership Sports & Recreation Clubs,,"LIFE TIME FITNESS, INC."
0001256069-15-000015,0001256069-15-000015,gcearsor-finalproxygcearme.htm,DEFM14A,2015-05-01,0001256069,SIGNATURE OFFICE REIT INC,6798,Real Estate Investment Trusts,,SIGNATURE OFFICE REIT INC
0001047469-15-004336,0001047469-15-004336,a2224595zdefm14a.htm,DEFM14A,2015-05-04,0001071625,DOVER SADDLERY INC,5940,Retail-Miscellaneous Shopping Goods Stores,,DOVER SADDLERY INC
0001144204-15-027114,0001144204-15-027114,v409235_defm14a.htm,DEFM14A,2015-05-04,0001471256,Cullen Agricultural Holding Corp,2080,Beverages,,Cullen Agricultural Holding Corp
0001437749-15-008691,0001437749-15-008691,laco20150427_defm14a.htm,DEFM14A,2015-05-04,0001071255,LAKES ENTERTAINMENT INC,7990,Services-Miscellaneous Amusement & Recreation,,NEW ROYAL HOLDCO I INC.
0001193125-15-174920,0001193125-15-174920,d872888ddefm14a.htm,DEFM14A,2015-05-06,0000025212,COURIER Corp,2732,Book Printing,,COURIER Corp
0001193125-15-177823,0001193125-15-177823,d826512ddefm14a.htm,DEFM14A,2015-05-08,0001078075,NETSCOUT SYSTEMS INC,7373,Services-Computer Integrated Systems Design,NTCT,NETSCOUT SYSTEMS INC
0001193125-15-179028,0001193125-15-179028,d908620ddefm14a.htm,DEFM14A,2015-05-08,0001404592,"Revett Mining Company, Inc.",1040,Gold and Silver Ores,,"Revett Mining Company, Inc."
0000921895-15-001233,0000921895-15-001233,defm14a09950005_05112015.htm,DEFM14A,2015-05-11,0000854852,EMRISE Corp,3679,"Electronic Components, NEC",,EMRISE Corp
0001144204-15-029635,0001144204-15-029635,v410317_defm14a.htm,DEFM14A,2015-05-12,0001485001,Oneida Financial Corp.,6035,"Savings Institution, Federally Chartered",,Oneida Financial Corp.
0001193125-15-182522,0001193125-15-182522,d924162ddefm14a.htm,DEFM14A,2015-05-12,0001137861,WRIGHT MEDICAL GROUP INC,3842,"Orthopedic, Prosthetic & Surgical Appliances & Supplies",,WRIGHT MEDICAL GROUP INC
0001193125-15-185254,0001193125-15-185254,d886599ddefm14a.htm,DEFM14A,2015-05-13,0001500711,"Alliance Bancorp, Inc. of Pennsylvania",6036,"Savings Institutions, Not Federally Chartered",,"Alliance Bancorp, Inc. of Pennsylvania"
0001062993-15-002745,0001062993-15-002745,def14a.htm,DEFM14A,2015-05-14,0001543418,NovaCopper Inc.,1040,Gold and Silver Ores,TMQ,Trilogy Metals Inc.
0001571049-15-004159,0001571049-15-004159,t1501149-defm14a.htm,DEFM14A,2015-05-14,0000737300,COVER ALL TECHNOLOGIES INC,7372,Services-Prepackaged Software,,COVER ALL TECHNOLOGIES INC
0001047469-15-004851,0001047469-15-004851,a2224711zdefm14a.htm,DEFM14A,2015-05-18,0001080099,INFORMATICA CORP,7372,Services-Prepackaged Software,,INFORMATICA LLC
0001193125-15-190524,0001193125-15-190524,d892614ddefm14a.htm,DEFM14A,2015-05-18,0000800240,OFFICE DEPOT INC,5940,Retail-Miscellaneous Shopping Goods Stores,,ODP Corp
0001571049-15-004499,0001571049-15-004499,t1501196x3-defm14a.htm,DEFM14A,2015-05-21,0000230498,Rock-Tenn CO,2650,Paperboard Containers & Boxes,,Rock-Tenn CO
0001571049-15-004500,0001571049-15-004500,t1501196x4-defm14a.htm,DEFM14A,2015-05-21,0001159297,MEADWESTVACO Corp,2621,Paper Mills,,MEADWESTVACO Corp
0001047469-15-004989,0001047469-15-004989,a2224840zdefm14a.htm,DEFM14A,2015-05-26,0001408287,Zep Inc.,2842,"Specialty Cleaning, Polishing and Sanitation Preparations",,Zep Inc.
0001193125-15-200274,0001193125-15-200274,d921509ddefm14a.htm,DEFM14A,2015-05-26,0001165880,MONTPELIER RE HOLDINGS LTD,6331,"Fire, Marine & Casualty Insurance",,MONTPELIER RE HOLDINGS LTD
0001193125-15-204128,0001193125-15-204128,d912411ddefm14a.htm,DEFM14A,2015-05-28,0001304740,Bridge Capital Holdings,6021,National Commercial Banks,,Bridge Capital Holdings
0001144204-15-034365,0001144204-15-034365,v411976_defm14a.htm,DEFM14A,2015-05-29,0001166220,"LYRIS, INC.",7372,Services-Prepackaged Software,,"LYRIS, INC."
0001193125-15-209246,0001193125-15-209246,d937612ddefm14a.htm,DEFM14A,2015-06-01,0001392522,"Freescale Semiconductor, Ltd.",3674,Semiconductors & Related Devices,,"Freescale Semiconductor, Ltd."
0001193125-15-209356,0001193125-15-209356,d924928ddefm14a.htm,DEFM14A,2015-06-01,0001478950,"Excel Trust, Inc.",6798,Real Estate Investment Trusts,,"Excel Trust, Inc."
0001193125-15-210645,0001193125-15-210645,d937255ddefm14a.htm,DEFM14A,2015-06-02,0001545158,"Kraft Foods Group, Inc.",2000,Food and Kindred Products,,"Kraft Foods Group, Inc."
0001193125-15-212995,0001193125-15-212995,d930032ddefm14a.htm,DEFM14A,2015-06-04,0001365997,Bank of the Carolinas CORP,6021,National Commercial Banks,,Bank of the Carolinas CORP
0001104659-15-043728,0001104659-15-043728,a15-10515_5defm14a.htm,DEFM14A,2015-06-05,0001123735,COMMUNITY FINANCIAL SHARES INC,6035,"Savings Institution, Federally Chartered",,COMMUNITY FINANCIAL SHARES INC
0001193125-15-216437,0001193125-15-216437,d908050ddefm14a.htm,DEFM14A,2015-06-08,0001363851,Catamaran Corp,6411,"Insurance Agents, Brokers & Service",,Catamaran Corp
0001047469-15-005341,0001047469-15-005341,a2225031zdefm14a.htm,DEFM14A,2015-06-10,0001106851,OMNIVISION TECHNOLOGIES INC,3674,Semiconductors & Related Devices,,OMNIVISION TECHNOLOGIES INC
0001193125-15-219452,0001193125-15-219452,d924878ddefm14a.htm,DEFM14A,2015-06-10,0001576044,"QEP Midstream Partners, LP",4922,Natural Gas Transmission,,Andeavor Midstream Partners LP
0001193125-15-220696,0001193125-15-220696,d938981ddefm14a.htm,DEFM14A,2015-06-11,0001585583,Levy Acquisition Corp,5812,Retail-Eating  Places,,"Del Taco Restaurants, Inc."
0001047469-15-005464,0001047469-15-005464,a2225101zdefm14a.htm,DEFM14A,2015-06-15,0001474042,Baltic Trading Ltd,4412,Deep Sea Foreign Transportation of  Freight,,Baltic Trading Ltd
0001047469-15-005465,0001047469-15-005465,a2225100zdefm14a.htm,DEFM14A,2015-06-15,0001326200,GENCO SHIPPING & TRADING LTD,4412,Deep Sea Foreign Transportation of  Freight,GNK,GENCO SHIPPING & TRADING LTD
0001193125-15-223496,0001193125-15-223496,d933647ddefm14a.htm,DEFM14A,2015-06-15,0000911635,ASSOCIATED ESTATES REALTY CORP,6798,Real Estate Investment Trusts,,ASSOCIATED ESTATES REALTY CORP
0001193125-15-224834,0001193125-15-224834,d931408ddefm14a.htm,DEFM14A,2015-06-16,0001340282,Rosetta Resources Inc.,1311,Crude Petroleum & Natural Gas,,"NBL Texas, LLC"
0001193125-15-229023,0001193125-15-229023,d888545ddefm14a.htm,DEFM14A,2015-06-19,0001068717,RTI INTERNATIONAL METALS INC,3350,Rolling Drawing & Extruding of  Nonferrous Metals,,RTI INTERNATIONAL METALS INC
0001047469-15-005656,0001047469-15-005656,a2225197zdefm14a.htm,DEFM14A,2015-06-23,0001329799,SQUARE 1 FINANCIAL INC,6022,State Commercial Banks,,SQUARE 1 FINANCIAL INC
0001047469-15-005699,0001047469-15-005699,a2225139zdefm14a.htm,DEFM14A,2015-06-23,0000009389,BALL CORP,3411,Metal Cans,BALL,BALL Corp
0001213900-15-004690,0001213900-15-004690,defm14a0615_capitolacq.htm,DEFM14A,2015-06-24,0001512499,Capitol Acquisition Corp. II,4700,Transportation Services,LIND,"LINDBLAD EXPEDITIONS HOLDINGS, INC."
0001193125-15-236154,0001193125-15-236154,d936197ddefm14a.htm,DEFM14A,2015-06-26,0000075829,PALL CORP,3569,"General Industrial Machinery & Equipment, NEC",,PALL CORP
0001193125-15-241326,0001193125-15-241326,d933391ddefm14a.htm,DEFM14A,2015-06-30,0001391636,CYAN INC,7373,Services-Computer Integrated Systems Design,,CYAN INC
0001193125-15-243295,0001193125-15-243295,d947673ddefm14a.htm,DEFM14A,2015-07-02,0001141299,MCG CAPITAL CORP,,,,MCG CAPITAL CORP
0001193125-15-245671,0001193125-15-245671,d15595ddefm14a.htm,DEFM14A,2015-07-06,0000932111,MICREL INC,3674,Semiconductors & Related Devices,,MICREL INC
0001193125-15-250362,0001193125-15-250362,d949251ddefm14a.htm,DEFM14A,2015-07-10,0000899723,OM GROUP INC,3990,Miscellaneous Manufacturing Industries,,OM GROUP INC
0001193125-15-254270,0001193125-15-254270,d935361ddefm14a.htm,DEFM14A,2015-07-16,0000922863,QUALITY DISTRIBUTION INC,4213,Trucking (No Local),,QUALITY DISTRIBUTION INC
0001193125-15-256160,0001193125-15-256160,d104092ddefm14a.htm,DEFM14A,2015-07-20,0000792641,BIO REFERENCE LABORATORIES INC,8071,Services-Medical Laboratories,,BIO REFERENCE LABORATORIES INC
0001193125-15-257026,0001193125-15-257026,d18972ddefm14a.htm,DEFM14A,2015-07-20,0000874214,ANN INC.,5621,Retail-Women's Clothing Stores,,ANN INC.
0001213900-15-005283,0001213900-15-005283,defm14a0715_chartacquistion.htm,DEFM14A,2015-07-20,0001527349,Chart Acquisition Corp.,6770,Blank Checks,,Chart Acquisition Corp.
0001047469-15-006208,0001047469-15-006208,a2225332zdefm14a.htm,DEFM14A,2015-07-21,0000353230,OMNICARE INC,5912,Retail-Drug Stores and Proprietary Stores,,OMNICARE INC
0001193125-15-264826,0001193125-15-264826,d917339ddefm14a.htm,DEFM14A,2015-07-28,0001623613,Mylan N.V.,2834,Pharmaceutical Preparations,,Mylan II B.V.
0001193125-15-265233,0001193125-15-265233,d78705ddefm14a.htm,DEFM14A,2015-07-28,0001392562,LOUISIANA BANCORP INC,6035,"Savings Institution, Federally Chartered",,LOUISIANA BANCORP INC
0001193125-15-272933,0001193125-15-272933,d920123ddefm14a.htm,DEFM14A,2015-07-31,0001422862,"PMFG, Inc.",3569,"General Industrial Machinery & Equipment, NEC",,"PMFG, Inc."
0001193125-15-273139,0001193125-15-273139,d56787ddefm14a.htm,DEFM14A,2015-07-31,0001299901,"Trade Street Residential, Inc.",6798,Real Estate Investment Trusts,,"Trade Street Residential, Inc."
0001144204-15-045881,0001144204-15-045881,v416463_defm14a.htm,DEFM14A,2015-08-03,0001541157,Celsus Therapeutics Plc.,2834,Pharmaceutical Preparations,AKTX,Akari Therapeutics Plc
0001193125-15-275615,0001193125-15-275615,d83982ddefm14a.htm,DEFM14A,2015-08-04,0001410567,"SmartStop Self Storage, Inc.",6798,Real Estate Investment Trusts,,"SmartStop Self Storage, Inc."
0001144204-15-046397,0001144204-15-046397,v417001_defm14a.htm,DEFM14A,2015-08-05,0000039047,FRISCHS RESTAURANTS INC,5812,Retail-Eating  Places,,FRISCHS RESTAURANTS INC
0001513162-15-000459,0001513162-15-000459,defm14a.htm,DEFM14A,2015-08-05,0000852564,UNILENS VISION INC,3851,Ophthalmic Goods,,UNILENS VISION INC
0001047469-15-006674,0001047469-15-006674,a2225592zdefm14a.htm,DEFM14A,2015-08-07,0001315657,XOOM Corp,6099,"Functions Related To Depository Banking, NEC",,XOOM Corp
0001047469-15-006740,0001047469-15-006740,a2225676zdefm14a.htm,DEFM14A,2015-08-10,0000839470,URANIUM RESOURCES INC /DE/,1000,Metal Mining,WWR,"WESTWATER RESOURCES, INC."
0001193125-15-286906,0001193125-15-286906,d911197ddefm14a.htm,DEFM14A,2015-08-12,0001383571,GLOBE SPECIALTY METALS INC,3330,Primary Smelting & Refining of  Nonferrous Metals,,GLOBE SPECIALTY METALS INC
0001193125-15-292592,0001193125-15-292592,d921503ddefm14a.htm,DEFM14A,2015-08-17,0000074303,OLIN CORP,2800,Chemicals & Allied Products,OLN,OLIN Corp
0001047469-15-006922,0001047469-15-006922,a2225755zdefm14a.htm,DEFM14A,2015-08-20,0000888919,HCC INSURANCE HOLDINGS INC/DE/,6331,"Fire, Marine & Casualty Insurance",,HCC INSURANCE HOLDINGS INC/DE/
0001193125-15-297454,0001193125-15-297454,d948531ddefm14a.htm,DEFM14A,2015-08-20,0001091667,"CHARTER COMMUNICATIONS, INC. /MO/",4841,Cable & Other Pay Television Services,"CHTR,CHTRP","CHARTER COMMUNICATIONS, INC. /MO/"
0001193125-15-297649,0001193125-15-297649,d948531ddefm14a.htm,DEFM14A,2015-08-20,0001377013,TIME WARNER CABLE INC.,4841,Cable & Other Pay Television Services,,"SPECTRUM MANAGEMENT HOLDING COMPANY, LLC"
0001047469-15-006949,0001047469-15-006949,a2225753zdefm14a.htm,DEFM14A,2015-08-21,0001436304,KYTHERA BIOPHARMACEUTICALS INC,2834,Pharmaceutical Preparations,,KYTHERA BIOPHARMACEUTICALS INC
0001193125-15-298597,0001193125-15-298597,d904675ddefm14a.htm,DEFM14A,2015-08-21,0000864683,CYBERONICS INC,3845,Electromedical & Electrotherapeutic Apparatus,,CYBERONICS INC
0001193125-15-300376,0001193125-15-300376,d942513ddefm14a.htm,DEFM14A,2015-08-24,0000768251,ALTERA CORP,3674,Semiconductors & Related Devices,,ALTERA CORP
0001047469-15-007012,0001047469-15-007012,a2225732zdefm14a.htm,DEFM14A,2015-08-27,0000923118,HOME PROPERTIES INC,6798,Real Estate Investment Trusts,,HOME PROPERTIES INC
0001193125-15-304174,0001193125-15-304174,d949765ddefm14a.htm,DEFM14A,2015-08-27,0000878560,STANDARD PACIFIC CORP /DE/,1531,Operative Builders,,"CalAtlantic Group, LLC"
0001193125-15-304183,0001193125-15-304183,d949765ddefm14a.htm,DEFM14A,2015-08-27,0000085974,RYLAND GROUP INC,1531,Operative Builders,,RYLAND GROUP INC
0001415889-15-002902,0001415889-15-002902,defm14a_2015.htm,DEFM14A,2015-08-27,0000741114,"iSatori, Inc.",2020,Dairy Products,,"iSatori, Inc."
0001047469-15-007065,0001047469-15-007065,a2225840zdefm14a.htm,DEFM14A,2015-08-28,0001304464,Crestwood Midstream Partners LP,4922,Natural Gas Transmission,,Crestwood Midstream Partners LP
0001193125-15-306280,0001193125-15-306280,d67897ddefm14a.htm,DEFM14A,2015-08-28,0000049071,HUMANA INC,6324,Hospital & Medical Service Plans,HUM,HUMANA INC
0001144204-15-053529,0001144204-15-053529,v419385_defm14a.htm,DEFM14A,2015-09-03,0001493552,Naugatuck Valley Financial Corp,6035,"Savings Institution, Federally Chartered",,Naugatuck Valley Financial Corp
0001144204-15-053541,0001144204-15-053541,v419591_lre-defm14a.htm,DEFM14A,2015-09-03,0001519632,"LRR Energy, L.P.",1311,Crude Petroleum & Natural Gas,,"LRR Energy, L.P."
0001144204-15-053543,0001144204-15-053543,v419531_eroc-defm14a.htm,DEFM14A,2015-09-03,0001364541,EAGLE ROCK ENERGY PARTNERS L P,1311,Crude Petroleum & Natural Gas,,EAGLE ROCK ENERGY PARTNERS L P
0001354488-15-004205,0001354488-15-004205,swsh_defm14a.htm,DEFM14A,2015-09-03,0001504747,Swisher Hygiene Inc.,2840,"Soap, Detergents, Cleang Preparations, Perfumes, Cosmetics",,Swisher Hygiene Inc.
0001193125-15-312891,0001193125-15-312891,d97545ddefm14a.htm,DEFM14A,2015-09-04,0001464720,Industrial Income Trust Inc.,6500,Real Estate,,DC Industrial Liquidating Trust
0001047469-15-007186,0001047469-15-007186,a2225914zdefm14a.htm,DEFM14A,2015-09-08,0000350907,THORATEC CORP,3845,Electromedical & Electrotherapeutic Apparatus,,THORATEC CORP
0001193125-15-318547,0001193125-15-318547,d36120ddefm14a.htm,DEFM14A,2015-09-11,0000020171,CHUBB CORP,6331,"Fire, Marine & Casualty Insurance",,CHUBB CORP
0001567619-15-001166,0001567619-15-001166,h10032560x1_defm14a.htm,DEFM14A,2015-09-11,0000944765,MERGE HEALTHCARE INC,7373,Services-Computer Integrated Systems Design,,MERGE HEALTHCARE INC
0001571049-15-007643,0001571049-15-007643,t1502157-defm14a.htm,DEFM14A,2015-09-15,0001141107,ARRIS GROUP INC,3663,Radio & Tv Broadcasting & Communications Equipment,,ARRIS GROUP INC
0001193125-15-322056,0001193125-15-322056,d931471ddefm14a.htm,DEFM14A,2015-09-17,0001138817,FIRST SECURITY GROUP INC/TN,6021,National Commercial Banks,,FIRST SECURITY GROUP INC/TN
0001213900-15-007109,0001213900-15-007109,defm14a0915_sinomercury.htm,DEFM14A,2015-09-18,0001608269,SINO MERCURY ACQUISITION CORP.,6770,Blank Checks,,SINO MERCURY ACQUISITION CORP.
0001193125-15-323801,0001193125-15-323801,d91438ddefm14a.htm,DEFM14A,2015-09-21,0001079577,STANCORP FINANCIAL GROUP INC,6321,Accident & Health Insurance,,STANCORP FINANCIAL GROUP INC
0001193125-15-324460,0001193125-15-324460,d56131ddefm14a.htm,DEFM14A,2015-09-21,0000916085,HEALTH NET INC,6324,Hospital & Medical Service Plans,,HEALTH NET INC
0001193125-15-328222,0001193125-15-328222,d96200ddefm14a.htm,DEFM14A,2015-09-25,0000911421,PARTNERRE LTD,6321,Accident & Health Insurance,PREJF,PARTNERRE LTD
0001193125-15-329906,0001193125-15-329906,d11668ddefm14a.htm,DEFM14A,2015-09-28,0001441634,Avago Technologies LTD,3674,Semiconductors & Related Devices,,Avago Technologies LTD
0001193125-15-329911,0001193125-15-329911,d74348ddefm14a.htm,DEFM14A,2015-09-28,0001054374,BROADCOM CORP,3674,Semiconductors & Related Devices,,BROADCOM CORP
0001047469-15-007608,0001047469-15-007608,a2225990zdefm14a.htm,DEFM14A,2015-09-30,0001403385,Symetra Financial CORP,6311,Life Insurance,,Symetra Financial CORP
0001144204-15-057926,0001144204-15-057926,v421385_defm14a.htm,DEFM14A,2015-10-02,0001581607,ROI Acquisition Corp. II,6770,Blank Checks,,ROI Acquisition Corp. II
0001193125-15-335982,0001193125-15-335982,d74172ddefm14a.htm,DEFM14A,2015-10-02,0001051771,BELK INC,5311,Retail-Department Stores,,BELK INC
0001104659-15-069663,0001104659-15-069663,a15-20157_1defm14a.htm,DEFM14A,2015-10-07,0000104777,"ALTEVA, INC.",4813,Telephone Communications (No Radiotelephone),,"ALTEVA, INC."
0001193125-15-340930,0001193125-15-340930,d95429ddefm14a.htm,DEFM14A,2015-10-09,0000722392,PLANAR SYSTEMS INC,3679,"Electronic Components, NEC",,PLANAR SYSTEMS INC
0001193125-15-341940,0001193125-15-341940,d54109ddefm14a.htm,DEFM14A,2015-10-13,0000079958,PRECISION CASTPARTS CORP,3320,Iron & Steel Foundries,,PRECISION CASTPARTS CORP
0001193125-15-342667,0001193125-15-342667,d69060ddefm14a.htm,DEFM14A,2015-10-13,0001328571,NTELOS HOLDINGS CORP.,4813,Telephone Communications (No Radiotelephone),,NTELOS HOLDINGS CORP.
0001193125-15-342713,0001193125-15-342713,d129572ddefm14a.htm,DEFM14A,2015-10-13,0001470215,Towers Watson & Co.,8742,Services-Management Consulting Services,,Towers Watson & Co.
0001047469-15-007841,0001047469-15-007841,a2226231zdefm14a.htm,DEFM14A,2015-10-14,0001020569,IRON MOUNTAIN INC,6798,Real Estate Investment Trusts,IRM,IRON MOUNTAIN INC
0001193125-15-344172,0001193125-15-344172,d98172ddefm14a.htm,DEFM14A,2015-10-15,0001492426,Horizon Pharma plc,2834,Pharmaceutical Preparations,,Horizon Therapeutics Public Ltd Co
0001193125-15-344763,0001193125-15-344763,d43431ddefm14a.htm,DEFM14A,2015-10-15,0001410471,"IPC Healthcare, Inc.",8090,"Services-Misc Health & Allied Services, NEC",,"IPC Healthcare, Inc."
0001193125-15-347268,0001193125-15-347268,d32751ddefm14a.htm,DEFM14A,2015-10-20,0001057436,"STRATEGIC HOTELS & RESORTS, INC",6798,Real Estate Investment Trusts,,"STRATEGIC HOTELS & RESORTS, INC"
0001193125-15-349505,0001193125-15-349505,d84124ddefm14a.htm,DEFM14A,2015-10-21,0001018946,STEINER LEISURE Ltd,7200,Services-Personal Services,,STEINER LEISURE Ltd
0001144204-15-060440,0001144204-15-060440,v422290_defm14a.htm,DEFM14A,2015-10-22,0001583513,"Global Defense & National Security Systems, Inc.",6770,Blank Checks,,"STG Group, Inc."
0001193125-15-350322,0001193125-15-350322,d55664ddefm14a.htm,DEFM14A,2015-10-22,0000350563,TECO ENERGY INC,4911,Electric Services,,TECO ENERGY INC
0001193125-15-350806,0001193125-15-350806,d65416ddefm14a.htm,DEFM14A,2015-10-22,0000919745,"DARA BioSciences, Inc.",2834,Pharmaceutical Preparations,,Midatech Pharma US Inc.
0001193125-15-352067,0001193125-15-352067,d19258ddefm14a.htm,DEFM14A,2015-10-23,0000700733,NATIONAL PENN BANCSHARES INC,6021,National Commercial Banks,,NATIONAL PENN BANCSHARES INC
0001193125-15-352168,0001193125-15-352168,d23392ddefm14a.htm,DEFM14A,2015-10-23,0000912513,CYTEC INDUSTRIES INC/DE/,2890,Miscellaneous Chemical Products,,CYTEC INDUSTRIES INC/DE/
0001047469-15-008039,0001047469-15-008039,a2226342zdefm14a.htm,DEFM14A,2015-10-26,0001161315,YODLEE INC,7372,Services-Prepackaged Software,,YODLEE INC
0001193125-15-352749,0001193125-15-352749,d62309ddefm14a.htm,DEFM14A,2015-10-26,0000880804,"PREMIERE GLOBAL SERVICES, INC.",7389,"Services-Business Services, NEC",,"PREMIERE GLOBAL SERVICES, INC."
0001047469-15-008087,0001047469-15-008087,a2226369zdefm14a.htm,DEFM14A,2015-10-27,0001287701,Gramercy Property Trust Inc.,6798,Real Estate Investment Trusts,,Gramercy Property Trust Inc.
0001144204-15-060980,0001144204-15-060980,v422845_defm14a.htm,DEFM14A,2015-10-27,0001091801,MARTHA STEWART LIVING OMNIMEDIA INC,2721,Periodicals: Publishing or  Publishing & Printing,,MARTHA STEWART LIVING OMNIMEDIA INC
0001193125-15-355335,0001193125-15-355335,d53174ddefm14a.htm,DEFM14A,2015-10-28,0000701221,CIGNA CORP,6324,Hospital & Medical Service Plans,,Cigna Holding Co
0001193125-15-358636,0001193125-15-358636,d80990ddefm14a.htm,DEFM14A,2015-10-30,0001324245,"SOLERA HOLDINGS, INC",7370,"Services-Computer Programming, Data Processing, Etc.",,"SOLERA HOLDINGS, INC"
0001193125-15-359058,0001193125-15-359058,d73265ddefm14a.htm,DEFM14A,2015-10-30,0001166036,MARKWEST ENERGY PARTNERS L P,1311,Crude Petroleum & Natural Gas,,MARKWEST ENERGY PARTNERS L P
0001193125-15-360289,0001193125-15-360289,d47601ddefm14a.htm,DEFM14A,2015-10-30,0001001426,PERICOM SEMICONDUCTOR CORP,3674,Semiconductors & Related Devices,,PERICOM SEMICONDUCTOR CORP
0001193125-15-362581,0001193125-15-362581,d79718ddefm14a.htm,DEFM14A,2015-11-02,0001459241,"Global Income Trust, Inc.",6798,Real Estate Investment Trusts,,"Global Income Trust, Inc."
0001047469-15-008370,0001047469-15-008370,a2226466zdefm14a.htm,DEFM14A,2015-11-06,0001059790,POZEN INC /NC,2834,Pharmaceutical Preparations,,POZEN INC /NC
0001047469-15-008370,0001047469-15-009431,a2226956zdefm14a.htm,DEFM14A,2015-12-28,0001059790,POZEN INC /NC,2834,Pharmaceutical Preparations,,POZEN INC /NC
0001193125-15-375261,0001193125-15-375261,d87090ddefm14a.htm,DEFM14A,2015-11-12,0001082510,UIL HOLDINGS CORP,4911,Electric Services,,UIL HOLDINGS CORP
0001193125-15-376853,0001193125-15-376853,d45844ddefm14a.htm,DEFM14A,2015-11-13,0001579471,Starwood Waypoint Residential Trust,6798,Real Estate Investment Trusts,,Invitation Homes
0001193125-15-377131,0001193125-15-377131,d92859ddefm14a.htm,DEFM14A,2015-11-13,0001077183,NEOGENOMICS INC,8734,Services-Testing Laboratories,NEO,NEOGENOMICS INC
0001193125-15-378396,0001193125-15-378396,d27583ddefm14a.htm,DEFM14A,2015-11-16,0001501350,Eureka Financial Corp.,6035,"Savings Institution, Federally Chartered",,Eureka Financial Corp.
0001193125-15-379364,0001193125-15-379364,d27342ddefm14a.htm,DEFM14A,2015-11-17,0000941548,CAMERON INTERNATIONAL CORP,3533,Oil & Gas Field Machinery & Equipment,,CAMERON INTERNATIONAL CORP
0001174947-15-001684,0001174947-15-001684,t1502501_defm14a.htm,DEFM14A,2015-11-18,0001129633,PHOENIX COMPANIES INC/DE,6311,Life Insurance,,PHOENIX COMPANIES INC/DE
0001047469-15-008825,0001047469-15-008825,a2226676zdefm14a.htm,DEFM14A,2015-11-19,0001313918,CIFC Corp.,6199,Finance Services,,CIFC Corp.
0001437749-15-021339,0001437749-15-021339,pdii20151119_defm14a.htm,DEFM14A,2015-11-23,0001054102,PDI INC,3841,Surgical & Medical Instruments & Apparatus,"IDXG,IDXGD","INTERPACE BIOSCIENCES, INC."
0001193125-15-388418,0001193125-15-388418,d94444ddefm14a.htm,DEFM14A,2015-11-25,0001373525,"FIRST CAPITAL BANCORP, INC.",6022,State Commercial Banks,,"FIRST CAPITAL BANCORP, INC."
0001193125-15-388425,0001193125-15-388425,d55780ddefm14a.htm,DEFM14A,2015-11-25,0001085706,"METRO BANCORP, INC.",6022,State Commercial Banks,,"METRO BANCORP, INC."
0001193125-15-395426,0001193125-15-395426,d32207ddefm14a.htm,DEFM14A,2015-12-04,0001124827,UTi WORLDWIDE INC,4731,Arrangement of  Transportation of  Freight & Cargo,,UTi WORLDWIDE INC
0001193125-15-395518,0001193125-15-395518,d215035ddefm14a.htm,DEFM14A,2015-12-04,0001254419,MEDASSETS INC,7372,Services-Prepackaged Software,,MEDASSETS INC
0001144204-15-069498,0001144204-15-069498,v426104_defm14a.htm,DEFM14A,2015-12-07,0001490983,"Campus Crest Communities, Inc.",6500,Real Estate,,"Campus Crest Communities, Inc."
0001193125-15-396411,0001193125-15-396411,d214909ddefm14a.htm,DEFM14A,2015-12-07,0001347523,"Landmark Apartment Trust, Inc.",6798,Real Estate Investment Trusts,,"Landmark Apartment Trust, Inc."
0001144204-15-069726,0001144204-15-069726,v426005_defm14a.htm,DEFM14A,2015-12-08,0001014507,"SIRONA DENTAL SYSTEMS, INC.",3843,Dental Equipment & Supplies,,"SIRONA DENTAL SYSTEMS, INC."
0001193125-15-396849,0001193125-15-396849,d78293ddefm14a.htm,DEFM14A,2015-12-08,0001289236,BioMed Realty Trust Inc,6798,Real Estate Investment Trusts,,BioMed Realty Trust Inc
0001193125-15-399052,0001193125-15-399052,d60568ddefm14a.htm,DEFM14A,2015-12-09,0001405277,"Constant Contact, Inc.",7331,Services-Direct Mail Advertising Services,,"Constant Contact, Inc."
0001047469-15-009191,0001047469-15-009191,a2226860zdefm14a.htm,DEFM14A,2015-12-14,0000105076,WAUSAU PAPER CORP.,2621,Paper Mills,,WAUSAU PAPER CORP.
0001193125-15-402439,0001193125-15-402439,d49546ddefm14a.htm,DEFM14A,2015-12-14,0000078460,PIEDMONT NATURAL GAS CO INC,4924,Natural Gas Distribution,,PIEDMONT NATURAL GAS CO INC
0001193125-15-402574,0001193125-15-402574,d63203ddefm14a.htm,DEFM14A,2015-12-14,0000907562,DYAX CORP,8731,Services-Commercial Physical & Biological Research,,DYAX CORP
0001047469-15-009226,0001047469-15-009226,a2226653zdefm14a.htm,DEFM14A,2015-12-15,0001428669,"SolarWinds, Inc.",7372,Services-Prepackaged Software,,"SolarWinds, Inc."
0001193125-15-403812,0001193125-15-403812,d28767ddefm14a.htm,DEFM14A,2015-12-15,0000772897,HUTCHINSON TECHNOLOGY INC,3679,"Electronic Components, NEC",,HUTCHINSON TECHNOLOGY INC
0001047469-15-009321,0001047469-15-009321,a2226915zdefm14a.htm,DEFM14A,2015-12-21,0000907649,FX ENERGY INC,1311,Crude Petroleum & Natural Gas,,FX ENERGY INC
0001047469-15-009328,0001047469-15-009328,a2226919zdefm14a.htm,DEFM14A,2015-12-21,0000084129,RITE AID CORP,5912,Retail-Drug Stores and Proprietary Stores,,"NEW RITE AID, LLC"
0001144204-15-072576,0001144204-15-072576,v427707_defm14a.htm,DEFM14A,2015-12-23,0001083689,SOUTHCOAST FINANCIAL CORP,6022,State Commercial Banks,,SOUTHCOAST FINANCIAL CORP
0001193125-15-412790,0001193125-15-412790,d53131ddefm14a.htm,DEFM14A,2015-12-23,0000800458,RENTRAK CORP,7389,"Services-Business Services, NEC",,RENTRAK CORP
0001193125-15-414898,0001193125-15-414898,d97854ddefm14a.htm,DEFM14A,2015-12-29,0000849213,PLUM CREEK TIMBER CO INC,6798,Real Estate Investment Trusts,,PLUM CREEK TIMBER CO INC
0001193125-15-416222,0001193125-15-416222,d99034ddefm14a.htm,DEFM14A,2015-12-29,0000017485,"LIBERATOR MEDICAL HOLDINGS, INC.",5912,Retail-Drug Stores and Proprietary Stores,,"LIBERATOR MEDICAL HOLDINGS, INC."
0001193125-16-423727,0001193125-16-423727,d39266ddefm14a.htm,DEFM14A,2016-01-08,0001432732,"TriVascular Technologies, Inc.",3841,Surgical & Medical Instruments & Apparatus,,"TriVascular Technologies, Inc."
0001193125-16-425637,0001193125-16-425637,d26324ddefm14a.htm,DEFM14A,2016-01-11,0001389170,Targa Resources Corp.,4922,Natural Gas Transmission,TRGP,Targa Resources Corp.
0001193125-16-425647,0001193125-16-425647,d58878ddefm14a.htm,DEFM14A,2016-01-11,0001379661,Targa Resources Partners LP,4922,Natural Gas Transmission,,Targa Resources Partners LP
0001047469-16-009650,0001047469-16-009650,a2227064zdefm14a.htm,DEFM14A,2016-01-12,0000909954,"KEURIG GREEN MOUNTAIN, INC.",2090,Miscellaneous Food Preparations & Kindred Products,,"KEURIG GREEN MOUNTAIN, INC."
0001144204-16-075360,0001144204-16-075360,v428844_defm14a.htm,DEFM14A,2016-01-13,0000714530,NEWBRIDGE BANCORP,6022,State Commercial Banks,,NEWBRIDGE BANCORP
0001193125-16-429165,0001193125-16-429165,d120871ddefm14a.htm,DEFM14A,2016-01-14,0000319201,KLA TENCOR CORP,3827,Optical Instruments & Lenses,KLAC,KLA CORP
0001193125-16-430035,0001193125-16-430035,d29548ddefm14a.htm,DEFM14A,2016-01-14,0001525998,"Rentech Nitrogen Partners, L.P.",2870,Agricultural Chemicals,,"East Dubuque Nitrogen Partners, L.P."
0001047469-16-009708,0001047469-16-009708,a2227023zdefm14a.htm,DEFM14A,2016-01-15,0001327471,RealD Inc.,3663,Radio & Tv Broadcasting & Communications Equipment,,RealD Inc.
0001193125-16-432565,0001193125-16-432565,d28780ddefm14a.htm,DEFM14A,2016-01-19,0000054441,FURMANITE CORP,1700,Construction - Special Trade Contractors,,FURMANITE CORP
0001047469-16-009783,0001047469-16-009783,a2227053zdefm14a.htm,DEFM14A,2016-01-22,0001622893,"Journal Media Group, Inc.",2711,Newspapers: Publishing or  Publishing & Printing,,"Journal Media Group, Inc."
0001047469-16-009802,0001047469-16-009802,a2227166zdefm14a.htm,DEFM14A,2016-01-22,0001548981,"American Residential Properties, Inc.",6798,Real Estate Investment Trusts,,"American Residential Properties, Inc."
0001571049-16-011026,0001571049-16-011026,t1600066-defm14a.htm,DEFM14A,2016-01-22,0000804212,AIRGAS INC,5084,Wholesale-Industrial Machinery & Equipment,,AIRGAS INC
0001193125-16-436189,0001193125-16-436189,d107981ddefm14a.htm,DEFM14A,2016-01-25,0001607716,"Vivint Solar, Inc.",3433,"Heating Equipment, Except Electric & Warm Air Furnaces",,"Vivint Solar, Inc."
0001437749-16-024173,0001437749-16-024173,jgpk20160125_defm14a.htm,DEFM14A,2016-01-27,0001121793,"JAGGED PEAK, INC.",7372,Services-Prepackaged Software,,"JAGGED PEAK, INC."
0000930413-16-005134,0000930413-16-005134,c83761_defm14a.htm,DEFM14A,2016-01-28,0001320947,Diamond Foods Inc,2090,Miscellaneous Food Preparations & Kindred Products,,Diamond Foods Inc
0001193125-16-444566,0001193125-16-444566,d112836ddefm14a.htm,DEFM14A,2016-02-01,0001609132,"C1 Financial, Inc.",6022,State Commercial Banks,,"C1 Financial, Inc."
0001047469-16-010017,0001047469-16-010017,a2227263zdefm14a.htm,DEFM14A,2016-02-04,0001062438,PULASKI FINANCIAL CORP,6035,"Savings Institution, Federally Chartered",,PULASKI FINANCIAL CORP
0001144204-16-079093,0001144204-16-079093,v430543_defm14a.htm,DEFM14A,2016-02-04,0001071264,JACKSONVILLE BANCORP INC /FL/,6022,State Commercial Banks,,JACKSONVILLE BANCORP INC /FL/
0001193125-16-450866,0001193125-16-450866,d15581ddefm14a.htm,DEFM14A,2016-02-04,0001051741,FIRST NIAGARA FINANCIAL GROUP INC,6021,National Commercial Banks,,FIRST NIAGARA FINANCIAL GROUP INC
0001193125-16-452485,0001193125-16-452485,d126387ddefm14a.htm,DEFM14A,2016-02-05,0001000180,SANDISK CORP,3572,Computer Storage Devices,,SANDISK CORP
0001193125-16-464616,0001193125-16-464616,d38344ddefm14a.htm,DEFM14A,2016-02-16,0000356213,PINNACLE ENTERTAINMENT INC.,7011,Hotels & Motels,,"Gold Merger Sub, LLC"
0001193125-16-467290,0001193125-16-467290,d117869ddefm14a.htm,DEFM14A,2016-02-17,0000928421,MATTSON TECHNOLOGY INC,3559,"Special Industry Machinery, NEC",,MATTSON TECHNOLOGY INC
0001047469-16-010221,0001047469-16-010221,a2227291zdefm14a.htm,DEFM14A,2016-02-18,0000923284,INLAND REAL ESTATE CORP,6798,Real Estate Investment Trusts,,IRC Retail Centers Inc
0001193125-16-467493,0001193125-16-467493,d105833ddefm14a.htm,DEFM14A,2016-02-18,0000316206,"STARWOOD HOTEL & RESORTS WORLDWIDE, INC",7011,Hotels & Motels,,"STARWOOD HOTELS & RESORTS WORLDWIDE, LLC"
0001437749-16-025706,0001437749-16-025706,ncpe20160219_defm14a.htm,DEFM14A,2016-02-19,0000843368,NORTHLAND CABLE PROPERTIES EIGHT LIMITED PARTNERSHIP,4841,Cable & Other Pay Television Services,,NORTHLAND CABLE PROPERTIES EIGHT LIMITED PARTNERSHIP
0001193125-16-475795,0001193125-16-475795,d117352ddefm14a.htm,DEFM14A,2016-02-24,0000913077,AFFYMETRIX INC,3826,Laboratory Analytical Instruments,,AFFYMETRIX INC
0001193125-16-481330,0001193125-16-481330,d145976ddefm14a.htm,DEFM14A,2016-02-26,0000872448,ATMEL CORP,3674,Semiconductors & Related Devices,,ATMEL CORP
0001437749-16-027088,0001437749-16-027088,one20160223_defm14a.htm,DEFM14A,2016-03-08,0001486800,"Higher One Holdings, Inc.",7389,"Services-Business Services, NEC",,"Higher One Holdings, Inc."
0001193125-16-497438,0001193125-16-497438,d124154ddefm14a.htm,DEFM14A,2016-03-09,0001001606,BLOUNT INTERNATIONAL INC,3420,"Cutlery, Handtools & General Hardware",,BLOUNT INTERNATIONAL INC
0001104659-16-104457,0001104659-16-104457,a16-2174_1defm14a.htm,DEFM14A,2016-03-11,0000820738,TigerLogic CORP,7372,Services-Prepackaged Software,,TigerLogic CORP
0001193125-16-503577,0001193125-16-503577,d40007ddefm14a.htm,DEFM14A,2016-03-14,0001570585,Liberty Global plc,4841,Cable & Other Pay Television Services,"LBTYA,LBTYB,LBTYK",Liberty Global Ltd.
0001047469-16-011127,0001047469-16-011127,a2227787zdefm14a.htm,DEFM14A,2016-03-15,0001433269,Diligent Corp,7372,Services-Prepackaged Software,,Diligent Corp
0001047469-16-011165,0001047469-16-011165,a2227482zdefm14a.htm,DEFM14A,2016-03-15,0001604738,Ashford Inc,8742,Services-Management Consulting Services,,Ashford Inc.
0001193125-16-506859,0001193125-16-506859,d150367ddefm14a.htm,DEFM14A,2016-03-16,0000910322,ASTORIA FINANCIAL CORP,6035,"Savings Institution, Federally Chartered",,ASTORIA FINANCIAL CORP
0001047469-16-011281,0001047469-16-011281,a2227863zdefm14a.htm,DEFM14A,2016-03-17,0000764811,CommunityOne Bancorp,6021,National Commercial Banks,,CommunityOne Bancorp
0001193125-16-508590,0001193125-16-508590,d157937ddefm14a.htm,DEFM14A,2016-03-17,0001411303,"Cape Bancorp, Inc.",6022,State Commercial Banks,,"Cape Bancorp, Inc."
0001193125-16-510338,0001193125-16-510338,d260068ddefm14a.htm,DEFM14A,2016-03-18,0000895655,JARDEN CORP,5190,Wholesale-Miscellaneous Nondurable Goods,,JARDEN CORP
0001193125-16-514046,0001193125-16-514046,d147071ddefm14a.htm,DEFM14A,2016-03-23,0000929887,APOLLO EDUCATION GROUP INC,8200,Services-Educational Services,,APOLLO EDUCATION GROUP INC
0001193125-16-515118,0001193125-16-515118,d126257ddefm14a.htm,DEFM14A,2016-03-23,0001144354,HEARTLAND PAYMENT SYSTEMS INC,7389,"Services-Business Services, NEC",,HEARTLAND PAYMENT SYSTEMS INC
0001193125-16-517524,0001193125-16-517524,d141890ddefm14a.htm,DEFM14A,2016-03-25,0001546640,ADT Corp,7381,"Services-Detective, Guard & Armored Car Services",,ADT Corp
0001047469-16-011706,0001047469-16-011706,a2227995zdefm14a.htm,DEFM14A,2016-03-29,0000225263,NEWPORT CORP,3821,Laboratory Apparatus & Furniture,,NEWPORT CORP
0001193125-16-524301,0001193125-16-524301,d129176ddefm14a.htm,DEFM14A,2016-03-31,0000885322,ANCHOR BANCORP WISCONSIN INC,6036,"Savings Institutions, Not Federally Chartered",,ANCHOR BANCORP WISCONSIN INC
0001213900-16-012120,0001213900-16-012120,defm14a2016_garneroacq.htm,DEFM14A,2016-03-31,0001603969,Garnero Group Acquisition Co,2320,"Men's & Boys' Furnishgs, Work Clothg, & Allied Garments",,Garnero Group Acquisition Co
0001193125-16-528128,0001193125-16-528128,d134422ddefm14a.htm,DEFM14A,2016-04-01,0001622620,Lynden Energy Corp.,1311,Crude Petroleum & Natural Gas,,Lynden Energy Corp.
0001193125-16-530920,0001193125-16-530920,d150057ddefm14a.htm,DEFM14A,2016-04-05,0000751652,QUESTAR CORP,4923,Natural Gas Transmisison & Distribution,,DOMINION QUESTAR CORP
0001104659-16-110341,0001104659-16-110341,a16-8040_1defm14a.htm,DEFM14A,2016-04-07,0000881790,HF FINANCIAL CORP,6035,"Savings Institution, Federally Chartered",,HF FINANCIAL CORP
0001193125-16-533862,0001193125-16-533862,d159168ddefm14a.htm,DEFM14A,2016-04-07,0000882154,"POWERSECURE INTERNATIONAL, INC.",7389,"Services-Business Services, NEC",,"POWERSECURE INTERNATIONAL, INC."
0001193125-16-533881,0001193125-16-533881,d159357ddefm14a.htm,DEFM14A,2016-04-07,0001501756,"Avalanche Biotechnologies, Inc.",2836,"Biological Products, (No Diagnostic Substances)",,"Adverum Biotechnologies, Inc."
0001193125-16-534615,0001193125-16-534615,d140494ddefm14a.htm,DEFM14A,2016-04-08,0000215419,CHECKPOINT SYSTEMS INC,3669,"Communications Equipment, NEC",,CHECKPOINT SYSTEMS INC
0001193125-16-536960,0001193125-16-536960,d42920ddefm14a.htm,DEFM14A,2016-04-11,0001491675,"COCA-COLA ENTERPRISES, INC.",2086,Bottled & Canned Soft Drinks & Carbonated Waters,,"COCA-COLA EUROPEAN PARTNERS US, LLC"
0001047469-16-012302,0001047469-16-012302,a2228310zdefm14a.htm,DEFM14A,2016-04-18,0001620546,Baxalta Inc,2834,Pharmaceutical Preparations,,Baxalta Inc
0001144204-16-095278,0001144204-16-095278,v437301_defm14a.htm,DEFM14A,2016-04-20,0001507986,JetPay Corp,6770,Blank Checks,,JetPay Corp
0001193125-16-564262,0001193125-16-564262,d170812ddefm14a.htm,DEFM14A,2016-04-28,0000830916,MULTI FINELINE ELECTRONIX INC,3672,Printed Circuit Boards,,MULTI FINELINE ELECTRONIX INC
0001193125-16-567522,0001193125-16-567522,d187230ddefm14a.htm,DEFM14A,2016-04-29,0000354869,FIRSTMERIT CORP /OH/,6021,National Commercial Banks,,FIRSTMERIT CORP /OH/
0001047469-16-012821,0001047469-16-012821,a2228478zdefm14a.htm,DEFM14A,2016-05-03,0000032689,EMPIRE DISTRICT ELECTRIC CO,6189,Asset-Backed Securities,,EMPIRE DISTRICT ELECTRIC CO
0001193125-16-582379,0001193125-16-582379,d119732ddefm14a.htm,DEFM14A,2016-05-09,0000216539,MEDIA GENERAL INC,4833,Television Broadcasting Stations,,MEDIA GENERAL INC
0001193125-16-583224,0001193125-16-583224,d146086ddefm14a.htm,DEFM14A,2016-05-09,0001485176,Fox Chase Bancorp Inc,6036,"Savings Institutions, Not Federally Chartered",,Fox Chase Bancorp Inc
0001193125-16-583513,0001193125-16-583513,d163153ddefm14a.htm,DEFM14A,2016-05-09,0001364856,"Monarch Financial Holdings, Inc.",6022,State Commercial Banks,,"Monarch Financial Holdings, Inc."
0001193125-16-583817,0001193125-16-583817,d107540ddefm14a.htm,DEFM14A,2016-05-09,0000047307,HICKOK INC,3823,"Industrial Instruments For Measurement, Display, and Control",,CRAWFORD UNITED Corp
0001571049-16-015004,0001571049-16-015004,t1601276-defm14a.htm,DEFM14A,2016-05-09,0001331745,"TAL International Group, Inc.",7359,"Services-Equipment Rental & Leasing, NEC",,"TAL International Group, Inc."
0001144204-16-100057,0001144204-16-100057,v439322_defm14a.htm,DEFM14A,2016-05-10,0001604416,WL Ross Holding Corp.,5160,Wholesale-Chemicals & Allied Products,,"Nexeo Solutions, Inc."
0001213900-16-013221,0001213900-16-013221,defm14a0516_brushyresource.htm,DEFM14A,2016-05-12,0001554970,"Brushy Resources, Inc.",1311,Crude Petroleum & Natural Gas,,"Brushy Resources, Inc."
0001193125-16-591647,0001193125-16-591647,d195143ddefm14a.htm,DEFM14A,2016-05-16,0001616297,"Avenue Financial Holdings, Inc.",6022,State Commercial Banks,,"Avenue Financial Holdings, Inc."
0001047469-16-013208,0001047469-16-013208,a2228682zdefm14a.htm,DEFM14A,2016-05-17,0001317630,ITC Holdings Corp.,4911,Electric Services,,ITC Holdings Corp.
0001193125-16-592641,0001193125-16-592641,d155295ddefm14a.htm,DEFM14A,2016-05-17,0001629995,"Columbia Pipeline Group, Inc.",4922,Natural Gas Transmission,,"Columbia Pipeline Group, Inc."
0001047469-16-013245,0001047469-16-013245,a2228675zdefm14a.htm,DEFM14A,2016-05-18,0001420525,"1st Century Bancshares, Inc.",6022,State Commercial Banks,,"1st Century Bancshares, Inc."
0001193125-16-596054,0001193125-16-596054,d186759ddefm14a.htm,DEFM14A,2016-05-19,0001018003,INGRAM MICRO INC,5045,Wholesale-Computers & Peripheral Equipment & Software,,INGRAM MICRO INC
0001193125-16-596915,0001193125-16-596915,d172527ddefm14a.htm,DEFM14A,2016-05-20,0000864559,CASCADE MICROTECH INC,3825,Instruments For Meas & Testing of  Electricity & Elec Signals,,CASCADE MICROTECH INC
0001193125-16-599026,0001193125-16-599026,d152324ddefm14a.htm,DEFM14A,2016-05-23,0000799088,CARMIKE CINEMAS INC,7830,Services-Motion Picture Theaters,,CARMIKE CINEMAS INC
0001193125-16-599026,0001047469-16-016052,a2229981zdefm14a.htm,DEFM14A,2016-10-11,0000799088,CARMIKE CINEMAS INC,7830,Services-Motion Picture Theaters,,CARMIKE CINEMAS INC
0001193125-16-599101,0001193125-16-599101,d121281ddefm14a.htm,DEFM14A,2016-05-23,0001533454,Northern Tier Energy LP,2911,Petroleum Refining,,Northern Tier Energy LP
0001047469-16-013425,0001047469-16-013425,a2228726zdefm14a.htm,DEFM14A,2016-05-25,0001082506,"UNWIRED PLANET, INC.",7372,Services-Prepackaged Software,,"Forest Investments, Inc."
0001193125-16-601694,0001193125-16-601694,d80568ddefm14a.htm,DEFM14A,2016-05-25,0000107263,WILLIAMS COMPANIES INC,4922,Natural Gas Transmission,WMB,"WILLIAMS COMPANIES, INC."
0001193125-16-602436,0001193125-16-602436,d167220ddefm14a.htm,DEFM14A,2016-05-25,0000102741,VALSPAR CORP,2851,"Paints, Varnishes, Lacquers, Enamels & Allied Prods",,VALSPAR CORP
0001213900-16-013795,0001213900-16-013795,defm14a0516_chinayidahold.htm,DEFM14A,2016-05-25,0001091325,"CHINA YIDA HOLDING, CO.",7310,Services-Advertising,,"CHINA YIDA HOLDING, CO."
0001571049-16-015521,0001571049-16-015521,t1601356-defm14a.htm,DEFM14A,2016-05-25,0001019361,ROFIN SINAR TECHNOLOGIES INC,3690,"Miscellaneous Electrical Machinery, Equipment & Supplies",,ROFIN SINAR TECHNOLOGIES INC
0001047469-16-013438,0001047469-16-013438,a2228671zdefm14a.htm,DEFM14A,2016-05-26,0001528558,"Rouse Properties, Inc.",6500,Real Estate,,"Rouse Properties, LLC"
0001626129-16-000628,0001626129-16-000628,ssrg-defm14a_070116.htm,DEFM14A,2016-05-31,0001616101,Symmetry Surgical Inc.,3842,"Orthopedic, Prosthetic & Surgical Appliances & Supplies",,Symmetry Surgical Inc.
0001047469-16-013538,0001047469-16-013538,a2228816zdefm14a.htm,DEFM14A,2016-06-01,0001142701,UNITED ONLINE INC,7370,"Services-Computer Programming, Data Processing, Etc.",,UNITED ONLINE INC
0001193125-16-612823,0001193125-16-612823,d166077ddefm14a.htm,DEFM14A,2016-06-03,0001535031,"Tumi Holdings, Inc.",3100,Leather & Leather Products,,"Tumi Holdings, Inc."
0000061398-16-000077,0000061398-16-000077,a2016-05proxydefinitive.htm,DEFM14A,2016-06-06,0000061398,MAGELLAN PETROLEUM CORP /DE/,1311,Crude Petroleum & Natural Gas,,TELLURIAN INC. /DE/
0000061398-16-000077,0001193125-17-009784,d310156ddefm14a.htm,DEFM14A,2017-01-13,0000061398,MAGELLAN PETROLEUM CORP /DE/,1311,Crude Petroleum & Natural Gas,,TELLURIAN INC. /DE/
0001193125-16-614138,0001193125-16-614138,d59207ddefm14a.htm,DEFM14A,2016-06-06,0000790070,EMC CORP,3572,Computer Storage Devices,,EMC CORP
0001047469-16-013711,0001047469-16-013711,a2228864zdefm14a.htm,DEFM14A,2016-06-08,0001157601,SYNTA PHARMACEUTICALS CORP,2834,Pharmaceutical Preparations,MDGL,"MADRIGAL PHARMACEUTICALS, INC."
0001193125-16-616705,0001193125-16-616705,d189362ddefm14a.htm,DEFM14A,2016-06-08,0001549276,"LaPorte Bancorp, Inc.",6036,"Savings Institutions, Not Federally Chartered",,"LaPorte Bancorp, Inc."
0001193125-16-617061,0001193125-16-617061,d209990ddefm14a.htm,DEFM14A,2016-06-09,0001316360,IHS Inc.,7370,"Services-Computer Programming, Data Processing, Etc.",,IHS Inc.
0001193125-16-617930,0001193125-16-617930,d189154ddefm14a.htm,DEFM14A,2016-06-09,0001122897,CVENT INC,7372,Services-Prepackaged Software,,CVENT INC
0001193125-16-618408,0001193125-16-618408,d125888ddefm14a.htm,DEFM14A,2016-06-10,0000029915,DOW CHEMICAL CO /DE/,2821,"Plastic Materials, Synth Resins & Nonvulcan Elastomers",,DOW CHEMICAL CO /DE/
0001193125-16-618415,0001193125-16-618415,d125888ddefm14a.htm,DEFM14A,2016-06-10,0000030554,DUPONT E I DE NEMOURS & CO,2820,"Plastic Material, Synth Resin/Rubber, Cellulos (No Glass)","CTA-PB,CTA-PA","EIDP, Inc."
0001213900-16-014157,0001213900-16-014157,defm14a_hennessy.htm,DEFM14A,2016-06-10,0001642453,Hennessy Capital Acquisition Corp II,4700,Transportation Services,,"Daseke, Inc."
0001213900-16-014157,0001213900-17-000988,defm14a_hennessy.htm,DEFM14A,2017-02-06,0001642453,Hennessy Capital Acquisition Corp II,4700,Transportation Services,,"Daseke, Inc."
0000905729-16-000606,0000905729-16-000606,talmerdefm14a_061316.htm,DEFM14A,2016-06-13,0001360683,"TALMER BANCORP, INC.",6021,National Commercial Banks,,"TALMER BANCORP, INC."
0001193125-16-624155,0001193125-16-624155,d166457ddefm14a.htm,DEFM14A,2016-06-17,0001001288,LEXMARK INTERNATIONAL INC /KY/,3570,Computer & office Equipment,,LEXMARK INTERNATIONAL INC /KY/
0001193125-16-625094,0001193125-16-625094,d175417ddefm14a.htm,DEFM14A,2016-06-17,0001452168,"CNL Growth Properties, Inc.",6798,Real Estate Investment Trusts,,"CNL Growth Properties, Inc."
0001193125-16-625260,0001193125-16-625260,d179667ddefm14a.htm,DEFM14A,2016-06-20,0001614436,Virgin America Inc.,4512,"Air Transportation, Scheduled",,Virgin America Inc.
0001193125-16-626613,0001193125-16-626613,d194804ddefm14a.htm,DEFM14A,2016-06-20,0001276591,HANSEN MEDICAL INC,3842,"Orthopedic, Prosthetic & Surgical Appliances & Supplies",,HANSEN MEDICAL INC
0001213900-16-014411,0001213900-16-014411,defm14a0616_dtasiainvest.htm,DEFM14A,2016-06-21,0001611852,DT Asia Investments Ltd,6159,Miscellaneous Business Credit Institution,,"Roan Holdings Group Co., Ltd."
0001047469-16-013975,0001047469-16-013975,a2229017zdefm14a.htm,DEFM14A,2016-06-23,0001498021,"ExamWorks Group, Inc.",8000,Services-Health Services,,"ExamWorks Group, Inc."
0001193125-16-631114,0001193125-16-631114,d146698ddefm14a.htm,DEFM14A,2016-06-24,0001010552,POLYCOM INC,3661,Telephone & Telegraph Apparatus,,POLYCOM INC
0001193125-16-631114,0001193125-16-668329,d225775ddefm14a.htm,DEFM14A,2016-08-02,0001010552,POLYCOM INC,3661,Telephone & Telegraph Apparatus,,POLYCOM INC
0001193125-16-631782,0001193125-16-631782,d209150ddefm14a.htm,DEFM14A,2016-06-27,0001082526,SCIQUEST INC,7372,Services-Prepackaged Software,,SCIQUEST INC
0001206774-16-006271,0001206774-16-006271,kkd_defm14a.htm,DEFM14A,2016-06-27,0001100270,KRISPY KREME DOUGHNUTS INC,5400,Retail-Food Stores,,KRISPY KREME DOUGHNUTS INC
0001047469-16-014075,0001047469-16-014075,a2229056zdefm14a.htm,DEFM14A,2016-06-29,0001490660,"Marketo, Inc.",7372,Services-Prepackaged Software,,"Marketo, Inc."
0001047469-16-014107,0001047469-16-014107,a2229080zdefm14a.htm,DEFM14A,2016-07-01,0001143155,HAMPTON ROADS BANKSHARES INC,6021,National Commercial Banks,,"Xenith Bankshares, Inc."
0001047469-16-014108,0001047469-16-014108,a2229073zdefm14a.htm,DEFM14A,2016-07-01,0001442741,"Xenith Bankshares, Inc.",6022,State Commercial Banks,,"Xenith Bankshares, Inc."
0001047469-16-014187,0001047469-16-014187,a2229114zdefm14a.htm,DEFM14A,2016-07-06,0000053669,JOHNSON CONTROLS INC,7380,Services-Miscellaneous Business Services,,JOHNSON CONTROLS INC
0001193125-16-642539,0001193125-16-642539,d212251ddefm14a.htm,DEFM14A,2016-07-06,0001305294,QLIK TECHNOLOGIES INC,7372,Services-Prepackaged Software,,QLIK TECHNOLOGIES INC
0001193125-16-642806,0001193125-16-642806,d185492ddefm14a.htm,DEFM14A,2016-07-07,0001336920,"Leidos Holdings, Inc.",7373,Services-Computer Integrated Systems Design,LDOS,"Leidos Holdings, Inc."
0001144204-16-112152,0001144204-16-112152,v443764_defm14a.htm,DEFM14A,2016-07-08,0001466292,Cordia Bancorp Inc,6022,State Commercial Banks,,Cordia Bancorp Inc
0001193125-16-645915,0001193125-16-645915,d217021ddefm14a.htm,DEFM14A,2016-07-12,0001549872,"XURA, INC.",7389,"Services-Business Services, NEC",,"XURA, INC."
0001193125-16-646366,0001193125-16-646366,d215337ddefm14a.htm,DEFM14A,2016-07-12,0001087934,"inContact, Inc.",7372,Services-Prepackaged Software,,"inContact, Inc."
0001193125-16-647686,0001193125-16-647686,d212696ddefm14a.htm,DEFM14A,2016-07-14,0001485003,"Eleven Biotherapeutics, Inc.",2834,Pharmaceutical Preparations,,Carisma Therapeutics Inc.
0001193125-16-648410,0001193125-16-648410,d202325ddefm14a.htm,DEFM14A,2016-07-14,0000083402,"RESOURCE AMERICA, INC.",6799,"Investors, NEC",,"RESOURCE AMERICA, INC."
0001047469-16-014325,0001047469-16-014325,a2229186zdefm14a.htm,DEFM14A,2016-07-15,0000005768,"AMERICAN SCIENCE & ENGINEERING, INC.",3844,X-Ray Apparatus & Tubes & Related Irradiation Apparatus,,"AMERICAN SCIENCE & ENGINEERING, INC."
0001185185-16-004996,0001185185-16-004996,applereitten-defm14a071516.htm,DEFM14A,2016-07-15,0001498864,"Apple REIT Ten, Inc.",6798,Real Estate Investment Trusts,,"Apple REIT Ten, Inc."
0001193125-16-650381,0001193125-16-650381,d205858ddefm14a.htm,DEFM14A,2016-07-19,0001262279,FIRST MARBLEHEAD CORP,6141,Personal Credit Institutions,,FIRST MARBLEHEAD CORP
0001193125-16-651196,0001193125-16-651196,d36263ddefm14a.htm,DEFM14A,2016-07-19,0000933590,"Your Community Bankshares, Inc.",6022,State Commercial Banks,,"Your Community Bankshares, Inc."
0001047469-16-014430,0001047469-16-014430,a2229104zdefm14a.htm,DEFM14A,2016-07-22,0001271024,LINKEDIN CORP,7370,"Services-Computer Programming, Data Processing, Etc.",,LINKEDIN CORP
0001193125-16-655849,0001193125-16-655849,d226427ddefm14a.htm,DEFM14A,2016-07-25,0000729237,PARKWAY PROPERTIES INC,6798,Real Estate Investment Trusts,,PARKWAY PROPERTIES INC
0001193125-16-659155,0001193125-16-659155,d210792ddefm14a.htm,DEFM14A,2016-07-27,0001515980,"Apollo Residential Mortgage, Inc.",6798,Real Estate Investment Trusts,,"Apollo Residential Mortgage, Inc."
0001193125-16-660103,0001193125-16-660103,d199341ddefm14a.htm,DEFM14A,2016-07-27,0000914329,FEI CO,3826,Laboratory Analytical Instruments,,FEI CO
0001193125-16-665755,0001193125-16-665755,d118249ddefm14a.htm,DEFM14A,2016-08-01,0000805264,AXIALL CORP/DE/,2821,"Plastic Materials, Synth Resins & Nonvulcan Elastomers",,AXIALL CORP/DE/
0001193125-16-666808,0001193125-16-666808,d230111ddefm14a.htm,DEFM14A,2016-08-01,0000807884,CASH AMERICA INTERNATIONAL INC,5900,Retail-Miscellaneous Retail,,CASH AMERICA INTERNATIONAL INC
0001571049-16-016971,0001571049-16-016971,t85115-fclf_defm14a.htm,DEFM14A,2016-08-01,0001283582,First Clover Leaf Financial Corp.,6021,National Commercial Banks,,First Clover Leaf Financial Corp.
0001193125-16-668570,0001193125-16-668570,d227333ddefm14a.htm,DEFM14A,2016-08-02,0000845289,"HARVEST NATURAL RESOURCES, INC.",1311,Crude Petroleum & Natural Gas,,"HARVEST NATURAL RESOURCES, INC."
0001193125-16-668570,0001193125-17-015577,d316995ddefm14a.htm,DEFM14A,2017-01-24,0000845289,"HARVEST NATURAL RESOURCES, INC.",1311,Crude Petroleum & Natural Gas,,"HARVEST NATURAL RESOURCES, INC."
0001193125-16-670960,0001193125-16-670960,d208371ddefm14a.htm,DEFM14A,2016-08-04,0001342126,Morgans Hotel Group Co.,7011,Hotels & Motels,,Morgans Hotel Group Co.
0001193125-16-673627,0001193125-16-673627,d222329ddefm14a.htm,DEFM14A,2016-08-05,0000095052,ELIZABETH ARDEN INC,2844,"Perfumes, Cosmetics & Other Toilet Preparations",,ELIZABETH ARDEN INC
0001437749-16-036543,0001437749-16-036543,wga20160803_defm14a.htm,DEFM14A,2016-08-05,0000105608,AG&E HOLDINGS INC.,3663,Radio & Tv Broadcasting & Communications Equipment,,AG&E HOLDINGS INC.
0001193125-16-674183,0001193125-16-674183,d170459ddefm14a.htm,DEFM14A,2016-08-08,0000863894,FEMALE HEALTH CO,2834,Pharmaceutical Preparations,VERU,VERU INC.
0001193125-16-674392,0001193125-16-674392,d219147ddefm14a.htm,DEFM14A,2016-08-08,0001101680,ZHONE TECHNOLOGIES INC,3661,Telephone & Telegraph Apparatus,,DZS INC.
0001193125-16-677887,0001193125-16-677887,d206461ddefm14a.htm,DEFM14A,2016-08-10,0000066649,MINES MANAGEMENT INC,1000,Metal Mining,,MINES MANAGEMENT INC
0001193125-16-677939,0001193125-16-677939,d226798ddefm14a.htm,DEFM14A,2016-08-10,0001328015,Imprivata Inc,7372,Services-Prepackaged Software,,Imprivata Inc
0001193125-16-678083,0001193125-16-678083,d205901ddefm14a.htm,DEFM14A,2016-08-10,0001599222,Memorial Resource Development Corp.,1311,Crude Petroleum & Natural Gas,,"Range Resources - Louisiana, Inc."
0001193125-16-678148,0001193125-16-678148,d205901ddefm14a.htm,DEFM14A,2016-08-10,0000315852,RANGE RESOURCES CORP,1311,Crude Petroleum & Natural Gas,RRC,RANGE RESOURCES CORP
0001437749-16-037191,0001437749-16-037191,rpbif20160810_defm14a.htm,DEFM14A,2016-08-11,0000806888,RESPONSE BIOMEDICAL CORP,8734,Services-Testing Laboratories,,RESPONSE BIOMEDICAL CORP
0001193125-16-680277,0001193125-16-680277,d153459ddefm14a.htm,DEFM14A,2016-08-12,0001355786,"CHICOPEE BANCORP, INC.",6036,"Savings Institutions, Not Federally Chartered",,"CHICOPEE BANCORP, INC."
0001193125-16-683386,0001193125-16-683386,d195446ddefm14a.htm,DEFM14A,2016-08-17,0001595262,"IMS Health Holdings, Inc.",7374,Services-Computer Processing & Data Preparation,,"IMS Health Holdings, Inc."
0001193125-16-688843,0001193125-16-688843,d202102ddefm14a.htm,DEFM14A,2016-08-23,0001262959,HINES REAL ESTATE INVESTMENT TRUST INC,6798,Real Estate Investment Trusts,,HINES REAL ESTATE INVESTMENT TRUST INC
0001193125-16-690111,0001193125-16-690111,d237589ddefm14a.htm,DEFM14A,2016-08-24,0001027207,EPIQ SYSTEMS INC,7371,Services-Computer Programming Services,,EPIQ SYSTEMS INC
0001193125-16-691783,0001193125-16-691783,d210921ddefm14a.htm,DEFM14A,2016-08-25,0001143068,GREAT PLAINS ENERGY INC,4911,Electric Services,,GREAT PLAINS ENERGY INC
0001193125-16-691814,0001193125-16-691814,d244528ddefm14a.htm,DEFM14A,2016-08-25,0000054507,WESTAR ENERGY INC /KS,4931,Electric & Other Services Combined,,"EVERGY KANSAS CENTRAL, INC."
0001193125-16-695621,0001193125-16-695621,d99240ddefm14a.htm,DEFM14A,2016-08-29,0000754673,SUFFOLK BANCORP,6021,National Commercial Banks,,SUFFOLK BANCORP
0001193125-16-696251,0001193125-16-696251,d214956ddefm14a.htm,DEFM14A,2016-08-30,0001555365,WHITEWAVE FOODS Co,2020,Dairy Products,,WHITEWAVE FOODS Co
0001047469-16-015233,0001047469-16-015233,a2229566zdefm14a.htm,DEFM14A,2016-09-02,0000801898,JOY GLOBAL INC,3532,Mining Machinery & Equip (No Oil & Gas Field Mach & Equip),,JOY GLOBAL INC
0001626129-16-000815,0001626129-16-000815,t1602110-defm14a.htm,DEFM14A,2016-09-02,0001622536,Talen Energy Corp,4911,Electric Services,TLN,Talen Energy Corp
0001193125-16-705561,0001193125-16-705561,d211961ddefm14a.htm,DEFM14A,2016-09-09,0001526160,Fleetmatics Group plc,7372,Services-Prepackaged Software,,Fleetmatics Group Ltd
0001193125-16-705675,0001193125-16-705675,d237911ddefm14a.htm,DEFM14A,2016-09-09,0001316625,Silicon Graphics International Corp,3571,Electronic Computers,,Silicon Graphics International Corp
0001193125-16-706326,0001193125-16-706326,d244946ddefm14a.htm,DEFM14A,2016-09-09,0000846931,Lake Sunapee Bank Group,6035,"Savings Institution, Federally Chartered",,Lake Sunapee Bank Group
0001047469-16-015410,0001047469-16-015410,a2229671zdefm14a.htm,DEFM14A,2016-09-12,0001415020,Thompson Creek Metals Co Inc.,1000,Metal Mining,,Thompson Creek Metals Co Inc.
0001368993-16-000148,0001368993-16-000148,proxystatementforssmmerger.htm,DEFM14A,2016-09-15,0001368993,"WaferGen Bio-systems, Inc.",3826,Laboratory Analytical Instruments,,"WaferGen Bio-systems, Inc."
0001193125-16-712349,0001193125-16-712349,d260049ddefm14a.htm,DEFM14A,2016-09-16,0000791907,LINEAR TECHNOLOGY CORP /CA/,3674,Semiconductors & Related Devices,,LINEAR TECHNOLOGY CORP /CA/
0001078782-16-003492,0001078782-16-003492,defm14a091916_defm14a.htm,DEFM14A,2016-09-19,0000354260,SOFTECH INC,7373,Services-Computer Integrated Systems Design,,SOFTECH INC
0001193125-16-713520,0001193125-16-713520,d222208ddefm14a.htm,DEFM14A,2016-09-19,0001322505,Biodel Inc,2834,Pharmaceutical Preparations,,"ALBIREO PHARMA, INC."
0001047469-16-015574,0001047469-16-015574,a2229766zdefm14a.htm,DEFM14A,2016-09-20,0001633142,"Press Ganey Holdings, Inc.",8742,Services-Management Consulting Services,,"Press Ganey Holdings, Inc."
0001193125-16-713780,0001193125-16-713780,d224035ddefm14a.htm,DEFM14A,2016-09-20,0000831968,PROVIDENCE & WORCESTER RAILROAD CO/RI/,4011,"Railroads, Line-Haul Operating",,PROVIDENCE & WORCESTER RAILROAD CO/RI/
0001047469-16-015677,0001047469-16-015677,a2229825zdefm14a.htm,DEFM14A,2016-09-23,0001658566,Silver Run Acquisition Corp,1311,Crude Petroleum & Natural Gas,PR,Permian Resources Corp
0001654954-16-002342,0001654954-16-002342,yuma_defm14a.htm,DEFM14A,2016-09-23,0001672326,"Yuma Delaware Merger Subsidiary, Inc.",1311,Crude Petroleum & Natural Gas,,"Yuma Energy, Inc."
0001654954-16-002351,0001654954-16-002351,yuma_defm14a.htm,DEFM14A,2016-09-23,0000081318,"Yuma Energy, Inc.",1311,Crude Petroleum & Natural Gas,,"Yuma Energy, Inc."
0001047469-16-015715,0001047469-16-015715,a2229813zdefm14a.htm,DEFM14A,2016-09-26,0000203077,ST JUDE MEDICAL INC,3845,Electromedical & Electrotherapeutic Apparatus,,"ST JUDE MEDICAL, LLC"
0001193125-16-718754,0001193125-16-718754,d103445ddefm14a.htm,DEFM14A,2016-09-26,0001145460,ALERE INC.,2835,In Vitro & In Vivo Diagnostic Substances,,ALERE INC.
0001193125-16-718754,0001193125-17-195381,d314135ddefm14a.htm,DEFM14A,2017-06-06,0001145460,ALERE INC.,2835,In Vitro & In Vivo Diagnostic Substances,,ALERE INC.
0001193125-16-725760,0001193125-16-725760,d253138ddefm14a.htm,DEFM14A,2016-09-29,0000039648,G&K SERVICES INC,7200,Services-Personal Services,,G&K SERVICES LLC
0001047469-16-015832,0001047469-16-015832,a2229858zdefm14a.htm,DEFM14A,2016-09-30,0001107694,"RACKSPACE HOSTING, INC.",7370,"Services-Computer Programming, Data Processing, Etc.",,"RACKSPACE HOSTING, INC."
0001047469-16-015846,0001047469-16-015846,a2229897zdefm14a.htm,DEFM14A,2016-09-30,0001355096,Liberty Interactive Corp,5961,Retail-Catalog & Mail-Order Houses,,"Old QVC Group, Inc."
0001193125-16-726110,0001193125-16-726110,d198111ddefm14a.htm,DEFM14A,2016-09-30,0001502749,EverBank Financial Corp,6035,"Savings Institution, Federally Chartered",,"TIAA FSB Holdings, Inc."
0001047469-16-015932,0001047469-16-015932,a2229912zdefm14a.htm,DEFM14A,2016-10-04,0001517650,"Interactive Intelligence Group, Inc.",7372,Services-Prepackaged Software,,"Interactive Intelligence Group, Inc."
0001047469-16-015996,0001047469-16-015996,a2229957zdefm14a.htm,DEFM14A,2016-10-06,0001338042,"Aegerion Pharmaceuticals, Inc.",2834,Pharmaceutical Preparations,,"Aegerion Pharmaceuticals, Inc."
0001558370-16-008532,0001558370-16-008532,rigp-20161111xdefm14a.htm,DEFM14A,2016-10-06,0001607250,Transocean Partners LLC,1381,Drilling Oil & Gas Wells,,Transocean Partners LLC
0001193125-16-733208,0001193125-16-733208,d263126ddefm14a.htm,DEFM14A,2016-10-07,0001037760,CEPHEID,3826,Laboratory Analytical Instruments,,CEPHEID
0001193125-16-734689,0001193125-16-734689,d249170ddefm14a.htm,DEFM14A,2016-10-11,0001324772,Apigee Corp,7372,Services-Prepackaged Software,,Apigee Corp
0001193125-16-734728,0001193125-16-734728,d412341ddefm14a.htm,DEFM14A,2016-10-11,0001562039,"CST BRANDS, INC.",5500,Retail-Auto Dealers & Gasoline Stations,,"CST BRANDS, LLC"
0001626129-16-000907,0001626129-16-000907,natl-defm14a_111016.htm,DEFM14A,2016-10-11,0001301106,National Interstate CORP,6331,"Fire, Marine & Casualty Insurance",,National Interstate CORP
0001193125-16-736379,0001193125-16-736379,d231493ddefm14a.htm,DEFM14A,2016-10-12,0001408356,SOLARCITY CORP,1700,Construction - Special Trade Contractors,,SOLARCITY CORP
0001193125-16-736899,0001193125-16-736899,d230785ddefm14a.htm,DEFM14A,2016-10-13,0001585854,SunEdison Semiconductor Ltd,3674,Semiconductors & Related Devices,,SunEdison Semiconductor Ltd
0001044435-16-000147,0001044435-16-000147,activepower-preliminarypro.htm,DEFM14A,2016-10-17,0001044435,ACTIVE POWER INC,4911,Electric Services,,"P10 Industries, Inc."
0001047469-16-016130,0001047469-16-016130,a2229993zdefm14a.htm,DEFM14A,2016-10-17,0001649709,CIFC LLC,6199,Finance Services,,CIFC LLC
0001193125-16-739822,0001193125-16-739822,d213925ddefm14a.htm,DEFM14A,2016-10-17,0001366367,YADKIN FINANCIAL Corp,6022,State Commercial Banks,,YADKIN FINANCIAL Corp
0001567619-16-003059,0001567619-16-003059,s001426x4_defm14a.htm,DEFM14A,2016-10-17,0000817979,ACCURIDE CORP,3714,Motor Vehicle Parts & Accessories,,ACCURIDE CORP
0001047469-16-016148,0001047469-16-016148,a2230016zdefm14a.htm,DEFM14A,2016-10-18,0000817473,"AMERICAN CAPITAL, LTD",,,,"AMERICAN CAPITAL, LTD"
0001193125-16-741875,0001193125-16-741875,d243590ddefm14a.htm,DEFM14A,2016-10-20,0001444397,Ocean Shore Holding Co.,6035,"Savings Institution, Federally Chartered",,Ocean Shore Holding Co.
0001193125-16-743236,0001193125-16-743236,d223843ddefm14a.htm,DEFM14A,2016-10-21,0000895930,AMSURG CORP,8011,Services-Offices & Clinics of  Doctors of  Medicine,,AMSURG CORP
0001193125-16-743239,0001193125-16-743239,d274727ddefm14a.htm,DEFM14A,2016-10-21,0001578318,"Envision Healthcare Holdings, Inc.",8062,"Services-General Medical & Surgical Hospitals, NEC",,"Envision Healthcare Holdings, Inc."
0001193125-16-743593,0001193125-16-743593,d230057ddefm14a.htm,DEFM14A,2016-10-21,0001644406,"Gores Holdings, Inc.",2050,Bakery Products,,"Hostess Brands, Inc."
0001193125-16-744017,0001193125-16-744017,d215313ddefm14a.htm,DEFM14A,2016-10-24,0001226308,"DTS, INC.",6794,Patent Owners & Lessors,,"DTS, INC."
0001193125-16-746763,0001193125-16-746763,d213233ddefm14a.htm,DEFM14A,2016-10-25,0001135152,FMC TECHNOLOGIES INC,3533,Oil & Gas Field Machinery & Equipment,,FMC TECHNOLOGIES INC
0001174947-16-003320,0001174947-16-003320,c451557_defm14a.htm,DEFM14A,2016-10-28,0001127160,CAROLINA BANK HOLDINGS INC,6022,State Commercial Banks,,CAROLINA BANK HOLDINGS INC
0001193125-16-750541,0001193125-16-750541,d201065ddefm14a.htm,DEFM14A,2016-10-28,0001348911,"Carbylan Therapeutics, Inc.",2834,Pharmaceutical Preparations,,"KalVista Pharmaceuticals, Inc."
0001047469-16-016408,0001047469-16-016408,a2230174zdefm14a.htm,DEFM14A,2016-10-31,0000889936,"PRIVATEBANCORP, INC",6022,State Commercial Banks,,"PRIVATEBANCORP, INC"
0001047469-16-016408,0001047469-17-002540,a2231789zdefm14a.htm,DEFM14A,2017-04-12,0000889936,"PRIVATEBANCORP, INC",6022,State Commercial Banks,,"PRIVATEBANCORP, INC"
0001193125-16-752346,0001193125-16-752346,d252346ddefm14a.htm,DEFM14A,2016-10-31,0001096325,INTERSIL CORP/DE,3674,Semiconductors & Related Devices,,INTERSIL CORP/DE
0001047469-16-016440,0001047469-16-016440,a2230178zdefm14a.htm,DEFM14A,2016-11-02,0001308711,"Behringer Harvard Opportunity REIT I, Inc.",6798,Real Estate Investment Trusts,,"Behringer Harvard Opportunity REIT I, Inc."
0001571049-16-019576,0001571049-16-019576,t1602676-defm14a.htm,DEFM14A,2016-11-07,0001507934,Starz,4841,Cable & Other Pay Television Services,,Starz Acquisition LLC
0001144204-16-132881,0001144204-16-132881,v452645_defm14a.htm,DEFM14A,2016-11-09,0001609865,"American Realty Capital Global Trust II, Inc.",6798,Real Estate Investment Trusts,,"American Realty Capital Global Trust II, Inc."
0001193125-16-763673,0001193125-16-763673,d248335ddefm14a.htm,DEFM14A,2016-11-09,0000921768,BBX CAPITAL CORP,6500,Real Estate,,BBX CAPITAL CORP
0001193125-16-765991,0001193125-16-765991,d252304ddefm14a.htm,DEFM14A,2016-11-10,0001110783,MONSANTO CO /NEW/,2870,Agricultural Chemicals,,MONSANTO CO /NEW/
0001193125-16-766015,0001193125-16-766015,d263942ddefm14a.htm,DEFM14A,2016-11-10,0001330622,"KBS Real Estate Investment Trust, Inc.",6798,Real Estate Investment Trusts,,"KBS Real Estate Investment Trust, Inc."
0001047469-16-016657,0001047469-16-016657,a2230264zdefm14a.htm,DEFM14A,2016-11-14,0001499268,Affinity Gaming,7011,Hotels & Motels,,Affinity Gaming
0001193125-16-767916,0001193125-16-767916,d263241ddefm14a.htm,DEFM14A,2016-11-14,0001373835,Spectra Energy Corp.,4923,Natural Gas Transmisison & Distribution,,Spectra Energy Corp.
0001571049-16-019941,0001571049-16-019941,t1602756_def14a.htm,DEFM14A,2016-11-16,0001578776,"PRUDENTIAL BANCORP, INC.",6036,"Savings Institutions, Not Federally Chartered",,"PRUDENTIAL BANCORP, INC."
0001047469-16-016835,0001047469-16-016835,a2230180zdefm14a.htm,DEFM14A,2016-11-18,0001597503,NorthStar Asset Management Group Inc.,6500,Real Estate,,NorthStar Asset Management Group Inc.
0001047469-16-016837,0001047469-16-016837,a2230181zdefm14a.htm,DEFM14A,2016-11-18,0001273801,NORTHSTAR REALTY FINANCE CORP.,6798,Real Estate Investment Trusts,,NORTHSTAR REALTY FINANCE CORP.
0001047469-16-016839,0001047469-16-016839,a2230176zdefm14a.htm,DEFM14A,2016-11-18,0001467076,"Colony Capital, Inc.",6798,Real Estate Investment Trusts,,"Colony Capital, Inc."
0001144204-16-136042,0001144204-16-136042,v453617_defm14a.htm,DEFM14A,2016-11-23,0001608298,Terrapin 3 Acquisition Corp,6770,Blank Checks,,YATRA USA CORP.
0001144204-16-136106,0001144204-16-136106,v453620_defm14a.htm,DEFM14A,2016-11-23,0001615063,Hydra Industries Acquisition Corp.,7372,Services-Prepackaged Software,INSE,"Inspired Entertainment, Inc."
0001193125-16-776460,0001193125-16-776460,d286373ddefm14a.htm,DEFM14A,2016-11-23,0000043350,Gas Natural Inc.,4924,Natural Gas Distribution,,Gas Natural Inc.
0001437749-16-042675,0001437749-16-042675,arwau20161123_defm14a.htm,DEFM14A,2016-11-28,0001622577,Arowana Inc.,6770,Blank Checks,,Arowana Inc.
0001047469-16-016984,0001047469-16-016984,a2230384zdefm14a.htm,DEFM14A,2016-11-29,0001056923,DATALINK CORP,7373,Services-Computer Integrated Systems Design,,DATALINK CORP
0001193125-16-784375,0001193125-16-784375,d265065ddefm14a.htm,DEFM14A,2016-12-05,0001022652,INSEEGO CORP.,3669,"Communications Equipment, NEC",INSG,INSEEGO CORP.
0001193125-16-788599,0001193125-16-788599,d307495ddefm14a.htm,DEFM14A,2016-12-08,0001034054,SBA COMMUNICATIONS CORP,6798,Real Estate Investment Trusts,SBAC,SBA COMMUNICATIONS CORP
0001047469-16-017124,0001047469-16-017124,a2230421zdefm14a.htm,DEFM14A,2016-12-09,0001560385,Liberty Media Corp,4833,Television Broadcasting Stations,"FWONA,FWONK,FWONB",Liberty Media Corp
0001047469-16-017129,0001047469-16-017129,a2230469zdefm14a.htm,DEFM14A,2016-12-12,0001659228,"Bats Global Markets, Inc.",6200,"Security & Commodity Brokers, Dealers, Exchanges & Services",,"Bats Global Markets, Inc."
0001571049-16-020557,0001571049-16-020557,t1602930-defm14a.htm,DEFM14A,2016-12-12,0001082754,TEAM HEALTH HOLDINGS INC.,7363,Services-Help Supply Services,,TEAM HEALTH HOLDINGS INC.
0001193125-16-792464,0001193125-16-792464,d286627ddefm14a.htm,DEFM14A,2016-12-14,0001292653,"Inteliquent, Inc.",4813,Telephone Communications (No Radiotelephone),,"Inteliquent, Inc."
0001571049-16-020681,0001571049-16-020681,t1603079-defm14a.htm,DEFM14A,2016-12-15,0000785787,AEP INDUSTRIES INC,3081,Unsupported Plastics Film & Sheet,,AEP INDUSTRIES INC
0001144204-16-140039,0001144204-16-140039,v455178_defm14a.htm,DEFM14A,2016-12-16,0001500554,"AMERICAN REALTY CAPITAL - RETAIL CENTERS OF AMERICA, INC.",6798,Real Estate Investment Trusts,,"AMERICAN REALTY CAPITAL - RETAIL CENTERS OF AMERICA, INC."
0001193125-16-797795,0001193125-16-797795,d300723ddefm14a.htm,DEFM14A,2016-12-20,0001009626,BROCADE COMMUNICATIONS SYSTEMS INC,3576,Computer Communications Equipment,,BROCADE COMMUNICATIONS SYSTEMS INC
0001047469-16-017299,0001047469-16-017299,a2230543zdefm14a.htm,DEFM14A,2016-12-22,0001474777,American Farmland Co,6798,Real Estate Investment Trusts,,American Farmland Co
0001047469-16-017306,0001047469-16-017306,a2230554zdefm14a.htm,DEFM14A,2016-12-23,0001091862,Chemtura CORP,2820,"Plastic Material, Synth Resin/Rubber, Cellulos (No Glass)",,LANXESS Solutions US Inc.
0001144204-16-141114,0001144204-16-141114,v455245_defm14a.htm,DEFM14A,2016-12-23,0001009976,COMMERCIAL BANCSHARES INC \OH\,6022,State Commercial Banks,,COMMERCIAL BANCSHARES INC \OH\
0001193125-16-802737,0001193125-16-802737,d308228ddefm14a.htm,DEFM14A,2016-12-23,0001383871,"LIFELOCK, INC.",7374,Services-Computer Processing & Data Preparation,,"LIFELOCK, INC."
0001193125-16-804485,0001193125-16-804485,d290146ddefm14a.htm,DEFM14A,2016-12-28,0001091171,BLUE NILE INC,5944,Retail-Jewelry Stores,,BLUE NILE INC
0001047469-16-017319,0001047469-16-017319,a2230570zdefm14a.htm,DEFM14A,2016-12-29,0001003344,HEADWATERS INC,3272,"Concrete Products, Except Block & Brick",,HEADWATERS INC
0001193125-16-807422,0001193125-16-807422,d250157ddefm14a.htm,DEFM14A,2016-12-29,0001179755,ENDURANCE SPECIALTY HOLDINGS LTD,6331,"Fire, Marine & Casualty Insurance",,ENDURANCE SPECIALTY HOLDINGS LTD
0001193125-16-807445,0001193125-16-807445,d247433ddefm14a.htm,DEFM14A,2016-12-29,0001401521,UNITED INSURANCE HOLDINGS CORP.,6331,"Fire, Marine & Casualty Insurance",ACIC,AMERICAN COASTAL INSURANCE Corp
0001193125-16-808129,0001193125-16-808129,d280747ddefm14a.htm,DEFM14A,2016-12-30,0000863015,ISLE OF CAPRI CASINOS INC,7011,Hotels & Motels,,ISLE OF CAPRI CASINOS INC
0001104659-17-000182,0001104659-17-000182,a16-21651_1defm14a.htm,DEFM14A,2017-01-03,0001542299,"Georgetown Bancorp, Inc.",6022,State Commercial Banks,,"Georgetown Bancorp, Inc."
0001193125-17-000798,0001193125-17-000798,d294484ddefm14a.htm,DEFM14A,2017-01-03,0001420783,Columbia Pipeline Partners LP,4922,Natural Gas Transmission,,Columbia Pipeline Partners LP
0001193125-17-000979,0001193125-17-000979,d305628ddefm14a.htm,DEFM14A,2017-01-04,0000701811,MENTOR GRAPHICS CORP,7373,Services-Computer Integrated Systems Design,,MENTOR GRAPHICS CORP
0001193125-17-005295,0001193125-17-005295,d249981ddefm14a.htm,DEFM14A,2017-01-09,0001105705,TIME WARNER INC.,4841,Cable & Other Pay Television Services,,"WARNER MEDIA, LLC"
0001193125-17-008919,0001193125-17-008919,d282295ddefm14a.htm,DEFM14A,2017-01-12,0001574532,"WCI Communities, Inc.",1531,Operative Builders,,"WCI, LLC"
0001047469-17-000202,0001047469-17-000202,a2230681zdefm14a.htm,DEFM14A,2017-01-17,0001514128,UNIVERSAL AMERICAN CORP.,6324,Hospital & Medical Service Plans,,UNIVERSAL AMERICAN CORP.
0001567619-17-000061,0001567619-17-000061,s001489x2_defm14a.htm,DEFM14A,2017-01-18,0001030206,VASCULAR SOLUTIONS INC,3841,Surgical & Medical Instruments & Apparatus,,VASCULAR SOLUTIONS LLC
0001193125-17-013917,0001193125-17-013917,d317969ddefm14a.htm,DEFM14A,2017-01-20,0000020740,CLARCOR INC.,3714,Motor Vehicle Parts & Accessories,,CLARCOR INC.
0001193125-17-014190,0001193125-17-014190,d299841ddefm14a.htm,DEFM14A,2017-01-20,0000800459,HARMAN INTERNATIONAL INDUSTRIES INC /DE/,3651,Household Audio & Video Equipment,,HARMAN INTERNATIONAL INDUSTRIES INC /DE/
0001193125-17-016567,0001193125-17-016567,d334039ddefm14a.htm,DEFM14A,2017-01-24,0001042810,"EQUITY ONE, INC.",6798,Real Estate Investment Trusts,,"EQUITY ONE, INC."
0001206774-17-000177,0001206774-17-000177,earthlink3175924-defm14a.htm,DEFM14A,2017-01-24,0001102541,EarthLink Holdings Corp.,7370,"Services-Computer Programming, Data Processing, Etc.",,"EarthLink Holdings, LLC"
0001193125-17-017271,0001193125-17-017271,d267031ddefm14a.htm,DEFM14A,2017-01-25,0001276520,GENWORTH FINANCIAL INC,6311,Life Insurance,GNW,GENWORTH FINANCIAL INC
0001193125-17-019379,0001193125-17-019379,d315104ddefm14a.htm,DEFM14A,2017-01-26,0001261159,CNL LIFESTYLE PROPERTIES INC,6798,Real Estate Investment Trusts,,CNL LIFESTYLE PROPERTIES INC
0001193125-17-019899,0001193125-17-019899,d276044ddefm14a.htm,DEFM14A,2017-01-26,0001588216,"RSP Permian, Inc.",1311,Crude Petroleum & Natural Gas,,"RSP Permian, Inc."
0001193125-17-020387,0001193125-17-020387,d268370ddefm14a.htm,DEFM14A,2017-01-27,0000855658,LATTICE SEMICONDUCTOR CORP,3674,Semiconductors & Related Devices,LSCC,LATTICE SEMICONDUCTOR CORP
0001193125-17-024173,0001193125-17-024173,d298570ddefm14a.htm,DEFM14A,2017-01-31,0001058299,LIONBRIDGE TECHNOLOGIES INC /DE/,7389,"Services-Business Services, NEC",,LIONBRIDGE TECHNOLOGIES INC /DE/
0001193125-17-025952,0001193125-17-025952,d289945ddefm14a.htm,DEFM14A,2017-02-01,0001523404,JP Energy Partners LP,5171,Wholesale-Petroleum Bulk Stations & Terminals,,JP Energy Partners LP
0001193125-17-026800,0001193125-17-026800,d495482ddefm14a.htm,DEFM14A,2017-02-01,0000914138,MIDDLEBURG FINANCIAL CORP,6021,National Commercial Banks,,MIDDLEBURG FINANCIAL CORP
0001047469-17-000512,0001047469-17-000512,a2230778zdefm14a.htm,DEFM14A,2017-02-03,0000861361,B/E AEROSPACE INC,3728,"Aircraft Parts & Auxiliary Equipment, NEC",,B/E AEROSPACE INC
0001193125-17-030855,0001193125-17-030855,d328848ddefm14a.htm,DEFM14A,2017-02-03,0001265888,NEUSTAR INC,4899,"Communications Services, NEC",,NEUSTAR INC
0001144204-17-007296,0001144204-17-007296,v458895_defm14a.htm,DEFM14A,2017-02-10,0000726517,MERCHANTS BANCSHARES INC,6022,State Commercial Banks,,MERCHANTS BANCSHARES INC
0001193125-17-038579,0001193125-17-038579,d278212ddefm14a.htm,DEFM14A,2017-02-10,0001484565,"Capnia, Inc.",2834,Pharmaceutical Preparations,,SOLENO THERAPEUTICS INC
0001193125-17-038848,0001193125-17-038848,d274352ddefm14a.htm,DEFM14A,2017-02-13,0001644509,Pace Holdings Corp.,6770,Blank Checks,,Pace Holdings Corp.
0001193125-17-040682,0001193125-17-040682,d282157ddefm14a.htm,DEFM14A,2017-02-13,0000794323,LEVEL 3 COMMUNICATIONS INC,4813,Telephone Communications (No Radiotelephone),,"Level 3 Parent, LLC"
0001193125-17-042981,0001193125-17-042981,d308459ddefm14a.htm,DEFM14A,2017-02-14,0001274792,MERRIMACK PHARMACEUTICALS INC,2834,Pharmaceutical Preparations,,MERRIMACK PHARMACEUTICALS INC
0001193125-17-044647,0001193125-17-044647,d335545ddefm14a.htm,DEFM14A,2017-02-15,0000817366,VCA INC,0700,Agricultural Services,,VCA INC
0001193125-17-047276,0001193125-17-047276,d343481ddefm14a.htm,DEFM14A,2017-02-17,0001339048,"Western Refining, Inc.",2911,Petroleum Refining,,"Western Refining, Inc."
0001047469-17-000993,0001047469-17-000993,a2231072zdefm14a.htm,DEFM14A,2017-02-27,0001062613,FAIRPOINT COMMUNICATIONS INC,4813,Telephone Communications (No Radiotelephone),,FAIRPOINT COMMUNICATIONS INC
0001193125-17-059235,0001193125-17-059235,d314252ddefm14a.htm,DEFM14A,2017-02-27,0000023082,COMPUTER SCIENCES CORP,7373,Services-Computer Integrated Systems Design,,COMPUTER SCIENCES CORP
0001047469-17-001019,0001047469-17-001019,a2231081zdefm14a.htm,DEFM14A,2017-02-28,0000921547,HERITAGE OAKS BANCORP,6022,State Commercial Banks,,HERITAGE OAKS BANCORP
0001193125-17-067684,0001193125-17-067684,d355698ddefm14a.htm,DEFM14A,2017-03-02,0001060523,CARDINAL FINANCIAL CORP,6021,National Commercial Banks,,CARDINAL FINANCIAL CORP
0001193125-17-069862,0001193125-17-069862,d360105ddefm14a.htm,DEFM14A,2017-03-03,0001645926,Multi Packaging Solutions International Ltd,2650,Paperboard Containers & Boxes,,Multi Packaging Solutions International Ltd
0001047469-17-001299,0001047469-17-001299,a2231018zdefm14a.htm,DEFM14A,2017-03-06,0001616817,Metaldyne Performance Group Inc.,3714,Motor Vehicle Parts & Accessories,,Metaldyne Performance Group Inc.
0001193125-17-073336,0001193125-17-073336,d315770ddefm14a.htm,DEFM14A,2017-03-07,0001066104,CEB Inc.,8742,Services-Management Consulting Services,,CEB Inc.
0001571049-17-002135,0001571049-17-002135,t1700203-defm14a.htm,DEFM14A,2017-03-09,0001293593,"Synutra International, Inc.",2020,Dairy Products,,"Synutra International, Inc."
0001567619-17-000443,0001567619-17-000443,s001542x2_defm14a.htm,DEFM14A,2017-03-14,0001120295,IXIA,3825,Instruments For Meas & Testing of  Electricity & Elec Signals,,IXIA
0001047469-17-001846,0001047469-17-001846,a2231435zdefm14a.htm,DEFM14A,2017-03-21,0001065865,JANUS CAPITAL GROUP INC,6282,Investment Advice,,JANUS CAPITAL GROUP INC
0001193125-17-092360,0001193125-17-092360,d303582ddefm14a.htm,DEFM14A,2017-03-23,0000931948,STILLWATER MINING CO /DE/,1090,Miscellaneous Metal Ores,,STILLWATER MINING CO /DE/
0001193125-17-093823,0001193125-17-093823,d348339ddefm14a.htm,DEFM14A,2017-03-23,0001415336,Zeltiq Aesthetics Inc,3845,Electromedical & Electrotherapeutic Apparatus,,Zeltiq Aesthetics Inc
0001193125-17-095831,0001193125-17-095831,d274841ddefm14a.htm,DEFM14A,2017-03-24,0001012569,"Energy Transfer Partners, L.P.",4922,Natural Gas Transmission,,"Energy Transfer, LP"
0001567619-17-000509,0001567619-17-000509,s001558x6_defm14a.htm,DEFM14A,2017-03-24,0000880115,CLAYTON WILLIAMS ENERGY INC /DE,1311,Crude Petroleum & Natural Gas,,CLAYTON WILLIAMS ENERGY INC /DE
0001193125-17-096642,0001193125-17-096642,d350634ddefm14a.htm,DEFM14A,2017-03-27,0001454389,STONEGATE MORTGAGE CORP,6162,Mortgage Bankers & Loan Correspondents,,STONEGATE MORTGAGE CORP
0001047469-17-002089,0001047469-17-002089,a2231568zdefm14a.htm,DEFM14A,2017-03-28,0001557255,Silver Bay Realty Trust Corp.,6798,Real Estate Investment Trusts,,Silver Bay Realty Trust Corp.
0001193125-17-099992,0001193125-17-099992,d329156ddefm14a.htm,DEFM14A,2017-03-28,0001294924,InvenSense Inc,3674,Semiconductors & Related Devices,,InvenSense Inc
0001193125-17-105134,0001193125-17-105134,d337079ddefm14a.htm,DEFM14A,2017-03-31,0001103601,WGL HOLDINGS INC,4924,Natural Gas Distribution,,WGL HOLDINGS INC
0001193125-17-114795,0001193125-17-114795,d307733ddefm14a.htm,DEFM14A,2017-04-07,0001404281,Tokai Pharmaceuticals Inc,2834,Pharmaceutical Preparations,ELDN,"Eledon Pharmaceuticals, Inc."
0001193125-17-116175,0001193125-17-116175,d209944ddefm14a.htm,DEFM14A,2017-04-07,0000010254,EARTHSTONE ENERGY INC,1311,Crude Petroleum & Natural Gas,,EARTHSTONE ENERGY INC
0001193125-17-118827,0001193125-17-118827,d321512ddefm14a.htm,DEFM14A,2017-04-10,0001273931,MONEYGRAM INTERNATIONAL INC,7389,"Services-Business Services, NEC",,MONEYGRAM INTERNATIONAL INC
0001571049-17-003364,0001571049-17-003364,t1700949-defm14a.htm,DEFM14A,2017-04-11,0000320017,"Caladrius Biosciences, Inc.",2834,Pharmaceutical Preparations,LSTA,"LISATA THERAPEUTICS, INC."
0001193125-17-121402,0001193125-17-121402,d306545ddefm14a.htm,DEFM14A,2017-04-12,0001659122,KLR Energy Acquisition Corp.,1311,Crude Petroleum & Natural Gas,,Rosehill Resources Inc.
0001193125-17-123389,0001193125-17-123389,d257937ddefm14a.htm,DEFM14A,2017-04-13,0000865911,CASCADE BANCORP,6022,State Commercial Banks,,CASCADE BANCORP
0001193125-17-132808,0001193125-17-132808,d367015ddefm14a.htm,DEFM14A,2017-04-21,0001520744,Lumos Networks Corp.,4813,Telephone Communications (No Radiotelephone),,Lumos Networks Corp.
0001047469-17-002861,0001047469-17-002861,a2231953zdefm14a.htm,DEFM14A,2017-04-24,0000909791,ULTRATECH INC,3559,"Special Industry Machinery, NEC",,ULTRATECH INC
0001193125-17-133449,0001193125-17-133449,d206374ddefm14a.htm,DEFM14A,2017-04-24,0001011006,YAHOO INC,7373,,,ALTABA INC.
0001626129-17-000284,0001626129-17-000284,lmi-defm14a_060817.htm,DEFM14A,2017-04-24,0001059562,LMI AEROSPACE INC,3728,"Aircraft Parts & Auxiliary Equipment, NEC",,LMI AEROSPACE INC
0001193125-17-134927,0001193125-17-134927,d286121ddefm14a.htm,DEFM14A,2017-04-25,0001084717,PACIFIC CONTINENTAL CORP,6021,National Commercial Banks,,PACIFIC CONTINENTAL CORP
0001193805-17-000696,0001193805-17-000696,e616043_defm14a-adma.htm,DEFM14A,2017-04-26,0001368514,"ADMA BIOLOGICS, INC.",2836,"Biological Products, (No Diagnostic Substances)",ADMA,"ADMA BIOLOGICS, INC."
0000277375-17-000087,0000277375-17-000087,a2017finalproxy.htm,DEFM14A,2017-04-27,0000277375,DELTA NATURAL GAS CO INC,4923,Natural Gas Transmisison & Distribution,,DELTA NATURAL GAS CO INC
0001047469-17-002975,0001047469-17-002975,a2231982zdefm14a.htm,DEFM14A,2017-04-27,0001452575,Mead Johnson Nutrition Co,2000,Food and Kindred Products,,Mead Johnson Nutrition Co
0001047469-17-003091,0001047469-17-003091,a2232019zdefm14a.htm,DEFM14A,2017-05-01,0001469134,"First Community Financial Partners, Inc.",6022,State Commercial Banks,,"First Community Financial Partners, Inc."
0001193125-17-151824,0001193125-17-151824,d376010ddefm14a.htm,DEFM14A,2017-05-01,0001371446,FBR & Co.,6211,"Security Brokers, Dealers & Flotation Companies",,FBR & Co.
0001571049-17-004184,0001571049-17-004184,t1701346_defm14a.htm,DEFM14A,2017-05-01,0000910322,ASTORIA FINANCIAL CORP,6035,"Savings Institution, Federally Chartered",,ASTORIA FINANCIAL CORP
0001193125-17-156465,0001193125-17-156465,d357244ddefm14a.htm,DEFM14A,2017-05-03,0001210227,BNC BANCORP,6021,National Commercial Banks,,BNC BANCORP
0001047469-17-003169,0001047469-17-003169,a2232058zdefm14a.htm,DEFM14A,2017-05-04,0000077776,PHH CORP,6159,Miscellaneous Business Credit Institution,,PHH CORP
0001047469-17-003253,0001047469-17-003253,a2232069zdefm14a.htm,DEFM14A,2017-05-08,0000103096,TRC COMPANIES INC /DE/,8711,Services-Engineering Services,,TRC COMPANIES INC /DE/
0001567619-17-000977,0001567619-17-000977,s001649x4_defm14a.htm,DEFM14A,2017-05-11,0001660484,Innocoll Holdings plc,2834,Pharmaceutical Preparations,,Innocoll Holdings plc
0001144204-17-026886,0001144204-17-026886,v466775_defm14a.htm,DEFM14A,2017-05-12,0001043961,TRANSGENOMIC INC,3826,Laboratory Analytical Instruments,PRPO,"Precipio, Inc."
0001193125-17-168676,0001193125-17-168676,d396269ddefm14a.htm,DEFM14A,2017-05-12,0000934473,GENVEC INC,2834,Pharmaceutical Preparations,,GENVEC INC
0001571049-17-004905,0001571049-17-004905,t1701550-def14a.htm,DEFM14A,2017-05-12,0001047170,EASTERN VIRGINIA BANKSHARES INC,6022,State Commercial Banks,,EASTERN VIRGINIA BANKSHARES INC
0001193125-17-173339,0001193125-17-173339,d346302ddefm14a.htm,DEFM14A,2017-05-17,0000320431,"UNIFIED GROCERS, INC.",5141,"Wholesale-Groceries, General Line",,"UNIFIED GROCERS, INC."
0001437749-17-009516,0001437749-17-009516,moco20170516_defm14a.htm,DEFM14A,2017-05-18,0000067279,MOCON INC,3829,"Measuring & Controlling Devices, NEC",,MOCON INC
0001193125-17-176438,0001193125-17-176438,d390695ddefm14a.htm,DEFM14A,2017-05-19,0001561528,NF Investment Corp.,,,,NF Investment Corp.
0001193125-17-176922,0001193125-17-176922,d317629ddefm14a.htm,DEFM14A,2017-05-22,0000909281,ONEOK Partners LP,4922,Natural Gas Transmission,,ONEOK Partners LP
0001193125-17-176926,0001193125-17-176926,d317629ddefm14a.htm,DEFM14A,2017-05-22,0001039684,ONEOK INC /NEW/,4923,Natural Gas Transmisison & Distribution,OKE,ONEOK INC /NEW/
0001193125-17-187240,0001193125-17-187240,d535234ddefm14a.htm,DEFM14A,2017-05-30,0000808362,BAKER HUGHES INC,3533,Oil & Gas Field Machinery & Equipment,,Baker Hughes Holdings LLC
0001325955-17-000031,0001325955-17-000031,dk-424b3xfinalamendedalonm.htm,DEFM14A,2017-05-30,0001325955,"Alon USA Energy, Inc.",2911,Petroleum Refining,,"Alon USA Energy, Inc."
0001351541-17-000155,0001351541-17-000155,dkdefm14aprojectfinalalodoc.htm,DEFM14A,2017-05-30,0001351541,"Delek US Holdings, Inc.",2911,Petroleum Refining,,"Delek US Energy, Inc."
0001047469-17-003764,0001047469-17-003764,a2232256zdefm14a.htm,DEFM14A,2017-06-01,0001569391,"KCG Holdings, Inc.",6211,"Security Brokers, Dealers & Flotation Companies",,Virtu KCG Holdings LLC
0001047469-17-003767,0001047469-17-003767,a2232315zdefm14a.htm,DEFM14A,2017-06-01,0001406587,Forestar Group Inc.,6500,Real Estate,FOR,Forestar Group Inc.
0001193125-17-189582,0001193125-17-189582,d366589ddefm14a.htm,DEFM14A,2017-06-01,0000724606,PANERA BREAD CO,5812,Retail-Eating  Places,,PANERA BREAD CO
0001193125-17-193197,0001193125-17-193197,d390656ddefm14a.htm,DEFM14A,2017-06-02,0001618561,Nexvet Biopharma plc,2834,Pharmaceutical Preparations,,Nexvet Biopharma plc
0001193125-17-193609,0001193125-17-193609,d405723ddefm14a.htm,DEFM14A,2017-06-05,0001267130,CABELAS INC,5940,Retail-Miscellaneous Shopping Goods Stores,,CABELAS INC
0001193125-17-197197,0001193125-17-197197,d346029ddefm14a.htm,DEFM14A,2017-06-07,0001380393,Fortress Investment Group LLC,6282,Investment Advice,,Fortress Investment Group LLC
0001047469-17-003896,0001047469-17-003896,a2232385zdefm14a.htm,DEFM14A,2017-06-08,0001369817,"OneBeacon Insurance Group, Ltd.",6331,"Fire, Marine & Casualty Insurance",,"OneBeacon Insurance Group, Ltd."
0001144204-17-032348,0001144204-17-032348,v468705_defm14a.htm,DEFM14A,2017-06-13,0001118037,SAJAN INC,7389,"Services-Business Services, NEC",,SAJAN INC
0001193125-17-202703,0001193125-17-202703,d514195ddefm14a.htm,DEFM14A,2017-06-14,0001412232,VWR Corp,5040,Wholesale-Professional & Commercial Equipment & Supplies,,VWR Corp
0001193125-17-203053,0001193125-17-203053,d366567ddefm14a.htm,DEFM14A,2017-06-14,0001275283,REYNOLDS AMERICAN INC,2111,Cigarettes,,REYNOLDS AMERICAN INC
0001144204-17-032752,0001144204-17-032752,v469030_defm14a.htm,DEFM14A,2017-06-15,0001648955,Capitol Acquisition Corp. III,6770,Blank Checks,,Capitol Acquisition Corp. III
0001213900-17-006541,0001213900-17-006541,def14a061517_simplygood.htm,DEFM14A,2017-06-15,0001672985,Conyers Park Acquisition Corp.,6770,Blank Checks,,Conyers Park Acquisition Corp.
0001308179-17-000193,0001308179-17-000193,lakrx2017_defm14a.htm,DEFM14A,2017-06-15,0000003116,AKORN INC,2834,Pharmaceutical Preparations,,AKORN INC
0001193125-17-206412,0001193125-17-206412,d320129ddefm14a.htm,DEFM14A,2017-06-19,0001401914,Cerulean Pharma Inc.,2834,Pharmaceutical Preparations,DARE,"Dare Bioscience, Inc."
0001193125-17-210383,0001193125-17-210383,d383589ddefm14a.htm,DEFM14A,2017-06-22,0001208208,"DIGITALGLOBE, INC.",4899,"Communications Services, NEC",,"DIGITALGLOBE, INC."
0001193125-17-211288,0001193125-17-211288,d388956ddefm14a.htm,DEFM14A,2017-06-23,0001575879,Caesars Acquisition Co,7011,Hotels & Motels,,Caesars Acquisition Co
0001047469-17-004226,0001047469-17-004226,a2232517zdefm14a.htm,DEFM14A,2017-06-26,0001620179,Quinpario Acquisition Corp. 2,7389,"Services-Business Services, NEC",,"Exela Technologies, Inc."
0001193125-17-212409,0001193125-17-212409,d373379ddefm14a.htm,DEFM14A,2017-06-26,0001563699,Covisint Corp,7374,Services-Computer Processing & Data Preparation,,Covisint Corp
0001193125-17-215084,0001193125-17-215084,d412858ddefm14a.htm,DEFM14A,2017-06-27,0001024657,WEST CORP,7389,"Services-Business Services, NEC",,WEST CORP
0001567619-17-001306,0001567619-17-001306,s001738x2_defm14a.htm,DEFM14A,2017-06-27,0001643848,Patheon N.V.,2834,Pharmaceutical Preparations,,Patheon N.V.
0001193125-17-217331,0001193125-17-217331,d413349ddefm14a.htm,DEFM14A,2017-06-29,0001322554,Xactly Corp,7372,Services-Prepackaged Software,,Xactly Corp
0001213900-17-007005,0001213900-17-007005,defm14a0617_harmonymerger.htm,DEFM14A,2017-06-29,0001612720,Harmony Merger Corp.,4923,Natural Gas Transmisison & Distribution,NEXT,NextDecade Corp
0001193125-17-220188,0001193125-17-220188,d406130ddefm14a.htm,DEFM14A,2017-06-30,0001574460,Straight Path Communications Inc.,4812,Radiotelephone Communications,,Straight Path Communications Inc.
0001193125-17-220226,0001193125-17-220226,d402308ddefm14a.htm,DEFM14A,2017-06-30,0001610950,"INC Research Holdings, Inc.",8731,Services-Commercial Physical & Biological Research,,"Syneos Health, Inc."
0001193125-17-220263,0001193125-17-220263,d420627ddefm14a.htm,DEFM14A,2017-06-30,0000009892,BARD C R INC /NJ/,3841,Surgical & Medical Instruments & Apparatus,,BARD C R INC /NJ/
0001193125-17-220761,0001193125-17-220761,d391974ddefm14a.htm,DEFM14A,2017-07-03,0001572684,"UCP, Inc.",1531,Operative Builders,,"UCP, Inc."
0001626129-17-000444,0001626129-17-000444,phld-defm14a_092017.htm,DEFM14A,2017-07-06,0001476204,"PHILLIPS EDISON GROCERY CENTER REIT I, INC.",6798,Real Estate Investment Trusts,PECO,"Phillips Edison & Company, Inc."
0001144204-17-036061,0001144204-17-036061,v470480_defm14a.htm,DEFM14A,2017-07-07,0001378774,Sentio Healthcare Properties Inc,6798,Real Estate Investment Trusts,,Sentio Healthcare Properties Inc
0001193125-17-224333,0001193125-17-224333,d423037ddefm14a.htm,DEFM14A,2017-07-07,0001639947,"Care Capital Properties, Inc.",6798,Real Estate Investment Trusts,,"Care Capital Properties, Inc."
0001193125-17-225253,0001193125-17-225253,d396212ddefm14a.htm,DEFM14A,2017-07-10,0001649749,FB Financial Corp,6022,State Commercial Banks,FBK,FB Financial Corp
0001144204-17-036873,0001144204-17-036873,v470292_defm14a.htm,DEFM14A,2017-07-14,0001065087,ALBANY MOLECULAR RESEARCH INC,8731,Services-Commercial Physical & Biological Research,,ALBANY MOLECULAR RESEARCH INC
0001193125-17-228597,0001193125-17-228597,d376584ddefm14a.htm,DEFM14A,2017-07-14,0000817135,"Alliance HealthCare Services, Inc",8071,Services-Medical Laboratories,,"Alliance HealthCare Services, Inc"
0001213900-17-007580,0001213900-17-007580,defm14a0717_pacificspecial.htm,DEFM14A,2017-07-14,0001650575,Pacific Special Acquisition Corp.,7373,Services-Computer Integrated Systems Design,BRQSF,"Borqs Technologies, Inc."
0001047469-17-004631,0001047469-17-004631,a2232712zdefm14a.htm,DEFM14A,2017-07-18,0000923603,FelCor Lodging Trust Inc,6798,Real Estate Investment Trusts,,FelCor Lodging Trust Inc
0001571049-17-006849,0001571049-17-006849,t1702075-defm14a.htm,DEFM14A,2017-07-21,0000865436,WHOLE FOODS MARKET INC,5411,Retail-Grocery Stores,,WHOLE FOODS MARKET INC
0001047469-17-004735,0001047469-17-004735,a2232756zdefm14a.htm,DEFM14A,2017-07-24,0001050007,NUTRACEUTICAL INTERNATIONAL CORP,2833,Medicinal Chemicals & Botanical Products,,NUTRACEUTICAL INTERNATIONAL CORP
0001047469-17-004755,0001047469-17-004755,a2232770zdefm14a.htm,DEFM14A,2017-07-25,0001543643,CU Bancorp,6021,National Commercial Banks,,CU Bancorp
0001571049-17-006940,0001571049-17-006940,t1702051-defm14a.htm,DEFM14A,2017-07-26,0001668428,CF Corp,6311,Life Insurance,,FGL Holdings
0000930413-17-002734,0000930413-17-002734,c89013_defm14a.htm,DEFM14A,2017-07-31,0001479750,Capital Bank Financial Corp.,6021,National Commercial Banks,,Capital Bank Financial Corp.
0000930413-17-002760,0000930413-17-002760,c88844_defm14a.htm,DEFM14A,2017-07-31,0000879796,ARI NETWORK SERVICES INC /WI,7370,"Services-Computer Programming, Data Processing, Etc.",,ARI NETWORK SERVICES INC /WI
0001193125-17-241458,0001193125-17-241458,d365526ddefm14a.htm,DEFM14A,2017-07-31,0000081362,QUAKER CHEMICAL CORP,2990,Miscellaneous Products of  Petroleum & Coal,KWR,QUAKER CHEMICAL CORP
0001047469-17-004941,0001047469-17-004941,a2232862zdefm14a.htm,DEFM14A,2017-08-03,0000791519,STAPLES INC,5940,Retail-Miscellaneous Shopping Goods Stores,,STAPLES INC
0001047469-17-004976,0001047469-17-004976,a2232886zdefm14a.htm,DEFM14A,2017-08-03,0001163348,"Allied World Assurance Co Holdings, AG",6331,"Fire, Marine & Casualty Insurance",,"Allied World Assurance Co Holdings, GmbH"
0001047469-17-005072,0001047469-17-005072,a2232921zdefm14a.htm,DEFM14A,2017-08-08,0001577095,"ClubCorp Holdings, Inc.",7997,Services-Membership Sports & Recreation Clubs,,"ClubCorp Holdings, Inc."
0001571049-17-007299,0001571049-17-007299,t1702317-defm14a.htm,DEFM14A,2017-08-09,0000929452,KNIGHT TRANSPORTATION INC,4213,Trucking (No Local),,KNIGHT TRANSPORTATION INC
0001047469-17-005183,0001047469-17-005183,a2232941zdefm14a.htm,DEFM14A,2017-08-10,0001384710,"Monogram Residential Trust, Inc.",6798,Real Estate Investment Trusts,,"Monogram Residential Trust, Inc."
0001144204-17-042353,0001144204-17-042353,v472720_defm14a.htm,DEFM14A,2017-08-11,0000912833,WEST MARINE INC,5500,Retail-Auto Dealers & Gasoline Stations,,WEST MARINE INC
0001193125-17-256025,0001193125-17-256025,d417146ddefm14a.htm,DEFM14A,2017-08-11,0001677761,"Parkway, Inc.",6798,Real Estate Investment Trusts,,"Parkway, Inc."
0001193125-17-257795,0001193125-17-257795,d442112ddefm14a.htm,DEFM14A,2017-08-15,0001407739,"DUPONT FABROS TECHNOLOGY, INC.",6500,Real Estate,,"DUPONT FABROS TECHNOLOGY, INC."
0001193125-17-258029,0001193125-17-258029,d436023ddefm14a.htm,DEFM14A,2017-08-15,0000799729,PAREXEL INTERNATIONAL CORP,8731,Services-Commercial Physical & Biological Research,,PAREXEL INTERNATIONAL CORP
0001193125-17-258576,0001193125-17-258576,d421677ddefm14a.htm,DEFM14A,2017-08-15,0001518222,"Bankrate, Inc.",7374,Services-Computer Processing & Data Preparation,,"Bankrate, Inc."
0001193125-17-259883,0001193125-17-259883,d405553ddefm14a.htm,DEFM14A,2017-08-16,0000884905,PRAXAIR INC,2810,Industrial Inorganic Chemicals,,LINDE INC
0001567619-17-001725,0001567619-17-001725,s001831x1_defm14a.htm,DEFM14A,2017-08-16,0001546609,"MVP REIT, Inc.",6798,Real Estate Investment Trusts,,"MVP REIT, Inc."
0001047469-17-005317,0001047469-17-005317,a2233066zdefm14a.htm,DEFM14A,2017-08-18,0000008411,ATWOOD OCEANICS INC,1381,Drilling Oil & Gas Wells,,ATWOOD OCEANICS INC
0001193125-17-262345,0001193125-17-262345,d391632ddefm14a.htm,DEFM14A,2017-08-18,0000880771,SCICLONE PHARMACEUTICALS INC,2834,Pharmaceutical Preparations,,SCICLONE PHARMACEUTICALS INC
0001193125-17-263649,0001193125-17-263649,d425037ddefm14a.htm,DEFM14A,2017-08-21,0000825411,"SEVCON, INC.",3620,Electrical Industrial Apparatus,,"SEVCON, INC."
0001193125-17-265999,0001193125-17-265999,d430090ddefm14a.htm,DEFM14A,2017-08-24,0001254595,FIRST POTOMAC REALTY TRUST,6798,Real Estate Investment Trusts,,FIRST POTOMAC REALTY TRUST
0001193125-17-271966,0001193125-17-271966,d428551ddefm14a.htm,DEFM14A,2017-08-29,0000092679,SPARTON CORP,3672,Printed Circuit Boards,,SPARTON CORP
0001047469-17-005453,0001047469-17-005453,a2233101zdefm14a.htm,DEFM14A,2017-08-30,0001491778,"Angie's List, Inc.",7310,Services-Advertising,,"Angie's List, Inc."
0001567619-17-001809,0001567619-17-001809,s001559x7_defm14a.htm,DEFM14A,2017-08-31,0001530804,Tronox Ltd,2810,Industrial Inorganic Chemicals,TROX,Tronox Holdings plc
0001193125-17-274949,0001193125-17-274949,d447245ddefm14a.htm,DEFM14A,2017-09-01,0001500836,"Wolverine Bancorp, Inc.",6036,"Savings Institutions, Not Federally Chartered",,"Wolverine Bancorp, Inc."
0001193125-17-276716,0001193125-17-276716,d373466ddefm14a.htm,DEFM14A,2017-09-05,0000357020,Xcerra Corp,3825,Instruments For Meas & Testing of  Electricity & Elec Signals,,Xcerra Corp
0001047469-17-005567,0001047469-17-005567,a2233145zdefm14a.htm,DEFM14A,2017-09-06,0000726513,TRIBUNE MEDIA CO,4833,Television Broadcasting Stations,,TRIBUNE MEDIA CO
0001144204-17-046800,0001144204-17-046800,v474648_defm14a.htm,DEFM14A,2017-09-06,0001027183,FIRST SOUTH BANCORP INC /VA/,6022,State Commercial Banks,,FIRST SOUTH BANCORP INC /VA/
0001567619-17-001844,0001567619-17-001844,s001805x2_defm14a.htm,DEFM14A,2017-09-06,0001599947,"TerraForm Power, Inc.",4911,Electric Services,,"TerraForm Power NY Holdings, Inc."
0001193125-17-281924,0001193125-17-281924,d419675ddefm14a.htm,DEFM14A,2017-09-11,0001610793,"State National Companies, Inc.",6331,"Fire, Marine & Casualty Insurance",,"State National Companies, Inc."
0001193125-17-281975,0001193125-17-281975,d425286ddefm14a.htm,DEFM14A,2017-09-11,0001476264,"WashingtonFirst Bankshares, Inc.",6022,State Commercial Banks,,"WashingtonFirst Bankshares, Inc."
0001047469-17-005767,0001047469-17-005767,a2233251zdefm14a.htm,DEFM14A,2017-09-12,0000764038,SOUTH STATE Corp,6022,State Commercial Banks,SSB,SouthState Bank Corp
0001047469-17-005768,0001047469-17-005768,a2233253zdefm14a.htm,DEFM14A,2017-09-12,0001507277,Park Sterling Corp,6022,State Commercial Banks,,Park Sterling Corp
0001571049-17-007845,0001571049-17-007845,t1702529-defm14a.htm,DEFM14A,2017-09-12,0000914374,SOUTHWEST BANCORP INC,6022,State Commercial Banks,,SOUTHWEST BANCORP INC
0001193125-17-283232,0001193125-17-283232,d381786ddefm14a.htm,DEFM14A,2017-09-13,0001408100,"Kennedy-Wilson Holdings, Inc.",6500,Real Estate,,"Kennedy-Wilson Holdings, Inc."
0001193125-17-285196,0001193125-17-285196,d451322ddefm14a.htm,DEFM14A,2017-09-14,0001545654,"Alexander & Baldwin, Inc.",6798,Real Estate Investment Trusts,,"Alexander & Baldwin, Inc."
0001047469-17-005885,0001047469-17-005885,a2233293zdefm14a.htm,DEFM14A,2017-09-15,0001123270,BANK MUTUAL CORP,6035,"Savings Institution, Federally Chartered",,BANK MUTUAL CORP
0001571049-17-007906,0001571049-17-007906,t1702590-defm14a.htm,DEFM14A,2017-09-15,0001143155,"Xenith Bankshares, Inc.",6021,National Commercial Banks,,"Xenith Bankshares, Inc."
0001144204-17-048501,0001144204-17-048501,v475117_defm14a.htm,DEFM14A,2017-09-18,0001611988,Fifth Street Asset Management Inc.,6282,Investment Advice,,Fifth Street Asset Management Inc.
0001193125-17-289525,0001193125-17-289525,d391499ddefm14a.htm,DEFM14A,2017-09-20,0001017793,SUN BANCORP INC /NJ/,6029,"Commercial Banks, NEC",,SUN BANCORP INC /NJ/
0001047469-17-006035,0001047469-17-006035,a2233371zdefm14a.htm,DEFM14A,2017-09-22,0001105472,SONUS NETWORKS INC,7373,Services-Computer Integrated Systems Design,,"Sonus, Inc."
0001193125-17-291214,0001193125-17-291214,d446488ddefm14a.htm,DEFM14A,2017-09-22,0001469822,"KBS Legacy Partners Apartment REIT, Inc.",6798,Real Estate Investment Trusts,,"KBS Legacy Partners Apartment REIT, Inc."
0001193125-17-291365,0001193125-17-291365,d410078ddefm14a.htm,DEFM14A,2017-09-22,0001333170,"NxStage Medical, Inc.",3845,Electromedical & Electrotherapeutic Apparatus,,"NxStage Medical, Inc."
0001193125-17-296395,0001193125-17-296395,d426398ddefm14a.htm,DEFM14A,2017-09-28,0001581908,"Western Refining Logistics, LP",4610,Pipe Lines (No Natural Gas),,"Western Refining Logistics, LP"
0001193125-17-301020,0001193125-17-301020,d430599ddefm14a.htm,DEFM14A,2017-10-02,0000104918,AVISTA CORP,4931,Electric & Other Services Combined,AVA,AVISTA CORP
0001567619-17-002126,0001567619-17-002126,s001856x2_defm14a.htm,DEFM14A,2017-10-03,0001388195,PharMerica CORP,5912,Retail-Drug Stores and Proprietary Stores,,PharMerica CORP
0001571049-17-008085,0001571049-17-008085,t1702686-defm14a.htm,DEFM14A,2017-10-04,0001314475,SPARK NETWORKS INC,7389,"Services-Business Services, NEC",,SPARK NETWORKS INC
0001193125-17-303814,0001193125-17-303814,d446062ddefm14a.htm,DEFM14A,2017-10-05,0001461993,"CEMPRA, INC.",2834,Pharmaceutical Preparations,,"MELINTA THERAPEUTICS, INC. /NEW/"
0001193125-17-304638,0001193125-17-304638,d440513ddefm14a.htm,DEFM14A,2017-10-05,0001487986,"Hawaiian Telcom Holdco, Inc.",4899,"Communications Services, NEC",,"Hawaiian Telcom Holdco, Inc."
0001437749-17-016831,0001437749-17-016831,bsf20171003b_defm14a.htm,DEFM14A,2017-10-05,0001006424,"BEAR STATE FINANCIAL, INC.",6022,State Commercial Banks,,"BEAR STATE FINANCIAL, INC."
0001193125-17-305107,0001193125-17-305107,d411705ddefm14a.htm,DEFM14A,2017-10-06,0001383183,CombiMatrix Corp,8090,"Services-Misc Health & Allied Services, NEC",,CombiMatrix Corp
0001193125-17-307158,0001193125-17-307158,d406319ddefm14a.htm,DEFM14A,2017-10-10,0001143068,GREAT PLAINS ENERGY INC,4911,Electric Services,,GREAT PLAINS ENERGY INC
0001193125-17-307179,0001193125-17-307179,d406319ddefm14a.htm,DEFM14A,2017-10-10,0000054507,WESTAR ENERGY INC /KS,4931,Electric & Other Services Combined,,"EVERGY KANSAS CENTRAL, INC."
0001567619-17-002164,0001567619-17-002164,s001867x2_defm14a.htm,DEFM14A,2017-10-10,0001620702,"TERRAFORM GLOBAL, INC.",4911,Electric Services,,"TERRAFORM GLOBAL, INC."
0001193125-17-307521,0001193125-17-307521,d460200ddefm14a.htm,DEFM14A,2017-10-11,0001157377,ADVISORY BOARD CO,8741,Services-Management Services,,ADVISORY BOARD CO
0001047469-17-006341,0001047469-17-006341,a2233529zdefm14a.htm,DEFM14A,2017-10-12,0001588238,Rice Energy Inc.,1311,Crude Petroleum & Natural Gas,,"EQT RE, LLC"
0001144204-17-052284,0001144204-17-052284,v476567_defm14a.htm,DEFM14A,2017-10-12,0001551986,"Monster Digital, Inc.",2834,Pharmaceutical Preparations,,"9 METERS BIOPHARMA, INC."
0001193125-17-310310,0001193125-17-310310,d398351ddefm14a.htm,DEFM14A,2017-10-16,0001579471,Starwood Waypoint Homes,6798,Real Estate Investment Trusts,,Invitation Homes
0001193125-17-311047,0001193125-17-311047,d362266ddefm14a.htm,DEFM14A,2017-10-16,0001067837,ENTERCOM COMMUNICATIONS CORP,4832,Radio Broadcasting Stations,,"AUDACY, INC."
0001193125-17-311709,0001193125-17-311709,d476583ddefm14a.htm,DEFM14A,2017-10-17,0001599891,"Sunshine Bancorp, Inc.",6035,"Savings Institution, Federally Chartered",,"Sunshine Bancorp, Inc."
0001047469-17-006453,0001047469-17-006453,a2233579zdefm14a.htm,DEFM14A,2017-10-19,0001331875,"Fidelity National Financial, Inc.",6361,Title Insurance,FNF,"Fidelity National Financial, Inc."
0001193125-17-314122,0001193125-17-314122,d450297ddefm14a.htm,DEFM14A,2017-10-19,0001430602,"Scripps Networks Interactive, Inc.",4841,Cable & Other Pay Television Services,,"Scripps Networks Interactive, Inc."
0001626129-17-000575,0001626129-17-000575,bs62710x3_defm14a.htm,DEFM14A,2017-10-19,0000720002,MAINSOURCE FINANCIAL GROUP,6022,State Commercial Banks,,MAINSOURCE FINANCIAL GROUP
0001144204-17-053526,0001144204-17-053526,tv477444_defm14a.htm,DEFM14A,2017-10-23,0001609234,"American Realty Capital Healthcare Trust III, Inc.",6798,Real Estate Investment Trusts,,"American Realty Capital Healthcare Trust III, Inc."
0001047469-17-006525,0001047469-17-006525,a2233603zdefm14a.htm,DEFM14A,2017-10-25,0000866121,"ORBITAL ATK, INC.",3760,Guided Missiles & Space Vehicles & Parts,,"Northrop Grumman Innovation Systems, Inc."
0001193125-17-319544,0001193125-17-319544,d455352ddefm14a.htm,DEFM14A,2017-10-26,0001022705,TESCO CORP,3533,Oil & Gas Field Machinery & Equipment,,TESCO CORP
0001193125-17-324961,0001193125-17-324961,d423680ddefm14a.htm,DEFM14A,2017-10-30,0001583744,Arc Logistics Partners LP,5171,Wholesale-Petroleum Bulk Stations & Terminals,,Zenith Energy Logistics Partners LP
0001193125-17-326609,0001193125-17-326609,d486841ddefm14a.htm,DEFM14A,2017-10-31,0000870753,NUMEREX CORP /PA/,3669,"Communications Equipment, NEC",,NUMEREX CORP /PA/
0001193125-17-327431,0001193125-17-327431,d466238ddefm14a.htm,DEFM14A,2017-10-31,0001498415,"HCBF Holding Company, Inc.",6022,State Commercial Banks,,"HCBF Holding Company, Inc."
0001144204-17-056606,0001144204-17-056606,tv477931_defm14a.htm,DEFM14A,2017-11-06,0000749038,CONCURRENT COMPUTER CORP/DE,6199,Finance Services,,"CCUR Holdings, Inc."
0001193125-17-335781,0001193125-17-335781,d475722ddefm14a.htm,DEFM14A,2017-11-07,0001085621,Actua Corp,7371,Services-Computer Programming Services,,Actua Corp
0001437749-17-018528,0001437749-17-018528,cfi20171107_defm14a.htm,DEFM14A,2017-11-07,0001179500,COMMUNITY FIRST INC,6022,State Commercial Banks,,COMMUNITY FIRST INC
0001193125-17-338957,0001193125-17-338957,d467110ddefm14a.htm,DEFM14A,2017-11-09,0000777491,CH2M HILL COMPANIES LTD,8711,Services-Engineering Services,,CH2M HILL COMPANIES LTD
0001193125-17-341396,0001193125-17-341396,d476502ddefm14a.htm,DEFM14A,2017-11-14,0000916457,CALPINE CORP,4911,Electric Services,,CALPINE CORP
0001567619-17-002340,0001567619-17-002340,s001946x2_defm14a.htm,DEFM14A,2017-11-16,0001180079,SILVER SPRING NETWORKS INC,3576,Computer Communications Equipment,,"Itron Networked Solutions, Inc."
0001193125-17-346362,0001193125-17-346362,d481438ddefm14a.htm,DEFM14A,2017-11-17,0000033769,BOB EVANS FARMS INC,5812,Retail-Eating  Places,,BOB EVANS FARMS INC
0001193125-17-347719,0001193125-17-347719,d474183ddefm14a.htm,DEFM14A,2017-11-20,0000068270,RUBY TUESDAY INC,5812,Retail-Eating  Places,,RUBY TUESDAY INC
0001144204-17-060496,0001144204-17-060496,tv480123_defm14a.htm,DEFM14A,2017-11-22,0001634423,"Randolph Acquisitions, Inc.",6500,Real Estate,,"Randolph Acquisitions, Inc."
0001193125-17-351045,0001193125-17-351045,d472594ddefm14a.htm,DEFM14A,2017-11-24,0001484504,Gigamon Inc.,7374,Services-Computer Processing & Data Preparation,,Gigamon Inc.
0001437749-17-019780,0001437749-17-019780,ome20171121_defm14a.htm,DEFM14A,2017-11-24,0001053650,OMEGA PROTEIN CORP,2070,Fats & Oils,,OMEGA PROTEIN CORP
0001193125-17-351649,0001193125-17-351649,d440335ddefm14a.htm,DEFM14A,2017-11-27,0001533932,"Vantiv, Inc.",7389,"Services-Business Services, NEC",,"Worldpay, Inc."
0001193125-17-352688,0001193125-17-352688,d452469ddefm14a.htm,DEFM14A,2017-11-28,0000812701,CALGON CARBON Corp,2810,Industrial Inorganic Chemicals,,CALGON CARBON Corp
0001047469-17-007349,0001047469-17-007349,a2233142zdefm14a.htm,DEFM14A,2017-11-29,0001434729,"HSN, Inc.",5940,Retail-Miscellaneous Shopping Goods Stores,,"HSN, Inc."
0001193125-17-355921,0001193125-17-355921,d473477ddefm14a.htm,DEFM14A,2017-11-30,0001373561,"NewStar Financial, Inc.",6172,Finance Lessors,,"First Eagle Private Credit, LLC"
0001654954-17-011248,0001654954-17-011248,pbnc_defm14a.htm,DEFM14A,2017-12-01,0001414374,Paragon Commercial CORP,6022,State Commercial Banks,,Paragon Commercial CORP
0001193125-17-360226,0001193125-17-360226,d407163ddefm14a.htm,DEFM14A,2017-12-04,0001281895,INOTEK PHARMACEUTICALS CORP,2834,Pharmaceutical Preparations,RCKT,"ROCKET PHARMACEUTICALS, INC."
0001193125-17-362938,0001193125-17-362938,d501891ddefm14a.htm,DEFM14A,2017-12-06,0001455650,"NorthStar Real Estate Income Trust, Inc.",6798,Real Estate Investment Trusts,,N1 Liquidating Trust
0001193125-17-362943,0001193125-17-362943,d499830ddefm14a.htm,DEFM14A,2017-12-06,0001564657,"NorthStar Real Estate Income II, Inc.",6798,Real Estate Investment Trusts,,"NorthStar Real Estate Income II, Inc."
0001047469-17-007568,0001047469-17-007568,a2234017zdefm14a.htm,DEFM14A,2017-12-08,0001104349,CAPELLA EDUCATION CO,8200,Services-Educational Services,,CAPELLA EDUCATION CO
0001047469-17-007573,0001047469-17-007573,a2234035zdefm14a.htm,DEFM14A,2017-12-08,0001649173,BOULEVARD ACQUISITION CORP. II,6770,Blank Checks,,ESTRE USA INC.
0001193125-17-365512,0001193125-17-365512,d449927ddefm14a.htm,DEFM14A,2017-12-11,0001137411,ROCKWELL COLLINS INC,3728,"Aircraft Parts & Auxiliary Equipment, NEC",,ROCKWELL COLLINS INC
0001047469-17-007634,0001047469-17-007634,a2234030zdefm14a.htm,DEFM14A,2017-12-13,0000945699,IXYS CORP /DE/,3674,Semiconductors & Related Devices,,"IXYS, LLC"
0001193125-17-368366,0001193125-17-368366,d489469ddefm14a.htm,DEFM14A,2017-12-13,0001086909,"BROADSOFT, INC.",7372,Services-Prepackaged Software,,"BROADSOFT, INC."
0001193125-17-370759,0001193125-17-370759,d491869ddefm14a.htm,DEFM14A,2017-12-15,0001467373,Accenture plc,7389,"Services-Business Services, NEC",ACN,Accenture plc
0001193125-17-376584,0001193125-17-376584,d434616ddefm14a.htm,DEFM14A,2017-12-21,0001617227,"J. Alexander's Holdings, Inc.",5812,Retail-Eating  Places,,"J. Alexander's Holdings, Inc."
0001193125-17-378789,0001193125-17-378789,d465809ddefm14a.htm,DEFM14A,2017-12-26,0001330421,Bazaarvoice Inc,7372,Services-Prepackaged Software,,Bazaarvoice Inc
0001193125-17-380642,0001193125-17-380642,d432310ddefm14a.htm,DEFM14A,2017-12-28,0001062449,BUFFALO WILD WINGS INC,5812,Retail-Eating  Places,,BUFFALO WILD WINGS INC
0001654954-17-011902,0001654954-17-011902,fsnn_defm14a.htm,DEFM14A,2017-12-28,0001071411,FUSION TELECOMMUNICATIONS INTERNATIONAL INC,7372,Services-Prepackaged Software,,"Fusion Connect, Inc."
0001047469-17-007840,0001047469-17-007840,a2234152zdefm14a.htm,DEFM14A,2017-12-29,0001355096,Liberty Interactive Corp,5961,Retail-Catalog & Mail-Order Houses,,"Old QVC Group, Inc."
0001193125-18-003442,0001193125-18-003442,d479768ddefm14a.htm,DEFM14A,2018-01-05,0000920760,LENNAR CORP /NEW/,1520,General Bldg Contractors - Residential Bldgs,"LEN,LEN-B",LENNAR CORP /NEW/
0001193125-18-003465,0001193125-18-003465,d479768ddefm14a.htm,DEFM14A,2018-01-05,0000878560,"CalAtlantic Group, Inc.",1531,Operative Builders,,"CalAtlantic Group, LLC"
0001047469-18-000082,0001047469-18-000082,a2234183zdefm14a.htm,DEFM14A,2018-01-08,0001556766,"Alon USA Partners, LP",2911,Petroleum Refining,,"Alon USA Partners, LP"
0001193125-18-007375,0001193125-18-007375,d501512ddefm14a.htm,DEFM14A,2018-01-09,0001348334,BARRACUDA NETWORKS INC,3577,"Computer Peripheral Equipment, NEC",,BARRACUDA NETWORKS INC
0001193125-18-010291,0001193125-18-010291,d497992ddefm14a.htm,DEFM14A,2018-01-16,0000913165,EXACTECH INC,3842,"Orthopedic, Prosthetic & Surgical Appliances & Supplies",,EXACTECH INC
0001193125-18-011306,0001193125-18-011306,d485206ddefm14a.htm,DEFM14A,2018-01-16,0000886035,GENERAL CABLE CORP /DE/,3357,Drawing & Insulating of  Nonferrous Wire,,GENERAL CABLE CORP /DE/
0001213900-18-000548,0001213900-18-000548,defm14a0118_globalpartner.htm,DEFM14A,2018-01-16,0001643953,Global Partner Acquisition Corp.,2510,Household Furniture,PRPL,"Purple Innovation, Inc."
0001193125-18-013322,0001193125-18-013322,d508185ddefm14a.htm,DEFM14A,2018-01-18,0001022469,DELTIC TIMBER CORP,2421,"Sawmills & Planting Mills, General",,DELTIC TIMBER CORP
0001193125-18-014904,0001193125-18-014904,d510702ddefm14a.htm,DEFM14A,2018-01-19,0001690769,Silver Run Acquisition Corp II,1311,Crude Petroleum & Natural Gas,,"Alta Mesa Resources, Inc. /DE"
0001213900-18-000734,0001213900-18-000734,jmglobal_defm14a.htm,DEFM14A,2018-01-22,0001641398,JM Global Holding Co,5050,Wholesale-Metals & Minerals (No Petroleum),GDC,GD Culture Group Ltd
0001193125-18-017048,0001193125-18-017048,d476891ddefm14a.htm,DEFM14A,2018-01-23,0001592329,Clifton Bancorp Inc.,6035,"Savings Institution, Federally Chartered",,Clifton Bancorp Inc.
0001193125-18-017661,0001193125-18-017661,d503353ddefm14a.htm,DEFM14A,2018-01-24,0000874396,"LIFETIME BRANDS, INC",3420,"Cutlery, Handtools & General Hardware",LCUT,"LIFETIME BRANDS, INC"
0001193125-18-017914,0001193125-18-017914,d515584ddefm14a.htm,DEFM14A,2018-01-24,0001374128,ENTELLUS MEDICAL INC,3841,Surgical & Medical Instruments & Apparatus,,ENTELLUS MEDICAL INC
0001193125-18-019177,0001193125-18-019177,d467112ddefm14a.htm,DEFM14A,2018-01-25,0001379895,DYNEGY INC.,4911,Electric Services,,DYNEGY INC.
0001437749-18-001442,0001437749-18-001442,ihrc20180129b_defm14a.htm,DEFM14A,2018-02-01,0000055362,Investors Heritage Capital Corp,6311,Life Insurance,,Investors Heritage Capital Corp
0001193125-18-029739,0001193125-18-029739,d472403ddefm14a.htm,DEFM14A,2018-02-02,0001590584,Civeo Corp,7000,"Hotels, Rooming Houses, Camps & Other Lodging Places",CVEO,Civeo Corp
0001193125-18-032604,0001193125-18-032604,d538019ddefm14a.htm,DEFM14A,2018-02-06,0001175609,"CAVIUM, INC.",3674,Semiconductors & Related Devices,,"CAVIUM, INC."
0001178913-18-000430,0001178913-18-000430,zk1821125.htm,DEFM14A,2018-02-08,0001005699,MAGICJACK VOCALTEC LTD,4813,Telephone Communications (No Radiotelephone),,MAGICJACK VOCALTEC LTD
0001047469-18-000682,0001047469-18-000682,a2234428zdefm14a.htm,DEFM14A,2018-02-09,0001652362,M III Acquisition Corp.,6770,Blank Checks,,"Infrastructure & Energy Alternatives, Inc."
0001193125-18-038189,0001193125-18-038189,d511475ddefm14a.htm,DEFM14A,2018-02-09,0001122304,AETNA INC /PA/,6324,Hospital & Medical Service Plans,,AETNA INC /PA/
0001437749-18-002165,0001437749-18-002165,stly20180209_defm14a.htm,DEFM14A,2018-02-09,0000797465,STANLEY FURNITURE CO INC.,6798,Real Estate Investment Trusts,STLY,"HG Holdings, Inc."
0001193125-18-039746,0001193125-18-039746,d443460ddefm14a.htm,DEFM14A,2018-02-12,0001211759,CONNECTURE INC,7372,Services-Prepackaged Software,,CONNECTURE INC
0001193125-18-040279,0001193125-18-040279,d474326ddefm14a.htm,DEFM14A,2018-02-12,0001003642,IMPAX LABORATORIES INC,2834,Pharmaceutical Preparations,,"Impax Laboratories, LLC"
0001193125-18-040644,0001193125-18-040644,d512006ddefm14a.htm,DEFM14A,2018-02-13,0001547638,"Southcross Energy Partners, L.P.",4922,Natural Gas Transmission,,Southcross Energy Partners LLC
0001193125-18-042797,0001193125-18-042797,d512119ddefm14a.htm,DEFM14A,2018-02-13,0001172139,BILL BARRETT CORP,1311,Crude Petroleum & Natural Gas,,BILL BARRETT CORP
0001193125-18-042870,0001193125-18-042870,d491044ddefm14a.htm,DEFM14A,2018-02-13,0000799231,ALMOST FAMILY INC,8300,Services-Social Services,,ALMOST FAMILY INC
0001615774-18-001112,0001615774-18-001112,s108848_defm14a.htm,DEFM14A,2018-02-13,0001210708,"Hudson Global, Inc.",7363,Services-Help Supply Services,"STRR,STRRP","Star Equity Holdings, Inc."
0001171843-18-001135,0001171843-18-001135,defm14a_021318.htm,DEFM14A,2018-02-14,0000859222,"BAY BANCORP, INC.",6022,State Commercial Banks,,"BAY BANCORP, INC."
0001493152-18-002199,0001493152-18-002199,defm14a.htm,DEFM14A,2018-02-15,0001652101,Andina Acquisition Corp. II,6770,Blank Checks,,Andina Acquisition Corp. II
0001144204-18-009679,0001144204-18-009679,tv486105-defm14a.htm,DEFM14A,2018-02-20,0001404296,Atlantic Coast Financial CORP,6035,"Savings Institution, Federally Chartered",,Atlantic Coast Financial CORP
0001174947-18-000230,0001174947-18-000230,c483540-defm14a.htm,DEFM14A,2018-02-20,0000057528,"SNYDER'S-LANCE, INC.",2052,Cookies & Crackers,,"SNYDER'S-LANCE, INC."
0001193125-18-051132,0001193125-18-051132,d511414ddefm14a.htm,DEFM14A,2018-02-21,0001060009,"KINDRED HEALTHCARE, INC",8050,Services-Nursing & Personal Care Facilities,,"KINDRED HEALTHCARE, INC"
0001047469-18-000961,0001047469-18-000961,a2234600zdefm14a.htm,DEFM14A,2018-02-22,0001035748,CALLIDUS SOFTWARE INC,7371,Services-Computer Programming Services,,CALLIDUS SOFTWARE INC
0001144204-18-011059,0001144204-18-011059,tv485255_defm14a.htm,DEFM14A,2018-02-27,0000714603,DST SYSTEMS INC,7374,Services-Computer Processing & Data Preparation,,DST SYSTEMS INC
0001047469-18-001164,0001047469-18-001164,a2234668zdefm14a.htm,DEFM14A,2018-02-28,0001656239,"Pinnacle Entertainment, Inc.",7011,Hotels & Motels,,"Pinnacle Entertainment, Inc."
0001140361-18-011449,0001140361-18-011449,s002054x2_defm14a.htm,DEFM14A,2018-03-02,0001411488,"BLACKHAWK NETWORK HOLDINGS, INC",6199,Finance Services,,"BLACKHAWK NETWORK HOLDINGS, INC"
0001047469-18-001414,0001047469-18-001414,a2234771zdefm14a.htm,DEFM14A,2018-03-08,0000839470,"WESTWATER RESOURCES, INC.",1000,Metal Mining,WWR,"WESTWATER RESOURCES, INC."
0001437749-18-004982,0001437749-18-004982,sigm20180316_defm14a.htm,DEFM14A,2018-03-19,0000790715,SIGMA DESIGNS INC,3674,Semiconductors & Related Devices,,SIGMA DESIGNS INC
0001062993-18-001265,0001062993-18-001265,defm14a.htm,DEFM14A,2018-03-20,0001172136,US GEOTHERMAL INC,4911,Electric Services,,US GEOTHERMAL INC
0001193125-18-089194,0001193125-18-089194,d530013ddefm14a.htm,DEFM14A,2018-03-20,0001594617,La Quinta Holdings Inc.,7011,Hotels & Motels,,La Quinta Holdings Inc.
0001047469-18-001965,0001047469-18-001965,a2234993zdefm14a.htm,DEFM14A,2018-03-21,0001367064,"Archrock Partners, L.P.",4922,Natural Gas Transmission,,"Archrock Partners, L.P."
0001144204-18-016519,0001144204-18-016519,tv488372-defm14a.htm,DEFM14A,2018-03-23,0001577603,"Delanco Bancorp, Inc.",6035,"Savings Institution, Federally Chartered",,"Delanco Bancorp, Inc."
0001047469-18-002331,0001047469-18-002331,a2235136zdefm14a.htm,DEFM14A,2018-03-29,0000861838,"IDERA PHARMACEUTICALS, INC.",2836,"Biological Products, (No Diagnostic Substances)",,"Aceragen, Inc."
0001047469-18-002331,0001047469-18-004164,a2235897zdefm14a.htm,DEFM14A,2018-05-30,0000861838,"IDERA PHARMACEUTICALS, INC.",2836,"Biological Products, (No Diagnostic Substances)",,"Aceragen, Inc."
0001047469-18-002332,0001047469-18-002332,a2235143zdefm14a.htm,DEFM14A,2018-03-29,0000882796,BIOCRYST PHARMACEUTICALS INC,2836,"Biological Products, (No Diagnostic Substances)",BCRX,BIOCRYST PHARMACEUTICALS INC
0001047469-18-002332,0001047469-18-004165,a2235899zdefm14a.htm,DEFM14A,2018-05-30,0000882796,BIOCRYST PHARMACEUTICALS INC,2836,"Biological Products, (No Diagnostic Substances)",BCRX,BIOCRYST PHARMACEUTICALS INC
0001193125-18-102136,0001193125-18-102136,d530178ddefm14a.htm,DEFM14A,2018-03-29,0001027884,CHICAGO BRIDGE & IRON CO N V,1700,Construction - Special Trade Contractors,,CHICAGO BRIDGE & IRON CO N V
0001144204-18-018056,0001144204-18-018056,tv488236-defm14a.htm,DEFM14A,2018-03-30,0001054274,"Alliqua BioMedical, Inc.",3841,Surgical & Medical Instruments & Apparatus,,"Adynxx, Inc."
0001144204-18-018288,0001144204-18-018288,tv489945_defm14a.htm,DEFM14A,2018-03-30,0001562214,"ZAIS Group Holdings, Inc.",6282,Investment Advice,,"ZAIS Group Holdings, Inc."
0001193125-18-110072,0001193125-18-110072,d553814ddefm14a.htm,DEFM14A,2018-04-06,0001635581,8point3 Energy Partners LP,4911,Electric Services,,8point3 Energy Partners LP
0001144204-18-019877,0001144204-18-019877,tv488754-defm14a.htm,DEFM14A,2018-04-10,0001484949,"Jacksonville Bancorp, Inc.",6035,"Savings Institution, Federally Chartered",,"Jacksonville Bancorp, Inc."
0001047469-18-002835,0001047469-18-002835,a2235164zdefm14a.htm,DEFM14A,2018-04-16,0000313716,HARDINGE INC,3541,"Machine Tools, Metal Cutting Types",,HARDINGE INC
0001047469-18-002902,0001047469-18-002902,a2235340zdefm14a.htm,DEFM14A,2018-04-18,0001665658,"CommerceHub, Inc.",7372,Services-Prepackaged Software,,"CommerceHub, Inc."
0001193125-18-121238,0001193125-18-121238,d558819ddefm14a.htm,DEFM14A,2018-04-18,0001495479,"Bravo Brio Restaurant Group, Inc.",5812,Retail-Eating  Places,,"FoodFirst Global Restaurants, Inc."
0001144204-18-021362,0001144204-18-021362,tv490472-defm14a.htm,DEFM14A,2018-04-19,0000310568,MICROSEMI CORP,3674,Semiconductors & Related Devices,,MICROSEMI CORP
0001193125-18-125072,0001193125-18-125072,d563786ddefm14a.htm,DEFM14A,2018-04-20,0001163199,FNB BANCORP/CA/,6022,State Commercial Banks,,FNB BANCORP/CA/
0001193125-18-131436,0001193125-18-131436,d538854ddefm14a.htm,DEFM14A,2018-04-25,0000090896,SKYLINE CORP,2451,Mobile Homes,SKY,"Champion Homes, Inc."
0001193125-18-134923,0001193125-18-134923,d493258ddefm14a.htm,DEFM14A,2018-04-26,0001010858,FAIRMOUNT SANTROL HOLDINGS INC.,1400,Mining & Quarrying of  Nonmetallic Minerals (No Fuels),,"Bison Merger Sub I, LLC"
0001047469-18-003269,0001047469-18-003269,a2235481zdefm14a.htm,DEFM14A,2018-04-27,0000077776,PHH CORP,6159,Miscellaneous Business Credit Institution,,PHH CORP
0001144204-18-022870,0001144204-18-022870,tv492221_defm14a.htm,DEFM14A,2018-04-27,0001383097,NAKED BRAND GROUP INC.,2320,"Men's & Boys' Furnishgs, Work Clothg, & Allied Garments",,NAKED BRAND GROUP INC.
0001193125-18-139272,0001193125-18-139272,d575320ddefm14a.htm,DEFM14A,2018-04-27,0001195933,INFINITY PROPERTY & CASUALTY CORP,6331,"Fire, Marine & Casualty Insurance",,INFINITY PROPERTY & CASUALTY CORP
0001193125-18-148885,0001193125-18-148885,d756231ddefm14a.htm,DEFM14A,2018-05-02,0001449732,"Willbros Group, Inc.\NEW\",1389,"Oil & Gas Field Services, NEC",,"Willbros Group, Inc.\NEW\"
0001571049-18-000279,0001571049-18-000279,tv491218-defm14a.htm,DEFM14A,2018-05-03,0000875159,XL GROUP LTD,6331,"Fire, Marine & Casualty Insurance",,XL GROUP LTD
0001193125-18-151529,0001193125-18-151529,d453462ddefm14a.htm,DEFM14A,2018-05-04,0001365555,"Amtrust Financial Services, Inc.",6331,"Fire, Marine & Casualty Insurance",,"Amtrust Financial Services, Inc."
0001193125-18-154516,0001193125-18-154516,d572788ddefm14a.htm,DEFM14A,2018-05-07,0000886137,FINISH LINE INC /IN/,5661,Retail-Shoe Stores,,FINISH LINE INC /IN/
0001193125-18-155878,0001193125-18-155878,d578195ddefm14a.htm,DEFM14A,2018-05-08,0000354647,CVB FINANCIAL CORP,6022,State Commercial Banks,CVBF,CVB FINANCIAL CORP
0001493152-18-006365,0001493152-18-006365,defm14a.htm,DEFM14A,2018-05-08,0001698514,National Energy Services Reunited Corp.,1389,"Oil & Gas Field Services, NEC",NESR,National Energy Services Reunited Corp.
0001144204-18-027198,0001144204-18-027198,tv491936-defm14a.htm,DEFM14A,2018-05-10,0001443799,"Gener8 Maritime, Inc.",4412,Deep Sea Foreign Transportation of  Freight,,Euronav MI II Inc.
0001453818-18-000020,0001453818-18-000020,hgrdefm14a.htm,DEFM14A,2018-05-10,0001453818,"Hines Global REIT, Inc.",6798,Real Estate Investment Trusts,,HGR Liquidating Trust
0001193125-18-160804,0001193125-18-160804,d536012ddefm14a.htm,DEFM14A,2018-05-11,0000087565,SCHULMAN A INC,2821,"Plastic Materials, Synth Resins & Nonvulcan Elastomers",,SCHULMAN A INC
0001144204-18-028993,0001144204-18-028993,tv493855_defm14a.htm,DEFM14A,2018-05-15,0000911148,CADUS CORP,6500,Real Estate,,CADUS CORP
0001193125-18-164244,0001193125-18-164244,d540824ddefm14a.htm,DEFM14A,2018-05-15,0000888504,LAYNE CHRISTENSEN CO,1700,Construction - Special Trade Contractors,,LAYNE CHRISTENSEN CO
0001193125-18-165378,0001193125-18-165378,d579019ddefm14a.htm,DEFM14A,2018-05-16,0000006284,ANALOGIC CORP,3825,Instruments For Meas & Testing of  Electricity & Elec Signals,,ANALOGIC CORP
0001047469-18-003849,0001047469-18-003849,a2235653zdefm14a.htm,DEFM14A,2018-05-17,0001585023,"Coastway Bancorp, Inc.",6035,"Savings Institution, Federally Chartered",,"Coastway Bancorp, Inc."
0001193125-18-168177,0001193125-18-168177,d331945ddefm14a.htm,DEFM14A,2018-05-18,0001569134,"Tallgrass Energy Partners, LP",4922,Natural Gas Transmission,,"Tallgrass Energy Partners, LP"
0001193125-18-169570,0001193125-18-169570,d566935ddefm14a.htm,DEFM14A,2018-05-21,0001312073,"VERIFONE SYSTEMS, INC.",3578,Calculating & Accounting Machines (No Electronic Computers),,"VERIFONE SYSTEMS, INC."
0001047469-18-004118,0001047469-18-004118,a2235765zdefm14a.htm,DEFM14A,2018-05-29,0001418135,"Dr Pepper Snapple Group, Inc.",2080,Beverages,KDP,Keurig Dr Pepper Inc.
0001193125-18-177598,0001193125-18-177598,d565472ddefm14a.htm,DEFM14A,2018-05-30,0001308161,"TWENTY-FIRST CENTURY FOX, INC.",4841,Cable & Other Pay Television Services,,"TWENTY-FIRST CENTURY FOX, INC."
0001193125-18-177598,0001193125-18-207641,d770960ddefm14a.htm,DEFM14A,2018-06-28,0001308161,"TWENTY-FIRST CENTURY FOX, INC.",4841,Cable & Other Pay Television Services,,"TWENTY-FIRST CENTURY FOX, INC."
0001193125-18-180666,0001193125-18-180666,d592835ddefm14a.htm,DEFM14A,2018-06-01,0001520566,Nationstar Mortgage Holdings Inc.,6162,Mortgage Bankers & Loan Correspondents,,Nationstar Mortgage Holdings Inc.
0001193125-18-180964,0001193125-18-180964,d507714ddefm14a.htm,DEFM14A,2018-06-01,0001110647,"OCLARO, INC.",3674,Semiconductors & Related Devices,,"OCLARO, INC."
0001193125-18-181903,0001193125-18-181903,d564051ddefm14a.htm,DEFM14A,2018-06-01,0001379785,Triangle Capital CORP,,,BBDC,"Barings BDC, Inc."
0001140361-18-027268,0001140361-18-027268,s002294x2_defm14a.htm,DEFM14A,2018-06-05,0001094814,"Cartesian, Inc.",8742,Services-Management Consulting Services,,"Cartesian, Inc."
0001193125-18-184241,0001193125-18-184241,d587873ddefm14a.htm,DEFM14A,2018-06-05,0001430592,"Financial Engines, Inc.",6282,Investment Advice,,"Financial Engines, LLC"
0001193125-18-186002,0001193125-18-186002,d560965ddefm14a.htm,DEFM14A,2018-06-07,0001588216,"RSP Permian, Inc.",1311,Crude Petroleum & Natural Gas,,"RSP Permian, Inc."
0001193125-18-187310,0001193125-18-187310,d587551ddefm14a.htm,DEFM14A,2018-06-08,0001170534,MITEL NETWORKS CORP,3663,Radio & Tv Broadcasting & Communications Equipment,,MITEL NETWORKS CORP
0001193125-18-188255,0001193125-18-188255,d507930ddefm14a.htm,DEFM14A,2018-06-08,0001514131,United Community Bancorp,6035,"Savings Institution, Federally Chartered",,United Community Bancorp
0001214659-18-004355,0001214659-18-004355,p530181defm14a.htm,DEFM14A,2018-06-08,0001279715,"Wright Investors Service Holdings, Inc.",6282,Investment Advice,IWSH,"Wright Investors Service Holdings, Inc."
0001193125-18-189949,0001193125-18-189949,d546608ddefm14a.htm,DEFM14A,2018-06-12,0001311605,KLONDEX MINES LTD,1040,Gold and Silver Ores,,Klondex Mines Unlimited Liability Co
0001193125-18-190106,0001193125-18-190106,d552136ddefm14a.htm,DEFM14A,2018-06-12,0001487730,"Spectrum Brands Holdings, Inc.",3690,"Miscellaneous Electrical Machinery, Equipment & Supplies",,"Spectrum Brands Legacy, Inc."
0001031029-18-000046,0001031029-18-000046,a2018proxy-projectpikexfin.htm,DEFM14A,2018-06-13,0001031029,"StarTek, Inc.",7363,Services-Help Supply Services,,"Startek, Inc."
0001193125-18-193204,0001193125-18-193204,d454173ddefm14a.htm,DEFM14A,2018-06-15,0000754737,SCANA CORP,4931,Electric & Other Services Combined,,SCANA CORP
0001193125-18-194555,0001193125-18-194555,d580113ddefm14a.htm,DEFM14A,2018-06-15,0000713095,FARMERS CAPITAL BANK CORP,6021,National Commercial Banks,,FARMERS CAPITAL BANK CORP
0001047469-18-004628,0001047469-18-004628,a2236064zdefm14a.htm,DEFM14A,2018-06-21,0001620928,Rice Midstream Partners LP,4922,Natural Gas Transmission,,Rice Midstream Partners LP
0001047469-18-004637,0001047469-18-004637,a2236054zdefm14a.htm,DEFM14A,2018-06-21,0001677203,"QUALITY CARE PROPERTIES, INC.",6798,Real Estate Investment Trusts,,"QUALITY CARE PROPERTIES, INC."
0001047469-18-004715,0001047469-18-004715,a2236092zdefm14a.htm,DEFM14A,2018-06-25,0001396446,"CYS Investments, Inc.",6798,Real Estate Investment Trusts,,"CYS Investments, Inc."
0001047469-18-004737,0001047469-18-004737,a2236095zdefm14a.htm,DEFM14A,2018-06-25,0001619087,SteadyMed Ltd.,2834,Pharmaceutical Preparations,,SteadyMed Ltd.
0001193125-18-201261,0001193125-18-201261,d543382ddefm14a.htm,DEFM14A,2018-06-25,0001223786,"NuStar GP Holdings, LLC",4610,Pipe Lines (No Natural Gas),,"NuStar GP Holdings, LLC"
0001193125-18-202616,0001193125-18-202616,d525849ddefm14a.htm,DEFM14A,2018-06-25,0000084129,RITE AID CORP,5912,Retail-Drug Stores and Proprietary Stores,,"NEW RITE AID, LLC"
0001047469-18-004781,0001047469-18-004781,a2236133zdefm14a.htm,DEFM14A,2018-06-27,0001297587,Gramercy Property Trust,6798,Real Estate Investment Trusts,,Gramercy Property Trust
0001193125-18-204333,0001193125-18-204333,d552937ddefm14a.htm,DEFM14A,2018-06-27,0001496048,GGP Inc.,6798,Real Estate Investment Trusts,,Brookfield Property REIT Inc.
0001193125-18-204576,0001193125-18-204576,d587342ddefm14a.htm,DEFM14A,2018-06-27,0000881890,ABAXIS INC,3829,"Measuring & Controlling Devices, NEC",,ABAXIS INC
0001193125-18-207624,0001193125-18-207624,d804245ddefm14a.htm,DEFM14A,2018-06-28,0001001039,WALT DISNEY CO/,7990,Services-Miscellaneous Amusement & Recreation,,TWDC Enterprises 18 Corp.
0001193125-18-211420,0001193125-18-211420,d730769ddefm14a.htm,DEFM14A,2018-07-02,0001698990,TPG Pace Energy Holdings Corp.,1311,Crude Petroleum & Natural Gas,MGY,Magnolia Oil & Gas Corp
0001615774-18-006226,0001615774-18-006226,s111183_defm14a.htm,DEFM14A,2018-07-05,0001653558,"M I Acquisitions, Inc.",7389,"Services-Business Services, NEC","PRTH,PRTHU","Priority Technology Holdings, Inc."
0001047469-18-004973,0001047469-18-004973,a2236219zdefm14a.htm,DEFM14A,2018-07-11,0001170991,DCT Industrial Trust Inc.,6798,Real Estate Investment Trusts,,DCT Industrial Trust Inc.
0001144204-18-037958,0001144204-18-037958,tv498305_defm14a.htm,DEFM14A,2018-07-11,0001404079,Samson Oil & Gas LTD,1381,Drilling Oil & Gas Wells,,Samson Oil & Gas LTD
0001193125-18-216607,0001193125-18-216607,d591167ddefm14a.htm,DEFM14A,2018-07-12,0001483096,WILLIAMS PARTNERS L.P.,4922,Natural Gas Transmission,,WILLIAMS PARTNERS L.P.
0001140361-18-032612,0001140361-18-032612,s002268x13_defm14a.htm,DEFM14A,2018-07-16,0001532063,Express Scripts Holding Co.,5912,Retail-Drug Stores and Proprietary Stores,,Express Scripts Holding Co.
0001140361-18-032613,0001140361-18-032613,s002268x12_defm14a.htm,DEFM14A,2018-07-16,0000701221,CIGNA CORP,6324,Hospital & Medical Service Plans,,Cigna Holding Co
0001193125-18-218284,0001193125-18-218284,d752132ddefm14a.htm,DEFM14A,2018-07-16,0001096385,VECTREN CORP,4932,Gas & Other Services Combined,,VECTREN CORP
0001193125-18-220466,0001193125-18-220466,d568328ddefm14a.htm,DEFM14A,2018-07-18,0001478726,CHARTER FINANCIAL CORP,6035,"Savings Institution, Federally Chartered",,CHARTER FINANCIAL CORP
0001047469-18-005113,0001047469-18-005113,a2236261zdefm14a.htm,DEFM14A,2018-07-23,0001657197,"Cotiviti Holdings, Inc.",7389,"Services-Business Services, NEC",,"Cotiviti Holdings, Inc."
0001193125-18-223956,0001193125-18-223956,d521442ddefm14a.htm,DEFM14A,2018-07-24,0001434620,"ILG, Inc.",6531,Real Estate Agents & Managers (For Others),,"ILG, LLC"
0001047469-18-005152,0001047469-18-005152,a2236237zdefm14a.htm,DEFM14A,2018-07-25,0001617898,KLX Inc.,3720,Aircraft & Parts,,KLX Inc.
0001193125-18-225612,0001193125-18-225612,d516025ddefm14a.htm,DEFM14A,2018-07-25,0001497275,STATE BANK FINANCIAL CORP,6022,State Commercial Banks,,STATE BANK FINANCIAL CORP
0001193125-18-227829,0001193125-18-227829,d605306ddefm14a.htm,DEFM14A,2018-07-26,0001676479,"CapStar Financial Holdings, Inc.",6022,State Commercial Banks,,"CapStar Financial Holdings, Inc."
0001144204-18-040403,0001144204-18-040403,tv496344-defm14a.htm,DEFM14A,2018-07-27,0001036848,AEROCENTURY CORP,7812,Services-Motion Picture & Video Tape Production,,Mega Matrix Corp.
0001171520-18-000346,0001171520-18-000346,eps8076.htm,DEFM14A,2018-07-27,0001431766,FSP 303 East Wacker Drive Corp.,6512,Opeators of  Nonresidential Buildings,,FSP 303 East Wacker Drive Corp.
0001047469-18-005282,0001047469-18-005282,a2236257zdefm14a.htm,DEFM14A,2018-07-30,0001053532,LaSalle Hotel Properties,6798,Real Estate Investment Trusts,,LaSalle Hotel Properties
0001047469-18-005282,0001047469-18-006913,a2237003zdefm14a.htm,DEFM14A,2018-10-29,0001053532,LaSalle Hotel Properties,6798,Real Estate Investment Trusts,,LaSalle Hotel Properties
0001193125-18-231630,0001193125-18-231630,d605944ddefm14a.htm,DEFM14A,2018-07-30,0000357020,Xcerra Corp,3825,Instruments For Meas & Testing of  Electricity & Elec Signals,,Xcerra Corp
0001193125-18-232076,0001193125-18-232076,d474838ddefm14a.htm,DEFM14A,2018-07-31,0000031347,ECHELON CORP,3576,Computer Communications Equipment,,ECHELON CORP
0001047469-18-005361,0001047469-18-005361,a2236387zdefm14a.htm,DEFM14A,2018-08-01,0000094344,STEWART INFORMATION SERVICES CORP,6361,Title Insurance,STC,STEWART INFORMATION SERVICES CORP
0001144204-18-041383,0001144204-18-041383,tv498833-defm14a.htm,DEFM14A,2018-08-01,0001325281,KAPSTONE PAPER & PACKAGING CORP,2621,Paper Mills,,KAPSTONE PAPER & PACKAGING CORP
0001193125-18-236739,0001193125-18-236739,d575419ddefm14a.htm,DEFM14A,2018-08-02,0001024725,TENNECO INC,3714,Motor Vehicle Parts & Accessories,,TENNECO INC
0001144204-18-041940,0001144204-18-041940,tv500110_defm14a.htm,DEFM14A,2018-08-03,0001084384,PARETEUM Corp,7373,Services-Computer Integrated Systems Design,,PARETEUM Corp
0001193125-18-236979,0001193125-18-236979,d617573ddefm14a.htm,DEFM14A,2018-08-03,0001642081,"Allegiance Bancshares, Inc.",6022,State Commercial Banks,,"Allegiance Bancshares, Inc."
0001193125-18-238250,0001193125-18-238250,d592854ddefm14a.htm,DEFM14A,2018-08-03,0001139812,MB FINANCIAL INC /MD,6021,National Commercial Banks,,MB FINANCIAL INC /MD
0001193125-18-238276,0001193125-18-238276,d601099ddefm14a.htm,DEFM14A,2018-08-03,0000050104,ANDEAVOR,2911,Petroleum Refining,,ANDEAVOR LLC
0001193125-18-238284,0001193125-18-238284,d551623ddefm14a.htm,DEFM14A,2018-08-03,0001287151,XERIUM TECHNOLOGIES INC,2221,"Broadwoven Fabric Mills, Man Made Fiber & Silk",,XERIUM TECHNOLOGIES INC
0001193125-18-238437,0001193125-18-238437,d549441ddefm14a.htm,DEFM14A,2018-08-03,0001735828,Legacy Reserves Inc.,1311,Crude Petroleum & Natural Gas,,Legacy Reserves Inc.
0001193125-18-238546,0001193125-18-238546,d549441ddefm14a.htm,DEFM14A,2018-08-03,0001358831,LEGACY RESERVES LP,1311,Crude Petroleum & Natural Gas,,LEGACY RESERVES LP
0001213900-18-010174,0001213900-18-010174,defm14a0818_ospreyenergy.htm,DEFM14A,2018-08-03,0001703785,Osprey Energy Acquisition Corp,1311,Crude Petroleum & Natural Gas,,STR Sub Inc.
0001571049-18-000420,0001571049-18-000420,tv498540-defm14a.htm,DEFM14A,2018-08-03,0001404973,"Energy XXI Gulf Coast, Inc.",1311,Crude Petroleum & Natural Gas,,"Energy XXI Gulf Coast, Inc."
0001193125-18-239500,0001193125-18-239500,d503373ddefm14a.htm,DEFM14A,2018-08-06,0001374535,Altra Industrial Motion Corp.,3569,"General Industrial Machinery & Equipment, NEC",,Altra Industrial Motion Corp.
0001047469-18-005465,0001047469-18-005465,a2236353zdefm14a.htm,DEFM14A,2018-08-07,0001714973,Kinder Morgan Canada Ltd,4610,Pipe Lines (No Natural Gas),,Kinder Morgan Canada Ltd
0001193125-18-246044,0001193125-18-246044,d512980ddefm14a.htm,DEFM14A,2018-08-10,0000356028,"CA, INC.",7372,Services-Prepackaged Software,,"CA, INC."
0001193125-18-246139,0001193125-18-246139,d502287ddefm14a.htm,DEFM14A,2018-08-10,0000873044,RADISYS CORP,3577,"Computer Peripheral Equipment, NEC",,RADISYS CORP
0000950123-18-008376,0000950123-18-008376,d608534ddefm14a.htm,DEFM14A,2018-08-13,0001678531,Envision Healthcare Corp,8011,Services-Offices & Clinics of  Doctors of  Medicine,,Envision Healthcare Corp
0001140361-18-036197,0001140361-18-036197,s002356x3_defm14a.htm,DEFM14A,2018-08-13,0001302343,"Education Realty Trust, Inc.",6798,Real Estate Investment Trusts,,"Education Realty Trust, Inc."
0001193125-18-249885,0001193125-18-249885,d501515ddefm14a.htm,DEFM14A,2018-08-15,0000933036,RENT A CENTER INC DE,7359,"Services-Equipment Rental & Leasing, NEC",UPBD,"UPBOUND GROUP, INC."
0001193125-18-250681,0001193125-18-250681,d600321ddefm14a.htm,DEFM14A,2018-08-16,0001564618,"Independent Bank Group, Inc.",6022,State Commercial Banks,,"Independent Bank Group, Inc."
0001193125-18-250709,0001193125-18-250709,d610950ddefm14a.htm,DEFM14A,2018-08-16,0001324410,Guaranty Bancorp,6022,State Commercial Banks,,Guaranty Bancorp
0001193125-18-251381,0001193125-18-251381,d492634ddefm14a.htm,DEFM14A,2018-08-17,0001028734,COBIZ FINANCIAL INC,6021,National Commercial Banks,,COBIZ FINANCIAL INC
0001193125-18-254113,0001193125-18-254113,d847085ddefm14a.htm,DEFM14A,2018-08-21,0001582966,"Cheniere Energy Partners LP Holdings, LLC",4924,Natural Gas Distribution,,"Cheniere Energy Partners LP Holdings, LLC"
0001193125-18-254661,0001193125-18-254661,d761924ddefm14a.htm,DEFM14A,2018-08-22,0001511198,"First Connecticut Bancorp, Inc.",6036,"Savings Institutions, Not Federally Chartered",,"First Connecticut Bancorp, Inc."
0001193125-18-255504,0001193125-18-255504,d495758ddefm14a.htm,DEFM14A,2018-08-23,0000757011,USG CORP,3270,"Concrete, Gypsum & Plaster Products",,USG CORP
0001193125-18-257759,0001193125-18-257759,d580074ddefm14a.htm,DEFM14A,2018-08-24,0000733269,ACXIOM CORP,7374,Services-Computer Processing & Data Preparation,RAMP,"LiveRamp Holdings, Inc."
0001193125-18-258270,0001193125-18-258270,d795191ddefm14a.htm,DEFM14A,2018-08-27,0000039677,"AV Homes, Inc.",1531,Operative Builders,,"AV Homes, Inc."
0001140361-18-037148,0001140361-18-037148,s002333x7_defm14a.htm,DEFM14A,2018-08-28,0001062047,CONVERGYS CORP,7373,Services-Computer Integrated Systems Design,,CONCENTRIX CVG Corp
0001140361-18-037155,0001140361-18-037155,s002364x6_defm14a.htm,DEFM14A,2018-08-28,0001581405,"PHILLIPS EDISON GROCERY CENTER REIT II, INC.",6798,Real Estate Investment Trusts,,"PHILLIPS EDISON GROCERY CENTER REIT II, INC."
0001193125-18-259483,0001193125-18-259483,d603464ddefm14a.htm,DEFM14A,2018-08-28,0001040426,SYNTEL INC,7371,Services-Computer Programming Services,,SYNTEL INC
0001193125-18-262005,0001193125-18-262005,d589253ddefm14a.htm,DEFM14A,2018-08-29,0001537028,"Independence Contract Drilling, Inc.",1381,Drilling Oil & Gas Wells,,"Independence Contract Drilling, Inc."
0001047469-18-005936,0001047469-18-005936,a2236620zdefm14a.htm,DEFM14A,2018-09-04,0001390213,Corporate Property Associates 17 - Global INC,6798,Real Estate Investment Trusts,,Corporate Property Associates 17 - Global INC
0001047469-18-005955,0001047469-18-005955,a2236608zdefm14a.htm,DEFM14A,2018-09-05,0001095291,"WEB.COM GROUP, INC.",7372,Services-Prepackaged Software,,"WEB.COM GROUP, INC."
0001047469-18-005998,0001047469-18-005998,a2236634zdefm14a.htm,DEFM14A,2018-09-06,0001512074,RMG Networks Holding Corp,7389,"Services-Business Services, NEC",,RMG Networks Holding Corp
0001047469-18-006097,0001047469-18-006097,a2236661zdefm14a.htm,DEFM14A,2018-09-10,0000900349,"PERRY ELLIS INTERNATIONAL, INC",2320,"Men's & Boys' Furnishgs, Work Clothg, & Allied Garments",,"PERRY ELLIS INTERNATIONAL, INC"
0001193125-18-270403,0001193125-18-270403,d604907ddefm14a.htm,DEFM14A,2018-09-11,0001161154,"Energy Transfer Partners, L.P.",4610,Pipe Lines (No Natural Gas),,"Energy Transfer Operating, L.P."
0001571049-18-000479,0001571049-18-000479,tv502410-defm14a.htm,DEFM14A,2018-09-13,0001511071,"Poage Bankshares, Inc.",6035,"Savings Institution, Federally Chartered",,"Poage Bankshares, Inc."
0001144204-18-049481,0001144204-18-049481,tv502603-defm14a.htm,DEFM14A,2018-09-14,0001094038,TAPIMMUNE INC.,2834,Pharmaceutical Preparations,MRKR,"Marker Therapeutics, Inc."
0001193125-18-275423,0001193125-18-275423,d492328ddefm14a.htm,DEFM14A,2018-09-17,0001564822,PINNACLE FOODS INC.,2000,Food and Kindred Products,,PINNACLE FOODS INC.
0001140361-18-038679,0001140361-18-038679,s002397x5_defm14a.htm,DEFM14A,2018-09-18,0000095521,SUPERVALU INC,5141,"Wholesale-Groceries, General Line",,SUPERVALU INC
0001193125-18-284397,0001193125-18-284397,d608072ddefm14a.htm,DEFM14A,2018-09-27,0001494538,"Corporate Capital Trust, Inc.",,,,"Corporate Capital Trust, Inc."
0001193125-18-284398,0001193125-18-284398,d616462ddefm14a.htm,DEFM14A,2018-09-27,0001301611,"LIFEPOINT HEALTH, INC.",8062,"Services-General Medical & Surgical Hospitals, NEC",,"LEGACY LIFEPOINT HEALTH, INC."
0001193125-18-287458,0001193125-18-287458,d581560ddefm14a.htm,DEFM14A,2018-09-28,0001017968,EDGEWATER TECHNOLOGY INC/DE/,7370,"Services-Computer Programming, Data Processing, Etc.",,EDGEWATER TECHNOLOGY INC/DE/
0001213900-18-013280,0001213900-18-013280,defm14a0918_hennessycap3.htm,DEFM14A,2018-10-01,0001703038,Hennessy Capital Acquisition Corp. III,4955,Hazardous Waste Management,,NRC GROUP HOLDINGS CORP.
0001047469-18-006525,0001047469-18-006525,a2236822zdefm14a.htm,DEFM14A,2018-10-02,0001115222,DUN & BRADSTREET CORP/NW,7320,"Services-Consumer Credit Reporting, Collection Agencies",,DUN & BRADSTREET CORP/NW
0001047469-18-006535,0001047469-18-006535,a2236841zdefm14a.htm,DEFM14A,2018-10-02,0001682745,"Gores Holdings II, Inc.",4700,Transportation Services,VRRM,VERRA MOBILITY Corp
0001193125-18-290170,0001193125-18-290170,d593586ddefm14a.htm,DEFM14A,2018-10-02,0000276209,CONNECTICUT WATER SERVICE INC / CT,4941,Water Supply,,CONNECTICUT WATER SERVICE INC / CT
0001493152-18-013995,0001493152-18-013995,defm14a.htm,DEFM14A,2018-10-02,0000104897,"WSI INDUSTRIES, INC.",3540,Metalworkg Machinery & Equipment,,"WSI INDUSTRIES, INC."
0001047469-18-006582,0001047469-18-006582,a2236846zdefm14a.htm,DEFM14A,2018-10-05,0001546381,"RLJ ENTERTAINMENT, INC.",7822,Services-Motion Picture & Video Tape Distribution,,"RLJ ENTERTAINMENT, INC."
0001140361-18-040134,0001140361-18-040134,s002445x2_defm14a.htm,DEFM14A,2018-10-05,0001499807,"K2M GROUP HOLDINGS, INC.",3841,Surgical & Medical Instruments & Apparatus,,"K2M GROUP HOLDINGS, INC."
0001047469-18-006634,0001047469-18-006634,a2236870zdefm14a.htm,DEFM14A,2018-10-09,0001028215,KMG CHEMICALS INC,2800,Chemicals & Allied Products,,KMG CHEMICALS INC
0001047469-18-006635,0001047469-18-006635,a2236877zdefm14a.htm,DEFM14A,2018-10-09,0001594879,"Zoe's Kitchen, Inc.",5812,Retail-Eating  Places,,"Zoe's Kitchen, Inc."
0001047469-18-006655,0001047469-18-006655,a2236893zdefm14a.htm,DEFM14A,2018-10-10,0001701821,Federal Street Acquisition Corp.,6770,Blank Checks,,Federal Street Acquisition Corp.
0001571049-18-000503,0001571049-18-000503,tv504120-defm14a.htm,DEFM14A,2018-10-10,0001670349,Matlin & Partners Acquisition Corp,1389,"Oil & Gas Field Services, NEC",,"U.S. WELL SERVICES HOLDINGS, LLC"
0001047469-18-006705,0001047469-18-006705,a2236909zdefm14a.htm,DEFM14A,2018-10-12,0001641197,Easterly Acquisition Corp.,6199,Finance Services,,Easterly Acquisition Corp.
0001047469-18-006708,0001047469-18-006708,a2236901zdefm14a.htm,DEFM14A,2018-10-12,0001606363,"Green Bancorp, Inc.",6021,National Commercial Banks,,"Green Bancorp, Inc."
0001140361-18-040543,0001140361-18-040543,s002382x9_defm14a.htm,DEFM14A,2018-10-12,0000943452,WESTINGHOUSE AIR BRAKE TECHNOLOGIES CORP,3743,Railroad Equipment,WAB,WESTINGHOUSE AIR BRAKE TECHNOLOGIES CORP
0001193125-18-298223,0001193125-18-298223,d608948ddefm14a.htm,DEFM14A,2018-10-12,0000793547,NAVIGATORS GROUP INC,6331,"Fire, Marine & Casualty Insurance",,NAVIGATORS GROUP INC
0001193125-18-298438,0001193125-18-298438,d576562ddefm14a.htm,DEFM14A,2018-10-12,0001647509,"Forest City Realty Trust, Inc.",6798,Real Estate Investment Trusts,,"Forest City Realty Trust, Inc."
0001144204-18-054018,0001144204-18-054018,tv504841_defm14a.htm,DEFM14A,2018-10-16,0001517401,Peak Resorts Inc,7011,Hotels & Motels,,Peak Resorts Inc
0001144204-18-054087,0001144204-18-054087,tv504375-defm14a.htm,DEFM14A,2018-10-17,0000883902,NCI BUILDING SYSTEMS INC,3448,Prefabricated Metal Buildings & Components,,"Cornerstone Building Brands, Inc."
0001193125-18-300842,0001193125-18-300842,d642026ddefm14a.htm,DEFM14A,2018-10-17,0001030749,GULFMARK OFFSHORE INC,3533,Oil & Gas Field Machinery & Equipment,,GULFMARK OFFSHORE INC
0001193125-18-303530,0001193125-18-303530,d603995ddefm14a.htm,DEFM14A,2018-10-22,0001692787,Kayne Anderson Acquisition Corp,4922,Natural Gas Transmission,KNTK,Kinetik Holdings Inc.
0001193125-18-306638,0001193125-18-306638,d637380ddefm14a.htm,DEFM14A,2018-10-25,0000277595,ENERGEN CORP,1311,Crude Petroleum & Natural Gas,,ENERGEN CORP
0001140361-18-041495,0001140361-18-041495,s002405x9_defm14a.htm,DEFM14A,2018-10-29,0001476651,"FCB FINANCIAL HOLDINGS, INC.",6021,National Commercial Banks,,"FCB FINANCIAL HOLDINGS, INC."
0001144204-18-055655,0001144204-18-055655,tv503585-defm14a.htm,DEFM14A,2018-10-29,0001601347,"Pilgrim Bancshares, Inc.",6022,State Commercial Banks,,"Pilgrim Bancshares, Inc."
0001193125-18-312428,0001193125-18-312428,d592610ddefm14a.htm,DEFM14A,2018-10-30,0001114220,KERYX BIOPHARMACEUTICALS INC,2834,Pharmaceutical Preparations,,KERYX BIOPHARMACEUTICALS INC
0001144204-18-056843,0001144204-18-056843,tv505609-defm14a.htm,DEFM14A,2018-11-01,0001653247,"Landcadia Holdings, Inc.",7389,"Services-Business Services, NEC",,Waitr Holdings Inc.
0001493152-18-015134,0001493152-18-015134,defm14a.htm,DEFM14A,2018-11-02,0000864509,COMMAND SECURITY CORP,7381,"Services-Detective, Guard & Armored Car Services",,COMMAND SECURITY CORP
0001193125-18-317764,0001193125-18-317764,d495546ddefm14a.htm,DEFM14A,2018-11-05,0000868611,SONIC CORP,5812,Retail-Eating  Places,,SONIC CORP
0000010254-18-000071,0000010254-18-000071,defm14asabalodefinitivepro.htm,DEFM14A,2018-11-06,0000010254,EARTHSTONE ENERGY INC,1311,Crude Petroleum & Natural Gas,,EARTHSTONE ENERGY INC
0001047469-18-007059,0001047469-18-007059,a2237055zdefm14a.htm,DEFM14A,2018-11-06,0001544227,"OvaScience, Inc.",2834,Pharmaceutical Preparations,TPST,"Tempest Therapeutics, Inc."
0001193125-18-319595,0001193125-18-319595,d636466ddefm14a.htm,DEFM14A,2018-11-06,0001267395,ASPEN INSURANCE HOLDINGS LTD,6331,"Fire, Marine & Casualty Insurance","AHL-PD,AHL-PE,AHL-PF",ASPEN INSURANCE HOLDINGS LTD
0001552781-18-000472,0001552781-18-000472,e18426_bncl-defm14a.htm,DEFM14A,2018-11-06,0001615418,Beneficial Bancorp Inc.,6036,"Savings Institutions, Not Federally Chartered",,Beneficial Bancorp Inc.
0001193125-18-323821,0001193125-18-323821,d609394ddefm14a.htm,DEFM14A,2018-11-09,0000880285,ENBRIDGE ENERGY PARTNERS LP,4610,Pipe Lines (No Natural Gas),,ENBRIDGE ENERGY PARTNERS LP
0001193125-18-323831,0001193125-18-323831,d609390ddefm14a.htm,DEFM14A,2018-11-09,0001173911,ENBRIDGE ENERGY MANAGEMENT L L C,1311,Crude Petroleum & Natural Gas,,ENBRIDGE ENERGY MANAGEMENT L L C
0001193125-18-323836,0001193125-18-323836,d626174ddefm14a.htm,DEFM14A,2018-11-09,0001394074,"Spectra Energy Partners, LP",4922,Natural Gas Transmission,,"Spectra Energy Partners, LP"
0001144204-18-059416,0001144204-18-059416,tv505631-defm14a.htm,DEFM14A,2018-11-13,0001062292,XO GROUP INC.,5960,Retail-Nonstore Retailers,,XO GROUP INC.
0001047469-18-007270,0001047469-18-007270,a2237105zdefm14a.htm,DEFM14A,2018-11-16,0001235007,ENDOCYTE INC,2834,Pharmaceutical Preparations,,ENDOCYTE INC
0001047469-18-007290,0001047469-18-007290,a2237156zdefm14a.htm,DEFM14A,2018-11-16,0001537667,SELECT INCOME REIT,6798,Real Estate Investment Trusts,,SELECT INCOME REIT
0001140361-18-043338,0001140361-18-043338,s002488x2_defm14a.htm,DEFM14A,2018-11-19,0000948072,BIRNER DENTAL MANAGEMENT SERVICES INC,8000,Services-Health Services,,BIRNER DENTAL MANAGEMENT SERVICES INC
0001144204-18-060929,0001144204-18-060929,tv507660-defm14a.htm,DEFM14A,2018-11-20,0001703956,Industrea Acquisition Corp.,1700,Construction - Special Trade Contractors,BBCP,"Concrete Pumping Holdings, Inc."
0001193125-18-333848,0001193125-18-333848,d652875ddefm14a.htm,DEFM14A,2018-11-26,0001575428,"Strategic Storage Growth Trust, Inc.",6798,Real Estate Investment Trusts,,"Strategic Storage Growth Trust, Inc."
0001628280-18-014621,0001628280-18-014621,hortonworksdefm14a.htm,DEFM14A,2018-11-27,0001610532,"Hortonworks, Inc.",7372,Services-Prepackaged Software,,"Hortonworks, Inc."
0001144204-18-062435,0001144204-18-062435,tv508201-defm14a.htm,DEFM14A,2018-11-30,0001432196,Pershing Gold Corp.,1040,Gold and Silver Ores,,Pershing Gold Corp.
0001193125-18-339843,0001193125-18-339843,d622564ddefm14a.htm,DEFM14A,2018-11-30,0000033619,ESTERLINE TECHNOLOGIES CORP,3823,"Industrial Instruments For Measurement, Display, and Control",,ESTERLINE TECHNOLOGIES CORP
0001193125-18-341203,0001193125-18-341203,d652152ddefm14a.htm,DEFM14A,2018-12-03,0000703361,INTEGRATED DEVICE TECHNOLOGY INC,3674,Semiconductors & Related Devices,,Renesas Electronics America Inc.
0001140361-18-044544,0001140361-18-044544,s002454x4_defm14a.htm,DEFM14A,2018-12-04,0001544229,"Engility Holdings, Inc.",8711,Services-Engineering Services,,"Engility Holdings, Inc."
0001140361-18-044685,0001140361-18-044685,s002523x2_defm14a.htm,DEFM14A,2018-12-06,0000726514,ELECTRO SCIENTIFIC INDUSTRIES INC,3690,"Miscellaneous Electrical Machinery, Equipment & Supplies",,ELECTRO SCIENTIFIC INDUSTRIES INC
0001193125-18-343681,0001193125-18-343681,d651525ddefm14a.htm,DEFM14A,2018-12-06,0001364962,IMPERVA INC,7372,Services-Prepackaged Software,,IMPERVA INC
0001213900-18-017008,0001213900-18-017008,defm14a2018_draperoakwood.htm,DEFM14A,2018-12-06,0001705771,Draper Oakwood Technology Acquisition Inc.,5990,"Retail-Retail Stores, NEC",,Draper Oakwood Technology Acquisition Inc.
0001047469-18-007553,0001047469-18-007553,a2237263zdefm14a.htm,DEFM14A,2018-12-10,0001179060,"EnLink Midstream Partners, LP",4922,Natural Gas Transmission,,"EnLink Midstream Partners, LP"
0001193125-18-345430,0001193125-18-345430,d584060ddefm14a.htm,DEFM14A,2018-12-10,0001419625,Apptio Inc,7372,Services-Prepackaged Software,,Apptio Inc
0001193125-18-345505,0001193125-18-345505,d664298ddefm14a.htm,DEFM14A,2018-12-10,0001630132,"Bojangles', Inc.",5812,Retail-Eating  Places,,"Bojangles', Inc."
0001047469-18-007564,0001047469-18-007564,a2237237zdefm14a.htm,DEFM14A,2018-12-11,0000314808,Ensco plc,1381,Drilling Oil & Gas Wells,"VAL,VAL-WT",Valaris Ltd
0001047469-18-007567,0001047469-18-007567,a2237238zdefm14a.htm,DEFM14A,2018-12-11,0000085408,ROWAN COMPANIES PLC,1381,Drilling Oil & Gas Wells,,ROWAN COMPANIES PLC
0001144204-18-064298,0001144204-18-064298,tv508941-defm14a.htm,DEFM14A,2018-12-12,0001176316,ACCESS NATIONAL CORP,6035,"Savings Institution, Federally Chartered",,ACCESS NATIONAL CORP
0001193125-18-347556,0001193125-18-347556,d669259ddefm14a.htm,DEFM14A,2018-12-12,0001601545,"Blue Hills Bancorp, Inc.",6022,State Commercial Banks,,"Blue Hills Bancorp, Inc."
0001193125-18-347874,0001193125-18-347874,d654192ddefm14a.htm,DEFM14A,2018-12-12,0001087423,RED HAT INC,7370,"Services-Computer Programming, Data Processing, Etc.",,RED HAT INC
0001047469-18-007677,0001047469-18-007677,a2237352zdefm14a.htm,DEFM14A,2018-12-14,0000920424,"INVESTMENT TECHNOLOGY GROUP, INC.",6211,"Security Brokers, Dealers & Flotation Companies",,VIRTU ITG HOLDINGS LLC
0001047469-18-007718,0001047469-18-007718,a2237381zdefm14a.htm,DEFM14A,2018-12-18,0001477425,"SendGrid, Inc.",7372,Services-Prepackaged Software,,"SendGrid, Inc."
0001193125-18-351266,0001193125-18-351266,d646626ddefm14a.htm,DEFM14A,2018-12-18,0001299130,"PACIFIC BIOSCIENCES OF CALIFORNIA, INC.",3826,Laboratory Analytical Instruments,PACB,"PACIFIC BIOSCIENCES OF CALIFORNIA, INC."
0001144204-18-065399,0001144204-18-065399,tv508311-defm14a.htm,DEFM14A,2018-12-19,0001645494,ARRIS International plc,3663,Radio & Tv Broadcasting & Communications Equipment,,ARRIS International plc
0000930413-18-003625,0000930413-18-003625,c92185_defm14a.htm,DEFM14A,2018-12-20,0001230276,"Pandora Media, Inc.",4832,Radio Broadcasting Stations,,"Pandora Media, LLC"
0001140361-18-045639,0001140361-18-045639,s002558x5_defm14a.htm,DEFM14A,2018-12-21,0001118237,MBT FINANCIAL CORP,6021,National Commercial Banks,,MBT FINANCIAL CORP
0001144204-18-065906,0001144204-18-065906,tv509010-defm14a.htm,DEFM14A,2018-12-21,0001644963,"AVENUE THERAPEUTICS, INC.",2834,Pharmaceutical Preparations,ATXI,"AVENUE THERAPEUTICS, INC."
0001193125-18-354883,0001193125-18-354883,d638720ddefm14a.htm,DEFM14A,2018-12-21,0001131096,ATHENAHEALTH INC,7389,"Services-Business Services, NEC",,ATHENAHEALTH INC
0001213900-18-017744,0001213900-18-017744,defm14a1218_medleycapital.htm,DEFM14A,2018-12-21,0001490349,Medley Capital Corp,,,"PFX,PFXNZ",PhenixFIN Corp
0001213900-18-017745,0001213900-18-017745,defm14a1218_medley.htm,DEFM14A,2018-12-21,0001611110,MEDLEY MANAGEMENT INC.,6282,Investment Advice,,MEDLEY MANAGEMENT INC.
0001193125-18-357922,0001193125-18-357922,d678806ddefm14a.htm,DEFM14A,2018-12-26,0001681714,WildHorse Resource Development Corp,1311,Crude Petroleum & Natural Gas,,"Brazos Valley Longhorn, L.L.C."
0001193125-19-002559,0001193125-19-002559,d647708ddefm14a.htm,DEFM14A,2019-01-04,0001506401,"InfraREIT, Inc.",6798,Real Estate Investment Trusts,,"InfraREIT, Inc."
0001193125-19-004644,0001193125-19-004644,d683511ddefm14a.htm,DEFM14A,2019-01-08,0000912750,NEWFIELD EXPLORATION CO /DE/,1311,Crude Petroleum & Natural Gas,,NEWFIELD EXPLORATION CO /DE/
0001140361-19-000752,0001140361-19-000752,s002605x2_defm14a.htm,DEFM14A,2019-01-11,0001080056,"THESTREET, INC.",2711,Newspapers: Publishing or  Publishing & Printing,,"THESTREET, INC."
0001140361-19-000752,0001140361-19-012900,nc10003220x1_defm14a.htm,DEFM14A,2019-07-15,0001080056,"THESTREET, INC.",2711,Newspapers: Publishing or  Publishing & Printing,,"THESTREET, INC."
0001571049-19-000021,0001571049-19-000021,tv510461-defm14a.htm,DEFM14A,2019-01-17,0001674227,"Alliance MMA, Inc.",7374,Services-Computer Processing & Data Preparation,WORX,SCWorx Corp.
0001193125-19-012204,0001193125-19-012204,d613717ddefm14a.htm,DEFM14A,2019-01-18,0001709768,Sentinel Energy Services Inc.,6770,Blank Checks,,Sentinel Energy Services Inc.
0001193125-19-013385,0001193125-19-013385,d688542ddefm14a.htm,DEFM14A,2019-01-22,0001669812,"LSC Communications, Inc.",2750,Commercial Printing,,"LSC Communications, Inc."
0001193125-19-014338,0001193125-19-014338,d663129ddefm14a.htm,DEFM14A,2019-01-23,0000092679,SPARTON CORP,3672,Printed Circuit Boards,,SPARTON CORP
0001193125-19-014341,0001193125-19-014341,d681305ddefm14a.htm,DEFM14A,2019-01-23,0001458962,"MINDBODY, Inc.",7374,Services-Computer Processing & Data Preparation,,"MINDBODY, Inc."
0001193125-19-014477,0001193125-19-014477,d660544ddefm14a.htm,DEFM14A,2019-01-23,0001522420,"BSB Bancorp, Inc.",6022,State Commercial Banks,,"BSB Bancorp, Inc."
0001144204-19-002660,0001144204-19-002660,tv507918-defm14a.htm,DEFM14A,2019-01-24,0001054274,"Alliqua BioMedical, Inc.",3841,Surgical & Medical Instruments & Apparatus,,"Adynxx, Inc."
0001047469-19-000232,0001047469-19-000232,a2237577zdefm14a.htm,DEFM14A,2019-01-25,0001319229,TransMontaigne Partners L.P.,4610,Pipe Lines (No Natural Gas),,TransMontaigne Partners LLC
0001144204-19-002713,0001144204-19-002713,tv508341-defm14a.htm,DEFM14A,2019-01-25,0000277058,NEVADA GOLD & CASINOS INC,7990,Services-Miscellaneous Amusement & Recreation,,NEVADA GOLD & CASINOS INC
0001193125-19-016348,0001193125-19-016348,d669968ddefm14a.htm,DEFM14A,2019-01-25,0001603286,"Dominion Energy Midstream Partners, LP",4922,Natural Gas Transmission,,"Dominion Energy Midstream Partners, LP"
0001193125-19-017818,0001193125-19-017818,d659828ddefm14a.htm,DEFM14A,2019-01-28,0001609951,National Commerce Corp,6021,National Commercial Banks,,National Commerce Corp
0001193125-19-018615,0001193125-19-018615,d671723ddefm14a.htm,DEFM14A,2019-01-28,0001414475,Western Gas Partners LP,4922,Natural Gas Transmission,,"Western Midstream Operating, LP"
0001047469-19-000291,0001047469-19-000291,a2237603zdefm14a.htm,DEFM14A,2019-01-30,0001469510,Resolute Energy Corp,1311,Crude Petroleum & Natural Gas,,Cimarex Resolute LLC
0001193125-19-021186,0001193125-19-021186,d628511ddefm14a.htm,DEFM14A,2019-01-30,0001604416,"Nexeo Solutions, Inc.",5160,Wholesale-Chemicals & Allied Products,,"Nexeo Solutions, Inc."
0001047469-19-000305,0001047469-19-000305,a2237630zdefm14a.htm,DEFM14A,2019-01-31,0001598968,Antero Midstream Partners LP,4922,Natural Gas Transmission,,Antero Midstream Partners LP
0001047469-19-000306,0001047469-19-000306,a2237628zdefm14a.htm,DEFM14A,2019-01-31,0001623925,Antero Midstream GP LP,4922,Natural Gas Transmission,AM,Antero Midstream Corp
0001140361-19-001991,0001140361-19-001991,s002609x2_defm14a.htm,DEFM14A,2019-01-31,0000099771,TRINITY CAPITAL CORP,6021,National Commercial Banks,,TRINITY CAPITAL CORP
0001193125-19-026360,0001193125-19-026360,d671126ddefm14a.htm,DEFM14A,2019-02-04,0001096376,NUTRI SYSTEM INC /DE/,5961,Retail-Catalog & Mail-Order Houses,,NUTRI SYSTEM INC /DE/
0001456016-19-000005,0001456016-19-000005,gcear-defm14aproxystatement.htm,DEFM14A,2019-02-04,0001456016,"Griffin Capital Essential Asset REIT, Inc.",6798,Real Estate Investment Trusts,,"Griffin Capital Essential Asset REIT, Inc."
0001493152-19-001349,0001493152-19-001349,defm14a.htm,DEFM14A,2019-02-04,0001572552,"Asterias Biotherapeutics, Inc.",2836,"Biological Products, (No Diagnostic Substances)",,"Asterias Biotherapeutics, Inc."
0001144204-19-005036,0001144204-19-005036,tv510554-defm14a.htm,DEFM14A,2019-02-05,0000918580,Gaming Partners International CORP,3944,"Games, Toys & Children's Vehicles (No Dolls & Bicycles)",,Gaming Partners International CORP
0001193125-19-028348,0001193125-19-028348,d670753ddefm14a.htm,DEFM14A,2019-02-05,0000726513,TRIBUNE MEDIA CO,4833,Television Broadcasting Stations,,TRIBUNE MEDIA CO
0001193125-19-029734,0001193125-19-029734,d664783ddefm14a.htm,DEFM14A,2019-02-07,0001100441,"RTI SURGICAL, INC.",3842,"Orthopedic, Prosthetic & Surgical Appliances & Supplies",,"RTI SURGICAL, INC."
0001193125-19-031021,0001193125-19-031021,d623694ddefm14a.htm,DEFM14A,2019-02-07,0001461640,HomeTown Bankshares Corp,6022,State Commercial Banks,,HomeTown Bankshares Corp
0001144204-19-005854,0001144204-19-005854,tv511677-defm14a.htm,DEFM14A,2019-02-08,0001162556,DOVER DOWNS GAMING & ENTERTAINMENT INC,7011,Hotels & Motels,,DOVER DOWNS GAMING & ENTERTAINMENT INC
0001193125-19-031426,0001193125-19-031426,d647968ddefm14a.htm,DEFM14A,2019-02-08,0001094739,FINISAR CORP,3674,Semiconductors & Related Devices,,FINISAR CORP
0001144204-19-006772,0001144204-19-006772,tv511081-defm14a.htm,DEFM14A,2019-02-13,0001424755,Travelport Worldwide LTD,4700,Transportation Services,,Travelport Worldwide LTD
0001144204-19-007149,0001144204-19-007149,tv512304-defm14a.htm,DEFM14A,2019-02-13,0001094139,OURPETS CO,3089,"Plastics Products, NEC",,OURPETS CO
0001193125-19-039441,0001193125-19-039441,d689911ddefm14a.htm,DEFM14A,2019-02-14,0001608638,"Civitas Solutions, Inc.",8082,Services-Home Health Care Services,,"Civitas Solutions, Inc."
0001193125-19-041123,0001193125-19-041123,d688695ddefm14a.htm,DEFM14A,2019-02-14,0001707306,Haymaker Acquisition Corp.,6770,Blank Checks,,Haymaker Acquisition Corp.
0001047469-19-000519,0001047469-19-000519,a2237746zdefm14a.htm,DEFM14A,2019-02-15,0001556364,"Owens Realty Mortgage, Inc.",6798,Real Estate Investment Trusts,,"Owens Realty Mortgage, Inc."
0001140361-19-003696,0001140361-19-003696,s002620x7_defm14a.htm,DEFM14A,2019-02-22,0000816284,CELGENE CORP /DE/,2834,Pharmaceutical Preparations,,CELGENE CORP /DE/
0001140361-19-003768,0001140361-19-003768,s002479x5_defm14a.htm,DEFM14A,2019-02-25,0001039101,"L3 TECHNOLOGIES, INC.",3663,Radio & Tv Broadcasting & Communications Equipment,,"L3 TECHNOLOGIES, INC."
0001144204-19-010177,0001144204-19-010177,tv514515-defm14a.htm,DEFM14A,2019-02-26,0001500213,"SI Financial Group, Inc.",6035,"Savings Institution, Federally Chartered",,"SI Financial Group, Inc."
0001193125-19-061580,0001193125-19-061580,d654690ddefm14a.htm,DEFM14A,2019-03-04,0000077159,PENN VIRGINIA CORP,1311,Crude Petroleum & Natural Gas,,"BAYTEX ENERGY USA, INC."
0001047469-19-000999,0001047469-19-000999,a2237707zdefm14a.htm,DEFM14A,2019-03-07,0000315449,UQM TECHNOLOGIES INC,3679,"Electronic Components, NEC",,UQM TECHNOLOGIES INC
0001047469-19-001084,0001047469-19-001084,a2237815zdefm14a.htm,DEFM14A,2019-03-11,0001164727,NEWMONT MINING CORP /DE/,1040,Gold and Silver Ores,"NEM,NEMCL",NEWMONT Corp /DE/
0001144204-19-013709,0001144204-19-013709,tv515314-defm14a.htm,DEFM14A,2019-03-13,0000764579,CAS MEDICAL SYSTEMS INC,3841,Surgical & Medical Instruments & Apparatus,,CAS MEDICAL SYSTEMS INC
0001193125-19-074204,0001193125-19-074204,d685125ddefm14a.htm,DEFM14A,2019-03-14,0000883980,FIRST DATA CORP,7389,"Services-Business Services, NEC",,FIRST DATA CORP
0001193125-19-076728,0001193125-19-076728,d666206ddefm14a.htm,DEFM14A,2019-03-15,0001122388,ELLIE MAE INC,7372,Services-Prepackaged Software,,ELLIE MAE INC
0001193125-19-080933,0001193125-19-080933,d680874ddefm14a.htm,DEFM14A,2019-03-20,0001302573,OncoMed Pharmaceuticals Inc,2834,Pharmaceutical Preparations,,OncoMed Pharmaceuticals Inc
0001193125-19-080984,0001193125-19-080984,d689947ddefm14a.htm,DEFM14A,2019-03-20,0001660690,"Versum Materials, Inc.",2890,Miscellaneous Chemical Products,,"Versum Materials, Inc."
0001193125-19-080984,0001193125-19-145472,d673689ddefm14a.htm,DEFM14A,2019-05-13,0001660690,"Versum Materials, Inc.",2890,Miscellaneous Chemical Products,,"Versum Materials, Inc."
0001144204-19-015819,0001144204-19-015819,tv517048-defm14a.htm,DEFM14A,2019-03-25,0000822662,FIDELITY SOUTHERN CORP,6022,State Commercial Banks,,FIDELITY SOUTHERN CORP
0001140361-19-005654,0001140361-19-005654,s002694x3_defm14a.htm,DEFM14A,2019-03-26,0001016125,ULTIMATE SOFTWARE GROUP INC,7372,Services-Prepackaged Software,,ULTIMATE SOFTWARE GROUP INC
0001047469-19-001684,0001047469-19-001684,a2238139zdefm14a.htm,DEFM14A,2019-03-27,0000011199,BEMIS CO INC,2670,Converted Paper & Paperboard Prods (No Contaners/Boxes),,"Amcor Flexibles North America, Inc."
0000921895-19-001020,0000921895-19-001020,defm14a09196029_04042019.htm,DEFM14A,2019-04-04,0001368365,"REMARK HOLDINGS, INC.",4899,"Communications Services, NEC",,"REMARK HOLDINGS, INC."
0001144204-19-018110,0001144204-19-018110,tv517046-defm14a.htm,DEFM14A,2019-04-04,0000921114,AmpliPhi Biosciences Corp,2836,"Biological Products, (No Diagnostic Substances)",ARMP,"Armata Pharmaceuticals, Inc."
0001193125-19-099417,0001193125-19-099417,d701918ddefm14a.htm,DEFM14A,2019-04-05,0000819220,MULTI COLOR Corp,2750,Commercial Printing,,MULTI COLOR Corp
0001144204-19-018683,0001144204-19-018683,tv518421-defm14a.htm,DEFM14A,2019-04-08,0001616314,"MedEquities Realty Trust, Inc.",6798,Real Estate Investment Trusts,,"MedEquities Realty Trust, Inc."
0001144204-19-018908,0001144204-19-018908,tv518527_defm14a.htm,DEFM14A,2019-04-09,0001688479,Stira Alcentra Global Credit Fund,,,,Stira Alcentra Global Credit Fund
0001193125-19-101320,0001193125-19-101320,d629545ddefm14a.htm,DEFM14A,2019-04-09,0001711675,Nightstar Therapeutics plc,2836,"Biological Products, (No Diagnostic Substances)",,Nightstar Therapeutics plc
0001615774-19-005542,0001615774-19-005542,s117336_defm14a.htm,DEFM14A,2019-04-09,0000829323,"Inuvo, Inc.",7310,Services-Advertising,INUV,"Inuvo, Inc."
0001144204-19-020301,0001144204-19-020301,tv518980_defm14a.htm,DEFM14A,2019-04-18,0001540159,"Stellar Biotechnologies, Inc.",2834,Pharmaceutical Preparations,EDSA,"Edesa Biotech, Inc."
0001445260-19-000024,0001445260-19-000024,defm14a.htm,DEFM14A,2019-04-18,0000874292,ADDVANTAGE TECHNOLOGIES GROUP INC,5000,Wholesale-Durable Goods,,ADDVANTAGE TECHNOLOGIES GROUP INC
0001493152-19-005706,0001493152-19-005706,formdefm14a.htm,DEFM14A,2019-04-22,0001591890,"1347 Property Insurance Holdings, Inc.",6199,Finance Services,"FGC,FGNX,FGCPP,FGNXP",FG Nexus Inc.
0001193125-19-113725,0001193125-19-113725,d718793ddefm14a.htm,DEFM14A,2019-04-23,0000108772,XEROX CORP,3577,"Computer Peripheral Equipment, NEC",,XEROX CORP
0001144204-19-021632,0001144204-19-021632,tv517679-defm14a.htm,DEFM14A,2019-04-26,0001744895,Churchill Capital Corp,7374,Services-Computer Processing & Data Preparation,,Churchill Capital Corp
0001193125-19-136486,0001193125-19-136486,d694529ddefm14a.htm,DEFM14A,2019-05-03,0000814184,TCF FINANCIAL CORP,6021,National Commercial Banks,,TCF FINANCIAL CORP
0001213900-19-007724,0001213900-19-007724,defm14a050219_onemadison.htm,DEFM14A,2019-05-03,0001712463,One Madison Corp,2670,Converted Paper & Paperboard Prods (No Contaners/Boxes),PACK,Ranpak Holdings Corp.
0001047469-19-002888,0001047469-19-002888,a2238744zdefm14a.htm,DEFM14A,2019-05-06,0001073475,CITIZENS FIRST CORP,6021,National Commercial Banks,,CITIZENS FIRST CORP
0001047469-19-002889,0001047469-19-002889,a2238686zdefm14a.htm,DEFM14A,2019-05-06,0001037016,NII HOLDINGS INC,4812,Radiotelephone Communications,,NII HOLDINGS INC
0001047469-19-002945,0001047469-19-002945,a2238756zdefm14a.htm,DEFM14A,2019-05-08,0001176373,TIER REIT INC,6798,Real Estate Investment Trusts,,TIER REIT INC
0001193125-19-141373,0001193125-19-141373,d728355ddefm14a.htm,DEFM14A,2019-05-08,0001356104,"Mellanox Technologies, Ltd.",3674,Semiconductors & Related Devices,,"Mellanox Technologies, Ltd."
0001193125-19-146717,0001193125-19-146717,d739223ddefm14a.htm,DEFM14A,2019-05-14,0001370702,QUANTENNA COMMUNICATIONS INC,3674,Semiconductors & Related Devices,,"ON Semiconductor Connectivity Solutions, Inc."
0001193125-19-151016,0001193125-19-151016,d707380ddefm14a.htm,DEFM14A,2019-05-20,0001390844,WABCO Holdings Inc.,3711,Motor Vehicles & Passenger Car Bodies,,WABCO Holdings Inc.
0001193125-19-151875,0001193125-19-151875,d703032ddefm14a.htm,DEFM14A,2019-05-20,0000833795,HOMEFED CORP,6500,Real Estate,,HOMEFED CORP
0001437749-19-010517,0001437749-19-010517,dhc20190508_defm14a.htm,DEFM14A,2019-05-21,0001361025,DCP Holding CO,6324,Hospital & Medical Service Plans,,DCP Holding CO
0001047469-19-003292,0001047469-19-003292,a2238871zdefm14a.htm,DEFM14A,2019-05-23,0001585790,"Advanced Disposal Services, Inc.",4953,Refuse Systems,,"Advanced Disposal Services, Inc."
0001140361-19-009753,0001140361-19-009753,nc10002128x1_defm14a.htm,DEFM14A,2019-05-23,0001279363,"WELLCARE HEALTH PLANS, INC.",6324,Hospital & Medical Service Plans,,"WELLCARE HEALTH PLANS, INC."
0001140361-19-009939,0001140361-19-009939,nt10001013x2_defm14a.htm,DEFM14A,2019-05-29,0001533526,"GLOBAL BRASS & COPPER HOLDINGS, INC.",3350,Rolling Drawing & Extruding of  Nonferrous Metals,,"GLOBAL BRASS & COPPER HOLDINGS, INC."
0001193125-19-162908,0001193125-19-162908,d710574ddefm14a.htm,DEFM14A,2019-05-31,0001380509,"HFF, Inc.",6519,"Lessors of  Real Property, NEC",,"HFF, Inc."
0001493152-19-008537,0001493152-19-008537,defm14a.htm,DEFM14A,2019-06-03,0001634447,Jensyn Acquisition Corp.,3674,Semiconductors & Related Devices,,"ISUN, INC."
0001193125-19-168033,0001193125-19-168033,d542858ddefm14a.htm,DEFM14A,2019-06-07,0001533932,"Worldpay, Inc.",7389,"Services-Business Services, NEC",,"Worldpay, Inc."
0001193125-19-169296,0001193125-19-169296,d745208ddefm14a.htm,DEFM14A,2019-06-10,0001316016,AQUANTIA CORP,3674,Semiconductors & Related Devices,,AQUANTIA CORP
0001193125-19-170286,0001193125-19-170286,d742485ddefm14a.htm,DEFM14A,2019-06-11,0000867374,ELECTRONICS FOR IMAGING INC,3576,Computer Communications Equipment,,ELECTRONICS FOR IMAGING INC
0001193125-19-170789,0001193125-19-170789,d751426ddefm14a.htm,DEFM14A,2019-06-12,0001311241,INTERMOLECULAR INC,3674,Semiconductors & Related Devices,,INTERMOLECULAR INC
0001683168-19-001882,0001683168-19-001882,brac_defm14a.htm,DEFM14A,2019-06-12,0001708341,Black Ridge Acquisition Corp.,7900,Services-Amusement & Recreation Services,AIFA,"All In FutureTech Alliance, Inc."
0001193125-19-171527,0001193125-19-171527,d687397ddefm14a.htm,DEFM14A,2019-06-13,0001043186,American Electric Technologies Inc,4924,Natural Gas Distribution,SLNG,"Stabilis Solutions, Inc."
0001213900-19-010743,0001213900-19-010743,defm14a061119_emmauslife.htm,DEFM14A,2019-06-14,0001420031,"EMMAUS LIFE SCIENCES, INC.",6770,Blank Checks,,"EMI Holding, Inc."
0001047469-19-003663,0001047469-19-003663,a2239048zdefm14a.htm,DEFM14A,2019-06-17,0001509190,"ARATANA THERAPEUTICS, INC.",2834,Pharmaceutical Preparations,,"ARATANA THERAPEUTICS, INC."
0001047469-19-003672,0001047469-19-003672,a2238987zdefm14a.htm,DEFM14A,2019-06-17,0001041550,HOPFED BANCORP INC,6022,State Commercial Banks,,HOPFED BANCORP INC
0001193125-19-176596,0001193125-19-176596,d748103ddefm14a.htm,DEFM14A,2019-06-19,0000750556,SUNTRUST BANKS INC,6021,National Commercial Banks,,SUNTRUST BANKS INC
0001193125-19-177644,0001193125-19-177644,d59366ddefm14a.htm,DEFM14A,2019-06-20,0001403528,"Oaktree Capital Group, LLC",6282,Investment Advice,"OAK-PA,OAK-PB","Brookfield Oaktree Holdings, LLC"
0001047469-19-003780,0001047469-19-003780,a2239086zdefm14a.htm,DEFM14A,2019-06-21,0001259515,CONTROL4 CORP,3670,Electronic Components & Accessories,,CONTROL4 CORP
0001193125-19-180761,0001193125-19-180761,d727674ddefm14a.htm,DEFM14A,2019-06-25,0000805022,"BUCKEYE PARTNERS, L.P.",4610,Pipe Lines (No Natural Gas),,"BUCKEYE PARTNERS, L.P."
0001552781-19-000290,0001552781-19-000290,e19307_enfc-defm14a.htm,DEFM14A,2019-06-25,0001522327,Entegra Financial Corp.,6036,"Savings Institutions, Not Federally Chartered",,Entegra Financial Corp.
0001628280-19-008343,0001628280-19-008343,craydefm14a.htm,DEFM14A,2019-06-25,0000949158,CRAY INC,3571,Electronic Computers,,CRAY INC
0001140361-19-011577,0001140361-19-011577,nc10002161x2_defm14a.htm,DEFM14A,2019-06-26,0001608249,"Zayo Group Holdings, Inc.",4813,Telephone Communications (No Radiotelephone),,"Zayo Group Holdings, Inc."
0001140361-19-011648,0001140361-19-011648,nt10001537x4_defm14a.htm,DEFM14A,2019-06-26,0001669600,"Liberty Expedia Holdings, Inc.",5960,Retail-Nonstore Retailers,,"Liberty Expedia Holdings, Inc."
0001144204-19-032467,0001144204-19-032467,tv523276-defm14a.htm,DEFM14A,2019-06-26,0001014739,"BioScrip, Inc.",8082,Services-Home Health Care Services,OPCH,"Option Care Health, Inc."
0001047469-19-003943,0001047469-19-003943,a2239168zdefm14a.htm,DEFM14A,2019-06-28,0001521847,Amplify Energy Corp,1311,Crude Petroleum & Natural Gas,,Amplify Energy Holdings LLC
0001193125-19-186055,0001193125-19-186055,d745690ddefm14a.htm,DEFM14A,2019-06-28,0001507615,ANDEAVOR LOGISTICS LP,4610,Pipe Lines (No Natural Gas),,ANDEAVOR LOGISTICS LP
0001144204-19-034005,0001144204-19-034005,tv524827_defm14a.htm,DEFM14A,2019-07-08,0000076149,PARADISE INC,2060,Sugar & Confectionery Products,,PARADISE INC
0001193125-19-190654,0001193125-19-190654,d645811ddefm14a.htm,DEFM14A,2019-07-09,0001725134,Leo Holdings Corp.,7389,"Services-Business Services, NEC",,"Digital Media Solutions, Inc."
0001193125-19-191895,0001193125-19-191895,d763164ddefm14a.htm,DEFM14A,2019-07-10,0001648383,"CNL Healthcare Properties II, Inc.",6798,Real Estate Investment Trusts,,"CNL Healthcare Properties II, Inc."
0001193125-19-191925,0001193125-19-191925,d743342ddefm14a.htm,DEFM14A,2019-07-10,0001568319,Voltari Corp,6500,Real Estate,,Voltari Corp
0001140361-19-012802,0001140361-19-012802,nt10002584x1_defm14a.htm,DEFM14A,2019-07-11,0000773910,ANADARKO PETROLEUM CORP,1311,Crude Petroleum & Natural Gas,,ANADARKO PETROLEUM CORP
0001193125-19-193153,0001193125-19-193153,d693774ddefm14a.htm,DEFM14A,2019-07-12,0000932628,AMERIGAS PARTNERS LP,5990,"Retail-Retail Stores, NEC",,AMERIGAS PARTNERS LP
0001193125-19-193297,0001193125-19-193297,d772078ddefm14a.htm,DEFM14A,2019-07-12,0000819050,VICAL INC,2836,"Biological Products, (No Diagnostic Substances)",,"Fresh Tracks Therapeutics, Inc."
0001144204-19-034703,0001144204-19-034703,tv525100_defm14a.htm,DEFM14A,2019-07-15,0001627515,GOLUB CAPITAL INVESTMENT Corp,,,,GOLUB CAPITAL INVESTMENT Corp
0001047469-19-004210,0001047469-19-004210,a2239267zdefm14a.htm,DEFM14A,2019-07-16,0000791915,CYPRESS SEMICONDUCTOR CORP /DE/,3674,Semiconductors & Related Devices,,CYPRESS SEMICONDUCTOR CORP /DE/
0001193125-19-195843,0001193125-19-195843,d697563ddefm14a.htm,DEFM14A,2019-07-18,0001482974,"Carter Validus Mission Critical REIT, Inc.",6798,Real Estate Investment Trusts,,"Carter Validus Mission Critical REIT, Inc."
0001140361-19-013217,0001140361-19-013217,nc10003001x2_defm14a.htm,DEFM14A,2019-07-19,0001453814,"Medidata Solutions, Inc.",7372,Services-Prepackaged Software,,"Medidata Solutions, Inc."
0001047469-19-004385,0001047469-19-004385,a2239337zdefm14a.htm,DEFM14A,2019-07-25,0001437106,"Ascent Capital Group, Inc.",7380,Services-Miscellaneous Business Services,,"Ascent Capital Group, Inc."
0001193125-19-202557,0001193125-19-202557,d769870ddefm14a.htm,DEFM14A,2019-07-25,0000721683,TOTAL SYSTEM SERVICES INC,7389,"Services-Business Services, NEC",,TOTAL SYSTEM SERVICES INC
0001493152-19-011133,0001493152-19-011133,defm14a.htm,DEFM14A,2019-07-25,0000049615,ID SYSTEMS INC,3669,"Communications Equipment, NEC",,ID SYSTEMS INC
0001047469-19-004413,0001047469-19-004413,a2239357zdefm14a.htm,DEFM14A,2019-07-26,0000937941,"PCM, INC.",5961,Retail-Catalog & Mail-Order Houses,,"PCM, INC."
0001193125-19-204132,0001193125-19-204132,d741632ddefm14a.htm,DEFM14A,2019-07-26,0001473078,Chesapeake Lodging Trust,6798,Real Estate Investment Trusts,,Chesapeake Lodging Trust
0001193125-19-204872,0001193125-19-204872,d653350ddefm14a.htm,DEFM14A,2019-07-29,0001158863,"WAGEWORKS, INC.",7389,"Services-Business Services, NEC",,"WAGEWORKS, INC."
0001193125-19-207019,0001193125-19-207019,d756106ddefm14a.htm,DEFM14A,2019-07-30,0001125920,SHUTTERFLY INC,7384,Services-Photofinishing Laboratories,,SHUTTERFLY INC
0001193125-19-207112,0001193125-19-207112,d774133ddefm14a.htm,DEFM14A,2019-07-30,0001690881,"ASV HOLDINGS, INC.",3531,Construction Machinery & Equip,,"ASV HOLDINGS, INC."
0001140361-19-014051,0001140361-19-014051,nc10003238x2_defm14a.htm,DEFM14A,2019-08-02,0000031978,EL PASO ELECTRIC CO /TX/,4911,Electric Services,,EL PASO ELECTRIC CO /TX/
0001193125-19-212459,0001193125-19-212459,d454830ddefm14a.htm,DEFM14A,2019-08-05,0001722992,Spirit MTA REIT,6798,Real Estate Investment Trusts,,SMTA Liquidating Trust
0001193125-19-213542,0001193125-19-213542,d733221ddefm14a.htm,DEFM14A,2019-08-06,0001415301,"Del Frisco's Restaurant Group, Inc.",5812,Retail-Eating  Places,,"Del Frisco's Restaurant Group, Inc."
0001193125-19-214671,0001193125-19-214671,d769551ddefm14a.htm,DEFM14A,2019-08-07,0000823094,SOTHEBYS,7389,"Services-Business Services, NEC",,SOTHEBYS
0001193125-19-215521,0001193125-19-215521,d751132ddefm14a.htm,DEFM14A,2019-08-07,0001651235,"Acacia Communications, Inc.",3674,Semiconductors & Related Devices,,"Acacia Communications, Inc."
0001047469-19-004645,0001047469-19-004645,a2239424zdefm14a.htm,DEFM14A,2019-08-08,0000356130,EMC INSURANCE GROUP INC,6331,"Fire, Marine & Casualty Insurance",,EMC INSURANCE GROUP INC
0001193125-19-219325,0001193125-19-219325,d790665ddefm14a.htm,DEFM14A,2019-08-13,0001579412,FS Investment Corp III,,,,FS Investment Corp III
0001193125-19-219326,0001193125-19-219326,d790671ddefm14a.htm,DEFM14A,2019-08-13,0001637417,FS Investment Corp IV,,,,FS Investment Corp IV
0001193125-19-219327,0001193125-19-219327,d790673ddefm14a.htm,DEFM14A,2019-08-13,0001617896,Corporate Capital Trust II,,,,Corporate Capital Trust II
0001193125-19-220111,0001193125-19-220111,d740260ddefm14a.htm,DEFM14A,2019-08-13,0000745981,MIDSOUTH BANCORP INC,6021,National Commercial Banks,,MIDSOUTH BANCORP INC
0001213900-19-015580,0001213900-19-015580,defm14a0819_ifreshinc.htm,DEFM14A,2019-08-13,0001681941,iFresh Inc,5411,Retail-Grocery Stores,,iFresh Inc
0001387131-19-006037,0001387131-19-006037,atrm-defm14a_090619.htm,DEFM14A,2019-08-13,0000908598,"ATRM Holdings, Inc.",2452,Prefabricated Wood Bldgs & Components,,"ATRM Holdings, Inc."
0001193125-19-221285,0001193125-19-221285,d168121ddefm14a.htm,DEFM14A,2019-08-14,0001646587,NorthStar Realty Europe Corp.,6798,Real Estate Investment Trusts,,NorthStar Realty Europe Corp.
0001019056-19-000489,0001019056-19-000489,stewardship_defm14a.htm,DEFM14A,2019-08-19,0001023860,STEWARDSHIP FINANCIAL CORP,6022,State Commercial Banks,,STEWARDSHIP FINANCIAL CORP
0001144204-19-040838,0001144204-19-040838,tv526698-defm14a.htm,DEFM14A,2019-08-20,0001517401,Peak Resorts Inc,7011,Hotels & Motels,,Peak Resorts Inc
0001193125-19-225352,0001193125-19-225352,d775923ddefm14a.htm,DEFM14A,2019-08-20,0001012620,GENESEE & WYOMING INC,4011,"Railroads, Line-Haul Operating",,GENESEE & WYOMING INC
0001140361-19-015448,0001140361-19-015448,nt10003111x5_defm14a.htm,DEFM14A,2019-08-22,0000713671,DNB FINANCIAL CORP /PA/,6021,National Commercial Banks,,DNB FINANCIAL CORP /PA/
0001193125-19-229880,0001193125-19-229880,d773368ddefm14a.htm,DEFM14A,2019-08-27,0001325740,"Advanced BioEnergy, LLC",2860,Industrial Organic Chemicals,,"Advanced BioEnergy, LLC"
0001185185-19-001228,0001185185-19-001228,isramco20190829_defm14a.htm,DEFM14A,2019-09-06,0000719209,ISRAMCO INC,1311,Crude Petroleum & Natural Gas,,ISRAMCO INC
0001193125-19-239279,0001193125-19-239279,d784695ddefm14a.htm,DEFM14A,2019-09-06,0001501364,"United Financial Bancorp, Inc.",6036,"Savings Institutions, Not Federally Chartered",,"United Financial Bancorp, Inc."
0001193125-19-239996,0001193125-19-239996,d799822ddefm14a.htm,DEFM14A,2019-09-06,0001615817,"C&J Energy Services, Inc.",1389,"Oil & Gas Field Services, NEC",,King Merger Sub II LLC
0001193125-19-240538,0001193125-19-240538,d773586ddefm14a.htm,DEFM14A,2019-09-09,0001090061,OMNOVA SOLUTIONS INC,3060,"Fabricated Rubber Products, NEC",,OMNOVA SOLUTIONS INC
0001193125-19-240539,0001193125-19-240539,d742924ddefm14a.htm,DEFM14A,2019-09-09,0001385292,Monotype Imaging Holdings Inc.,7371,Services-Computer Programming Services,,Monotype Imaging Holdings Inc.
0001140361-19-016429,0001140361-19-016429,nc10004457x1_defm14a.htm,DEFM14A,2019-09-10,0001047122,RAYTHEON CO/,3812,"Search, Detection, Navigation, Guidance, Aeronautical Sys",,RAYTHEON CO/
0001193125-19-242079,0001193125-19-242079,d802818ddefm14a.htm,DEFM14A,2019-09-10,0001094392,RUDOLPH TECHNOLOGIES INC,3823,"Industrial Instruments For Measurement, Display, and Control",,RUDOLPH TECHNOLOGIES INC
0001193125-19-243425,0001193125-19-243425,d777252ddefm14a.htm,DEFM14A,2019-09-12,0001019737,NAVIGANT CONSULTING INC,8742,Services-Management Consulting Services,,NAVIGANT CONSULTING INC
0001047469-19-005228,0001047469-19-005228,a2239644zdefm14a.htm,DEFM14A,2019-09-13,0001378718,"Wesco Aircraft Holdings, Inc",5072,Wholesale-Hardware,,"Wesco Aircraft Holdings, Inc"
0001193125-19-245800,0001193125-19-245800,d788814ddefm14a.htm,DEFM14A,2019-09-16,0001578845,Allergan plc,2834,Pharmaceutical Preparations,,Allergan plc
0001140361-19-016819,0001140361-19-016819,nc10002714x8_defm14a.htm,DEFM14A,2019-09-17,0000051548,INTERNATIONAL SPEEDWAY CORP,7948,"Services-Racing, Including Track Operation",,INTERNATIONAL SPEEDWAY CORP
0001193125-19-246953,0001193125-19-246953,d779665ddefm14a.htm,DEFM14A,2019-09-17,0001068851,PROSPERITY BANCSHARES INC,6022,State Commercial Banks,PB,PROSPERITY BANCSHARES INC
0001193125-19-246971,0001193125-19-246971,d801053ddefm14a.htm,DEFM14A,2019-09-17,0001487052,"LegacyTexas Financial Group, Inc.",6035,"Savings Institution, Federally Chartered",,"LegacyTexas Financial Group, Inc."
0001047469-19-005334,0001047469-19-005334,a2239601zdefm14a.htm,DEFM14A,2019-09-19,0001703038,NRC GROUP HOLDINGS CORP.,4955,Hazardous Waste Management,,NRC GROUP HOLDINGS CORP.
0001047469-19-005338,0001047469-19-005338,a2239599zdefm14a.htm,DEFM14A,2019-09-19,0000742126,"US ECOLOGY, INC.",4953,Refuse Systems,,"US Ecology Holdings, Inc."
0001047469-19-005396,0001047469-19-005396,a2239735zdefm14a.htm,DEFM14A,2019-09-23,0001604738,Ashford Inc.,8742,Services-Management Consulting Services,,Ashford Inc.
0001193125-19-252275,0001193125-19-252275,d608946ddefm14a.htm,DEFM14A,2019-09-23,0000820081,CAMBREX CORP,2834,Pharmaceutical Preparations,,CAMBREX CORP
0001193125-19-252403,0001193125-19-252403,d807341ddefm14a.htm,DEFM14A,2019-09-24,0001253317,OLD LINE BANCSHARES INC,6022,State Commercial Banks,,OLD LINE BANCSHARES INC
0001213900-19-018757,0001213900-19-018757,defm14a0919_chardanhealth.htm,DEFM14A,2019-09-24,0001739174,Chardan Healthcare Acquisition Corp.,7372,Services-Prepackaged Software,HLSQ,Tessera Defense & Homeland Security Inc.
0001193125-19-254199,0001193125-19-254199,d795112ddefm14a.htm,DEFM14A,2019-09-25,0001483195,Oritani Financial Corp,6022,State Commercial Banks,,Oritani Financial Corp
0001213900-19-018926,0001213900-19-018926,defm14a0919_greenlandacq.htm,DEFM14A,2019-09-26,0001735041,Greenland Acquisition Corp.,3560,General Industrial Machinery & Equipment,GTEC,Greenland Technologies Holding Corp.
0001387131-19-007153,0001387131-19-007153,cvrs-defm14a_092619.htm,DEFM14A,2019-09-26,0001528557,"Corindus Vascular Robotics, Inc.",3841,Surgical & Medical Instruments & Apparatus,,"Corindus Vascular Robotics, Inc."
0001144204-19-046279,0001144204-19-046279,tv529280-defm14a.htm,DEFM14A,2019-09-27,0001368308,"Highpower International, Inc.",3690,"Miscellaneous Electrical Machinery, Equipment & Supplies",,"Highpower International, Inc."
0001193125-19-257660,0001193125-19-257660,d756088ddefm14a.htm,DEFM14A,2019-09-27,0001262976,CIMPRESS N.V.,2750,Commercial Printing,CMPR,CIMPRESS plc
0001437749-19-019423,0001437749-19-019423,fooh20190927_defm14a.htm,DEFM14A,2019-10-02,0001680873,HF Foods Group Inc.,5140,Wholesale-Groceries & Related Products,HFFG,HF Foods Group Inc.
0001047469-19-005612,0001047469-19-005612,a2239824zdefm14a.htm,DEFM14A,2019-10-04,0001131324,GENOMIC HEALTH INC,8071,Services-Medical Laboratories,,GENOMIC HEALTH INC
0001193125-19-262876,0001193125-19-262876,d804202ddefm14a.htm,DEFM14A,2019-10-04,0000008868,AVON PRODUCTS INC,2844,"Perfumes, Cosmetics & Other Toilet Preparations",,AVON PRODUCTS INC
0001193125-19-263069,0001193125-19-263069,d794492ddefm14a.htm,DEFM14A,2019-10-07,0001631825,"Presidio, Inc.",5045,Wholesale-Computers & Peripheral Equipment & Software,,"Presidio, Inc."
0001140361-19-018101,0001140361-19-018101,nt10004501x2_defm14a.htm,DEFM14A,2019-10-08,0000809933,ECOLOGY & ENVIRONMENT INC,8711,Services-Engineering Services,,ECOLOGY & ENVIRONMENT INC
0001193125-19-265140,0001193125-19-265140,d815936ddefm14a.htm,DEFM14A,2019-10-09,0001040593,CARRIZO OIL & GAS INC,1311,Crude Petroleum & Natural Gas,,CARRIZO OIL & GAS INC
0001140361-19-018311,0001140361-19-018311,nt10005013x1_defm14a.htm,DEFM14A,2019-10-10,0001635718,"Gannett Co., Inc.",2711,Newspapers: Publishing or  Publishing & Printing,,Gannett Media Corp.
0001193125-19-265333,0001193125-19-265333,d785777ddefm14a.htm,DEFM14A,2019-10-10,0001706946,Social Capital Hedosophia Holdings Corp.,4700,Transportation Services,SPCE,"Virgin Galactic Holdings, Inc"
0001193125-19-266776,0001193125-19-266776,d771456ddefm14a.htm,DEFM14A,2019-10-11,0000906780,EMPIRE RESORTS INC,5810,Retail-Eating & Drinking Places,,EMPIRE RESORTS INC
0001193125-19-266855,0001193125-19-266855,d789744ddefm14a.htm,DEFM14A,2019-10-11,0000858339,CAESARS ENTERTAINMENT Corp,7011,Hotels & Motels,,"CAESARS HOLDINGS, INC."
0001047469-19-005789,0001047469-19-005789,a2239873zdefm14a.htm,DEFM14A,2019-10-17,0001343304,AVEDRO INC,2834,Pharmaceutical Preparations,,AVEDRO INC
0001047469-19-005803,0001047469-19-005803,a2239892zdefm14a.htm,DEFM14A,2019-10-18,0001637913,Milacron Holdings Corp.,3559,"Special Industry Machinery, NEC",,Milacron Holdings Corp.
0001140361-19-018701,0001140361-19-018701,nt10005352x1_defm14a.htm,DEFM14A,2019-10-18,0001731536,Trinity Merger Corp.,6770,Blank Checks,,Trinity Merger Corp.
0000897101-19-000938,0000897101-19-000938,maindocument.htm,DEFM14A,2019-10-21,0000004187,INDUSTRIAL SERVICES OF AMERICA INC,5090,Wholesale-Misc Durable Goods,,"RECYCLING ASSET HOLDINGS, INC."
0001140361-19-018874,0001140361-19-018874,nt10004781x5_defm14a.htm,DEFM14A,2019-10-22,0001672754,Rich Uncles Real Estate Investment Trust I,6798,Real Estate Investment Trusts,,Rich Uncles Real Estate Investment Trust I
0001206774-19-003587,0001206774-19-003587,njr3660571-defm14a.htm,DEFM14A,2019-10-22,0001390312,"Bancorp of New Jersey, Inc.",6022,State Commercial Banks,,"Bancorp of New Jersey, Inc."
0001047469-19-005852,0001047469-19-005852,a2239918zdefm14a.htm,DEFM14A,2019-10-23,0001725255,DFB Healthcare Acquisitions Corp.,8082,Services-Home Health Care Services,AHCO,AdaptHealth Corp.
0001193125-19-274790,0001193125-19-274790,d805701ddefm14a.htm,DEFM14A,2019-10-25,0001339947,Viacom Inc.,4841,Cable & Other Pay Television Services,,Viacom Inc.
0001047469-19-005930,0001047469-19-005930,a2239897zdefm14a.htm,DEFM14A,2019-10-28,0000357097,"Fibrocell Science, Inc.",2834,Pharmaceutical Preparations,,"Fibrocell Science, Inc."
0001552781-19-000426,0001552781-19-000426,e19449_cart-defm14a.htm,DEFM14A,2019-10-28,0001676667,"Carolina Trust BancShares, Inc.",6022,State Commercial Banks,,"Carolina Trust BancShares, Inc."
0001193125-19-278938,0001193125-19-278938,d809887ddefm14a.htm,DEFM14A,2019-10-30,0001489136,SemGroup Corp,1389,"Oil & Gas Field Services, NEC",,SemGroup Corp
0001193125-19-279019,0001193125-19-279019,d791255ddefm14a.htm,DEFM14A,2019-10-30,0000707886,UNITED COMMUNITY FINANCIAL CORP,6036,"Savings Institutions, Not Federally Chartered",,UNITED COMMUNITY FINANCIAL CORP
0001193125-19-281071,0001193125-19-281071,d823156ddefm14a.htm,DEFM14A,2019-11-01,0001343034,TWO RIVER BANCORP,6022,State Commercial Banks,,TWO RIVER BANCORP
0001193125-19-282448,0001193125-19-282448,d718851ddefm14a.htm,DEFM14A,2019-11-04,0001326428,"ROAN RESOURCES, INC.",1311,Crude Petroleum & Natural Gas,,"Pressburg, LLC"
0001193125-19-283434,0001193125-19-283434,d804769ddefm14a.htm,DEFM14A,2019-11-04,0000916529,AROTECH CORP,3690,"Miscellaneous Electrical Machinery, Equipment & Supplies",,AROTECH CORP
0001140361-19-019855,0001140361-19-019855,nt10003938x13_defm14a.htm,DEFM14A,2019-11-05,0001297704,OHA Investment Corp,,,,OHA Investment Corp
0001193125-19-288183,0001193125-19-288183,d707388ddefm14a.htm,DEFM14A,2019-11-08,0001719489,"GigCapital, Inc.",7374,Services-Computer Processing & Data Preparation,,"Kaleyra, Inc."
0001193125-19-289167,0001193125-19-289167,d811474ddefm14a.htm,DEFM14A,2019-11-12,0001360530,"Vitamin Shoppe, Inc.",5400,Retail-Food Stores,,"Vitamin Shoppe, Inc."
0001213900-19-022749,0001213900-19-022749,defm14a1119_boxwood.htm,DEFM14A,2019-11-12,0001751143,Boxwood Merger Corp.,8742,Services-Management Consulting Services,,"ATLAS TECHNICAL CONSULTANTS, INC."
0000950159-19-000226,0000950159-19-000226,asteadefm14a.htm,DEFM14A,2019-11-14,0000945989,ASTEA INTERNATIONAL INC,7372,Services-Prepackaged Software,,ASTEA INTERNATIONAL INC
0001047469-19-006301,0001047469-19-006301,a2239782zdefm14a.htm,DEFM14A,2019-11-14,0001714973,Kinder Morgan Canada Ltd,4610,Pipe Lines (No Natural Gas),,Kinder Morgan Canada Ltd
0001047469-19-006321,0001047469-19-006321,a2240095zdefm14a.htm,DEFM14A,2019-11-15,0001481512,"Ra Pharmaceuticals, Inc.",2834,Pharmaceutical Preparations,,"Ra Pharmaceuticals, Inc."
0001193125-19-293398,0001193125-19-293398,d729436ddefm14a.htm,DEFM14A,2019-11-15,0001286131,STONEMOR PARTNERS LP,7200,Services-Personal Services,,STONEMOR PARTNERS LP
0001193125-19-297694,0001193125-19-297694,d819924ddefm14a.htm,DEFM14A,2019-11-21,0001070336,ACHILLION PHARMACEUTICALS INC,2834,Pharmaceutical Preparations,,ACHILLION PHARMACEUTICALS INC
0001047469-19-006490,0001047469-19-006490,a2240145zdefm14a.htm,DEFM14A,2019-11-25,0001394156,"Diversified Restaurant Holdings, Inc.",5812,Retail-Eating  Places,,"Diversified Restaurant Holdings, Inc."
0001213900-19-024518,0001213900-19-024518,defm14a_twelveseas.htm,DEFM14A,2019-11-25,0001726146,Twelve Seas Investment Co,6770,Blank Checks,,BPGIC INTERNATIONAL
0001193125-19-300628,0001193125-19-300628,d824279ddefm14a.htm,DEFM14A,2019-11-26,0001685715,Jagged Peak Energy Inc.,1311,Crude Petroleum & Natural Gas,,Jagged Peak Energy Inc.
0001047469-19-006545,0001047469-19-006545,a2240109zdefm14a.htm,DEFM14A,2019-11-27,0001574135,"Pivotal Software, Inc.",7372,Services-Prepackaged Software,,"Pivotal Software, Inc."
0001104659-19-068418,0001104659-19-068418,tv533409-defm14a.htm,DEFM14A,2019-11-29,0001737422,New Frontier Corp,8060,Services-Hospitals,,New Frontier Health Corp
0001193125-19-304724,0001193125-19-304724,d834815ddefm14a.htm,DEFM14A,2019-12-03,0001701040,CISION LTD.,7372,Services-Prepackaged Software,,CISION LTD.
0001193125-19-307511,0001193125-19-307511,d822406ddefm14a.htm,DEFM14A,2019-12-06,0001364099,"Innophos Holdings, Inc.",5160,Wholesale-Chemicals & Allied Products,,"Innophos Holdings, Inc."
0001047469-19-006729,0001047469-19-006729,a2239940zdefm14a.htm,DEFM14A,2019-12-09,0001413507,SRC Energy Inc.,1311,Crude Petroleum & Natural Gas,,SRC Energy Inc.
0001193125-19-309210,0001193125-19-309210,d821977ddefm14a.htm,DEFM14A,2019-12-09,0001411059,"KBS Real Estate Investment Trust II, Inc.",6798,Real Estate Investment Trusts,,"KBS Real Estate Investment Trust II, Inc."
0001193125-19-311669,0001193125-19-311669,d816004ddefm14a.htm,DEFM14A,2019-12-11,0001633336,"Crescent Capital BDC, Inc.",,,CCAP,"Crescent Capital BDC, Inc."
0001193125-19-311671,0001193125-19-311671,d808280ddefm14a.htm,DEFM14A,2019-12-11,0001578620,Alcentra Capital Corp,,,,Alcentra Capital Corp
0001628280-19-015006,0001628280-19-015006,fitbitdefinitiveproxy.htm,DEFM14A,2019-12-12,0001447599,"FITBIT, INC.",3571,Electronic Computers,,"FITBIT, INC."
0001193125-19-317536,0001193125-19-317536,d852017ddefm14a.htm,DEFM14A,2019-12-18,0001468010,"Steadfast Income REIT, Inc.",6798,Real Estate Investment Trusts,,"Steadfast Income REIT, Inc."
0001193125-19-317539,0001193125-19-317539,d851823ddefm14a.htm,DEFM14A,2019-12-18,0001651286,"Steadfast Apartment REIT III, Inc.",6798,Real Estate Investment Trusts,,"Steadfast Apartment REIT III, Inc."
0001047469-19-006933,0001047469-19-006933,a2240315zdefm14a.htm,DEFM14A,2019-12-23,0000921112,LIBERTY PROPERTY TRUST,6798,Real Estate Investment Trusts,,LIBERTY PROPERTY TRUST
0001193125-19-323075,0001193125-19-323075,d846602ddefm14a.htm,DEFM14A,2019-12-26,0001095996,WILLIAM LYON HOMES,1531,Operative Builders,,WILLIAM LYON HOMES
0001493152-19-019684,0001493152-19-019684,defm14a.htm,DEFM14A,2019-12-26,0001029730,LADENBURG THALMANN FINANCIAL SERVICES INC.,6211,"Security Brokers, Dealers & Flotation Companies",,LADENBURG THALMANN FINANCIAL SERVICES INC.
0001140361-19-023431,0001140361-19-023431,nt10006746x2_defm14a.htm,DEFM14A,2019-12-30,0001592480,"Continental Building Products, Inc.",3270,"Concrete, Gypsum & Plaster Products",,"Continental Building Products, Inc."
0001213900-19-027161,0001213900-19-027161,defm14a1219_advansource.htm,DEFM14A,2019-12-30,0001011060,AdvanSource Biomaterials Corp,8742,Services-Management Consulting Services,NORD,Nordicus Partners Corp
0001047469-19-006979,0001047469-19-006979,a2240376zdefm14a.htm,DEFM14A,2019-12-31,0001138776,"Aevi Genomic Medicine, Inc.",2836,"Biological Products, (No Diagnostic Substances)",,"Aevi Genomic Medicine, LLC"
0001193125-20-000113,0001193125-20-000113,d812272ddefm14a.htm,DEFM14A,2020-01-02,0001355754,INSTRUCTURE INC,7372,Services-Prepackaged Software,,INSTRUCTURE INC
0001104659-20-000535,0001104659-20-000535,tm1924637-2_defm14a.htm,DEFM14A,2020-01-03,0001652106,"PB Bancorp, Inc.",6035,"Savings Institution, Federally Chartered",,"PB Bancorp, Inc."
0001193125-20-000960,0001193125-20-000960,d843250ddefm14a.htm,DEFM14A,2020-01-03,0000052795,ANIXTER INTERNATIONAL INC,5063,"Wholesale-Electrical Apparatus & Equipment, Wiring Supplies ",,ANIXTER INTERNATIONAL INC
0001193125-20-000960,0001140361-20-005466,nt10009589x1_defm14a.htm,DEFM14A,2020-03-11,0000052795,ANIXTER INTERNATIONAL INC,5063,"Wholesale-Electrical Apparatus & Equipment, Wiring Supplies ",,ANIXTER INTERNATIONAL INC
0001193125-20-001590,0001193125-20-001590,d841743ddefm14a.htm,DEFM14A,2020-01-06,0000098246,TIFFANY & CO,5944,Retail-Jewelry Stores,,TIFFANY & CO
0001193125-20-003085,0001193125-20-003085,d834396ddefm14a.htm,DEFM14A,2020-01-07,0001606645,Foamix Pharmaceuticals Ltd.,2833,Medicinal Chemicals & Botanical Products,,Foamix Pharmaceuticals Ltd.
0001104659-20-002735,0001104659-20-002735,a19-25090_3defm14a.htm,DEFM14A,2020-01-09,0000098752,TOROTEL INC,3677,"Electronic Coils, Transformers & Other Inductors",,TOROTEL INC
0000925645-20-000003,0000925645-20-000003,defm14amegervoteproxystate.htm,DEFM14A,2020-01-10,0000925645,CENTRAL EUROPEAN MEDIA ENTERPRISES LTD,4833,Television Broadcasting Stations,,CENTRAL EUROPEAN MEDIA ENTERPRISES LTD
0001047469-20-000145,0001047469-20-000145,a2240432zdefm14a.htm,DEFM14A,2020-01-10,0001708055,Ribbon Communications Inc.,7373,Services-Computer Integrated Systems Design,RBBN,Ribbon Communications Inc.
0001193125-20-005107,0001193125-20-005107,d841970ddefm14a.htm,DEFM14A,2020-01-10,0000790703,TECH DATA CORP,5045,Wholesale-Computers & Peripheral Equipment & Software,,TECH DATA CORP
0001047469-20-000218,0001047469-20-000218,a2240476zdefm14a.htm,DEFM14A,2020-01-14,0001430259,Carey Watermark Investors Inc,6500,Real Estate,,Carey Watermark Investors Inc
0001206774-20-000096,0001206774-20-000096,kemet3691721-defm14a.htm,DEFM14A,2020-01-14,0000887730,KEMET CORP,3670,Electronic Components & Accessories,,KEMET CORP
0001193125-20-009875,0001193125-20-009875,d841528ddefm14a.htm,DEFM14A,2020-01-17,0001674101,GS Acquisition Holdings Corp,3679,"Electronic Components, NEC",VRT,Vertiv Holdings Co
0001047469-20-000355,0001047469-20-000355,a2240491zdefm14a.htm,DEFM14A,2020-01-21,0000892222,"CRAFT BREW ALLIANCE, INC.",2082,Malt Beverages,,"CRAFT BREW ALLIANCE, INC."
0001558370-20-000188,0001558370-20-000188,defm14a.htm,DEFM14A,2020-01-21,0001008586,STREAMLINE HEALTH SOLUTIONS INC.,7373,Services-Computer Integrated Systems Design,,STREAMLINE HEALTH SOLUTIONS INC.
0001104659-20-005938,0001104659-20-005938,tv536821-defm14a.htm,DEFM14A,2020-01-22,0001748252,DD3 Acquisition Corp.,6770,Blank Checks,,"DD3 Acquisition Corp., S.A. de C.V."
0001140361-20-001358,0001140361-20-001358,nt10006646x4_defm14a.htm,DEFM14A,2020-01-23,0001362988,Aircastle LTD,7359,"Services-Equipment Rental & Leasing, NEC",AYR,Aircastle LTD
0001213900-20-001644,0001213900-20-001644,defm14a0120_brileyprincipalb.htm,DEFM14A,2020-01-23,0001759824,B. Riley Principal Merger Corp.,5084,Wholesale-Industrial Machinery & Equipment,"ALTG,ALTG-PA",ALTA EQUIPMENT GROUP INC.
0001193125-20-014348,0001193125-20-014348,d834494ddefm14a.htm,DEFM14A,2020-01-24,0001720821,"Gores Holdings III, Inc.",8700,"Services-Engineering, Accounting, Research, Management",,PAE Inc
0001193125-20-018161,0001193125-20-018161,d828591ddefm14a.htm,DEFM14A,2020-01-29,0001094810,MUTUALFIRST FINANCIAL INC,6022,State Commercial Banks,,MUTUALFIRST FINANCIAL INC
0001193125-20-023927,0001193125-20-023927,d881233ddefm14a.htm,DEFM14A,2020-02-04,0000918160,AK STEEL HOLDING CORP,3312,"Steel Works, Blast Furnaces & Rolling Mills (Coke Ovens)",,Cleveland-Cliffs Steel Holding Corp
0001193125-20-024256,0001193125-20-024256,d816812ddefm14a.htm,DEFM14A,2020-02-04,0001561660,Pattern Energy Group Inc.,4911,Electric Services,,Pattern Energy Group Inc.
0001193125-20-024262,0001193125-20-024262,d867331ddefm14a.htm,DEFM14A,2020-02-04,0001526952,"Wellesley Bancorp, Inc.",6036,"Savings Institutions, Not Federally Chartered",,"Wellesley Bancorp, Inc."
0001047469-20-000698,0001047469-20-000698,a2240604zdefm14a.htm,DEFM14A,2020-02-05,0001518832,"WPX ENERGY, INC.",1311,Crude Petroleum & Natural Gas,,"WPX ENERGY, INC."
0001140361-20-002542,0001140361-20-002542,nt10007873x2_defm14a.htm,DEFM14A,2020-02-07,0000795212,TRANS WORLD ENTERTAINMENT CORP,5735,Retail-Record & Prerecorded Tape Stores,,Kaspien Holdings Inc.
0001193125-20-028161,0001193125-20-028161,d870318ddefm14a.htm,DEFM14A,2020-02-07,0001420302,"LogMeIn, Inc.",7372,Services-Prepackaged Software,,"LogMeIn, Inc."
0001140361-20-002644,0001140361-20-002644,nt10005201x10_defm14a.htm,DEFM14A,2020-02-10,0001126234,NEWLINK GENETICS CORP,2834,Pharmaceutical Preparations,,"LUMOS PHARMA, INC."
0001213900-20-002993,0001213900-20-002993,defm14a020420_chaserg.htm,DEFM14A,2020-02-10,0001743725,ChaSerg Technology Acquisition Corp,7372,Services-Prepackaged Software,GDYN,"GRID DYNAMICS HOLDINGS, INC."
0001193125-20-035374,0001193125-20-035374,d884099ddefm14a.htm,DEFM14A,2020-02-13,0000870385,CAROLINA FINANCIAL CORP,6022,State Commercial Banks,,CAROLINA FINANCIAL CORP
0001193125-20-035762,0001193125-20-035762,d801850ddefm14a.htm,DEFM14A,2020-02-13,0001623613,Mylan N.V.,2834,Pharmaceutical Preparations,,Mylan II B.V.
0001387131-20-001459,0001387131-20-001459,telaria_defm14a.htm,DEFM14A,2020-02-13,0001375796,"Telaria, Inc.",7311,Services-Advertising Agencies,,"Telaria, Inc."
0001047469-20-000918,0001047469-20-000918,a2240741zdefm14a.htm,DEFM14A,2020-02-18,0001422841,AquaVenture Holdings Ltd,4941,Water Supply,,AquaVenture Holdings Ltd
0001193125-20-041391,0001193125-20-041391,d844702ddefm14a.htm,DEFM14A,2020-02-19,0001617977,"Habit Restaurants, Inc.",5812,Retail-Eating  Places,,"Habit Restaurants, Inc."
0001213900-20-004435,0001213900-20-004435,defm14a0220_tiberiusacq.htm,DEFM14A,2020-02-20,0001662253,Tiberius Acquisition Corp,6411,"Insurance Agents, Brokers & Service",,Tiberius Acquisition Corp
0001213900-20-004491,0001213900-20-004491,defm14a0220_gordonpointacq.htm,DEFM14A,2020-02-21,0001708176,Gordon Pointe Acquisition Corp.,7990,Services-Miscellaneous Amusement & Recreation,,Hall of Fame Resort & Entertainment Co
0001104659-20-027964,0001104659-20-027964,tm209373-2_defm14a.htm,DEFM14A,2020-03-02,0001309442,InsPro Technologies Corp,7372,Services-Prepackaged Software,,InsPro Technologies Corp
0001174947-20-000335,0001174947-20-000335,defm14a-23581_frevs.htm,DEFM14A,2020-03-09,0000036840,FIRST REAL ESTATE INVESTMENT TRUST OF NEW JERSEY,6798,Real Estate Investment Trusts,FREVS,"FIRST REAL ESTATE INVESTMENT TRUST OF NEW JERSEY, INC."
0001213900-20-005921,0001213900-20-005921,defm14a0320_allegromerger.htm,DEFM14A,2020-03-11,0001720025,Allegro Merger Corp.,6770,Blank Checks,,Allegro Merger Corp.
0001193125-20-071400,0001193125-20-071400,d868021ddefm14a.htm,DEFM14A,2020-03-12,0001667939,"FSB Bancorp, Inc.",6035,"Savings Institution, Federally Chartered",,"FSB Bancorp, Inc."
0001193125-20-071574,0001193125-20-071574,d874113ddefm14a.htm,DEFM14A,2020-03-12,0001633651,"Tallgrass Energy, LP",4922,Natural Gas Transmission,,"Tallgrass Energy, LP"
0001213900-20-006624,0001213900-20-006624,defm14a0320_edtechxholding.htm,DEFM14A,2020-03-17,0001746468,EdtechX Holdings Acquisition Corp.,6770,Blank Checks,,EdtechX Holdings Acquisition Corp.
0000930413-20-000822,0000930413-20-000822,c95432_defm14a.htm,DEFM14A,2020-03-19,0000933141,IBERIABANK CORP,6022,State Commercial Banks,,IBERIABANK CORP
0001193125-20-078399,0001193125-20-078399,d867472ddefm14a.htm,DEFM14A,2020-03-19,0000835887,PROGENICS PHARMACEUTICALS INC,2834,Pharmaceutical Preparations,,PROGENICS PHARMACEUTICALS INC
0001193125-20-080703,0001193125-20-080703,d855327ddefm14a.htm,DEFM14A,2020-03-20,0001492658,Wright Medical Group N.V.,3842,"Orthopedic, Prosthetic & Surgical Appliances & Supplies",,Wright Medical Group N.V.
0001193125-20-082635,0001193125-20-082635,d877475ddefm14a.htm,DEFM14A,2020-03-23,0001555039,Front Yard Residential Corp,6500,Real Estate,,Front Yard Residential Corp
0001193125-20-082635,0001193125-20-312319,d77156ddefm14a.htm,DEFM14A,2020-12-08,0001555039,Front Yard Residential Corp,6500,Real Estate,,Front Yard Residential Corp
0001047469-20-001712,0001047469-20-001712,a2241060zdefm14a.htm,DEFM14A,2020-03-24,0001145057,"FORESCOUT TECHNOLOGIES, INC",3577,"Computer Peripheral Equipment, NEC",,"FORESCOUT TECHNOLOGIES, INC"
0001193125-20-084098,0001193125-20-084098,d870478ddefm14a.htm,DEFM14A,2020-03-25,0000716133,CINCINNATI BELL INC,4813,Telephone Communications (No Radiotelephone),,CINCINNATI BELL INC
0001193125-20-085072,0001193125-20-085072,d839083ddefm14a.htm,DEFM14A,2020-03-25,0000904163,AMERICAN NATIONAL INSURANCE CO,6311,Life Insurance,,AMERICAN NATIONAL INSURANCE CO
0001047469-20-001880,0001047469-20-001880,a2241169zdefm14a.htm,DEFM14A,2020-03-27,0001395848,ADESTO TECHNOLOGIES Corp,3674,Semiconductors & Related Devices,,ADESTO TECHNOLOGIES Corp
0001213900-20-008119,0001213900-20-008119,defm14a0320_legacyacq.htm,DEFM14A,2020-03-31,0001698113,Legacy Acquisition Corp.,7311,Services-Advertising Agencies,,"ID Auto, Inc."
0001193125-20-096119,0001193125-20-096119,d908963ddefm14a.htm,DEFM14A,2020-04-02,0001694187,"Neon Therapeutics, Inc.",2836,"Biological Products, (No Diagnostic Substances)",,"Neon Therapeutics, Inc."
0001193125-20-099554,0001193125-20-099554,d868015ddefm14a.htm,DEFM14A,2020-04-06,0000784011,POPE RESOURCES LTD PARTNERSHIP,0800,Forestry,,POPE RESOURCES LTD PARTNERSHIP
0001104659-20-046722,0001104659-20-046722,tv539133-defm14a.htm,DEFM14A,2020-04-15,0001772757,Diamond Eagle Acquisition Corp. \ DE,7990,Services-Miscellaneous Amusement & Recreation,,DraftKings Holdings Inc.
0001193125-20-109450,0001193125-20-109450,d886799ddefm14a.htm,DEFM14A,2020-04-16,0000704051,"LEGG MASON, INC.",6282,Investment Advice,,"LEGG MASON, INC."
0001047469-20-002450,0001047469-20-002450,a2241412zdefm14a.htm,DEFM14A,2020-04-20,0001102266,CenterState Bank Corp,6021,National Commercial Banks,,CenterState Bank Corp
0001193125-20-113007,0001193125-20-113007,d897128ddefm14a.htm,DEFM14A,2020-04-21,0001013272,NORWOOD FINANCIAL CORP,6022,State Commercial Banks,NWFL,NORWOOD FINANCIAL CORP
0001193125-20-114361,0001193125-20-114361,d863706ddefm14a.htm,DEFM14A,2020-04-22,0001078099,"Meet Group, Inc.",7310,Services-Advertising,,"Meet Group, Inc."
0001193125-20-115028,0001193125-20-115028,d907318ddefm14a.htm,DEFM14A,2020-04-22,0001635261,MSB FINANCIAL CORP,6035,"Savings Institution, Federally Chartered",,MSB FINANCIAL CORP
0001193125-20-115182,0001193125-20-115182,d876220ddefm14a.htm,DEFM14A,2020-04-22,0001690666,Xperi Corp,3674,Semiconductors & Related Devices,,Xperi Corp
0001193125-20-115187,0001193125-20-115187,d902921ddefm14a.htm,DEFM14A,2020-04-22,0001675820,TiVo Corp,6794,Patent Owners & Lessors,,TiVo Corp
0001193125-20-119057,0001193125-20-119057,d873681ddefm14a.htm,DEFM14A,2020-04-24,0001373707,TETRAPHASE PHARMACEUTICALS INC,2834,Pharmaceutical Preparations,,TETRAPHASE PHARMACEUTICALS INC
0001047469-20-002608,0001047469-20-002608,a2241487zdefm14a.htm,DEFM14A,2020-04-27,0001668428,FGL Holdings,6311,Life Insurance,,FGL Holdings
0001193125-20-123847,0001193125-20-123847,d883191ddefm14a.htm,DEFM14A,2020-04-29,0001723089,Apergy Corp,3530,"Construction, Mining & Materials Handling Machinery & Equip",,ChampionX Corp
0001193125-20-125890,0001193125-20-125890,d853876ddefm14a.htm,DEFM14A,2020-04-29,0001374690,"ZAFGEN, INC.",2834,Pharmaceutical Preparations,LRMR,"Larimar Therapeutics, Inc."
0001047469-20-002742,0001047469-20-002742,a2241511zdefm14a.htm,DEFM14A,2020-04-30,0001575189,"Match Group, Inc.",7370,"Services-Computer Programming, Data Processing, Etc.",,"Match Group Holdings II, LLC"
0001140361-20-010491,0001140361-20-010491,nt10010491x3_defm14a.htm,DEFM14A,2020-05-01,0001444363,"GAIN Capital Holdings, Inc.",6221,Commodity Contracts Brokers & Dealers,,"GAIN Capital Holdings, Inc."
0001193125-20-130956,0001193125-20-130956,d832050ddefm14a.htm,DEFM14A,2020-05-01,0001540947,"EQM Midstream Partners, LP",4922,Natural Gas Transmission,,"EQM Midstream Partners, LP"
0001628280-20-006284,0001628280-20-006284,franklindefm.htm,DEFM14A,2020-05-04,0001407067,Franklin Financial Network Inc.,6022,State Commercial Banks,,Franklin Financial Network Inc.
0001047469-20-002825,0001047469-20-002825,a2241561zdefm14a.htm,DEFM14A,2020-05-06,0000911109,MOBILE MINI INC,3443,Fabricated Plate Work (Boiler Shops),,MOBILE MINI INC
0001193125-20-134815,0001193125-20-134815,d893414ddefm14a.htm,DEFM14A,2020-05-06,0000316709,SCHWAB CHARLES CORP,6211,"Security Brokers, Dealers & Flotation Companies","SCHW,SCHW-PD,SCHW-PJ",SCHWAB CHARLES CORP
0001193125-20-134818,0001193125-20-134818,d830967ddefm14a.htm,DEFM14A,2020-05-06,0001173431,TD AMERITRADE HOLDING CORP,6211,"Security Brokers, Dealers & Flotation Companies",,TD AMERITRADE HOLDING CORP
0001193125-20-137132,0001193125-20-137132,d842741ddefm14a.htm,DEFM14A,2020-05-08,0001028954,SB ONE BANCORP,6022,State Commercial Banks,,SB ONE BANCORP
0001104659-20-060942,0001104659-20-060942,tm2016133-4_defm14a.htm,DEFM14A,2020-05-13,0001753706,Act II Global Acquisition Corp.,2060,Sugar & Confectionery Products,,"Whole Earth Brands, Inc."
0001193125-20-150281,0001193125-20-150281,d921991ddefm14a.htm,DEFM14A,2020-05-22,0001720353,Nebula Acquisition Corp,6770,Blank Checks,,Nebula Acquisition Corp
0001437749-20-011635,0001437749-20-011635,mccx20200521_defm14a.htm,DEFM14A,2020-05-22,0001535079,"McorpCX, Inc.",7372,Services-Prepackaged Software,,MCX Technologies Corp
0001193125-20-151640,0001193125-20-151640,d887664ddefm14a.htm,DEFM14A,2020-05-26,0001707092,Delphi Technologies PLC,3714,Motor Vehicle Parts & Accessories,,Delphi Technologies PLC
0001140361-20-012682,0001140361-20-012682,nt10010096x4_defm14a.htm,DEFM14A,2020-05-29,0000890319,TAUBMAN CENTERS INC,6798,Real Estate Investment Trusts,,TAUBMAN CENTERS INC
0001140361-20-012682,0001140361-20-027354,nt10017059x2_defm14a.htm,DEFM14A,2020-12-04,0000890319,TAUBMAN CENTERS INC,6798,Real Estate Investment Trusts,,TAUBMAN CENTERS INC
0001193125-20-165771,0001193125-20-165771,d942206ddefm14a.htm,DEFM14A,2020-06-10,0001746037,ARYA SCIENCES ACQUISITION CORP.,6770,Blank Checks,,ARYA SCIENCES ACQUISITION CORP.
0001206774-20-001849,0001206774-20-001849,etfc3750093-defm14a.htm,DEFM14A,2020-06-12,0001015780,E TRADE FINANCIAL CORP,6035,"Savings Institution, Federally Chartered",,E TRADE FINANCIAL CORP
0001213900-20-014882,0001213900-20-014882,defm14a0620_akernacorp.htm,DEFM14A,2020-06-12,0001755953,Akerna Corp.,6199,Finance Services,ABTC,American Bitcoin Corp.
0001193125-20-172503,0001193125-20-172503,d882497ddefm14a.htm,DEFM14A,2020-06-18,0001760173,"RTI Surgical Holdings, Inc.",3842,"Orthopedic, Prosthetic & Surgical Appliances & Supplies",,"SURGALIGN HOLDINGS, INC."
0001193125-20-177000,0001193125-20-177000,d792935ddefm14a.htm,DEFM14A,2020-06-24,0001725134,Leo Holdings Corp.,7389,"Services-Business Services, NEC",,"Digital Media Solutions, Inc."
0001104659-20-078177,0001104659-20-078177,tm2018798-15_defm14a.htm,DEFM14A,2020-06-29,0001704235,Quintana Energy Services Inc.,1389,"Oil & Gas Field Services, NEC",,Quintana Energy Services Inc.
0001193125-20-182786,0001193125-20-182786,d920956ddefm14a.htm,DEFM14A,2020-06-29,0001599947,"TerraForm Power, Inc.",4911,Electric Services,,"TerraForm Power NY Holdings, Inc."
0001193125-20-189777,0001193125-20-189777,d927044ddefm14a.htm,DEFM14A,2020-07-08,0000315293,Aon plc,6411,"Insurance Agents, Brokers & Service",AON,Aon plc
0001193125-20-189783,0001193125-20-189783,d927044ddefm14a.htm,DEFM14A,2020-07-08,0001140536,WILLIS TOWERS WATSON PLC,6411,"Insurance Agents, Brokers & Service",WTW,WILLIS TOWERS WATSON PLC
0001193125-20-195558,0001193125-20-195558,d48710ddefm14a.htm,DEFM14A,2020-07-20,0001580673,"Pacific Oak Strategic Opportunity REIT II, Inc.",6798,Real Estate Investment Trusts,,"Pacific Oak Strategic Opportunity REIT II, Inc."
0001047469-20-004238,0001047469-20-004238,a2242105zdefm14a.htm,DEFM14A,2020-07-24,0001585790,"Advanced Disposal Services, Inc.",4953,Refuse Systems,,"Advanced Disposal Services, Inc."
0001193125-20-199741,0001193125-20-199741,d927089ddefm14a.htm,DEFM14A,2020-07-27,0000051253,INTERNATIONAL FLAVORS & FRAGRANCES INC,2860,Industrial Organic Chemicals,IFF,INTERNATIONAL FLAVORS & FRAGRANCES INC
0001193125-20-208408,0001193125-20-208408,d874100ddefm14a.htm,DEFM14A,2020-08-04,0001735858,Far Point Acquisition Corp,7374,Services-Computer Processing & Data Preparation,,Far Point Acquisition Corp
0001193125-20-209481,0001193125-20-209481,d849184ddefm14a.htm,DEFM14A,2020-08-04,0001683074,Goldman Sachs Middle Market Lending Corp.,,,,Goldman Sachs Middle Market Lending Corp.
0001437749-20-017099,0001437749-20-017099,pacq20200805_defm14a.htm,DEFM14A,2020-08-07,0001726293,Pure Acquisition Corp.,6770,Blank Checks,,Pure Acquisition Corp.
0001213900-20-021528,0001213900-20-021528,ea125365-defm14a_mictinc.htm,DEFM14A,2020-08-12,0000854800,"MICT, Inc.",2000,Food and Kindred Products,,"Tingo Group, Inc."
0001193125-20-227137,0001193125-20-227137,d36977ddefm14a.htm,DEFM14A,2020-08-21,0001350381,INNERWORKINGS INC,7389,"Services-Business Services, NEC",,INNERWORKINGS INC
0001213900-20-023369,0001213900-20-023369,ea125840-defm14a_majesco.htm,DEFM14A,2020-08-24,0001626853,Majesco,7372,Services-Prepackaged Software,,Majesco
0001564590-20-041054,0001564590-20-041054,mchx-defm14a_20201001.htm,DEFM14A,2020-08-24,0001224133,MARCHEX INC,7372,Services-Prepackaged Software,MCHX,MARCHEX INC
0001437749-20-018668,0001437749-20-018668,asta20200822_defm14a.htm,DEFM14A,2020-08-25,0001001258,ASTA FUNDING INC,6153,Short-Term Business Credit Institutions,,ASTA FUNDING INC
0001193125-20-230633,0001193125-20-230633,d27590ddefm14a.htm,DEFM14A,2020-08-26,0001578735,National General Holdings Corp.,6331,"Fire, Marine & Casualty Insurance",,National General Holdings Corp.
0001193125-20-231237,0001193125-20-231237,d943112ddefm14a.htm,DEFM14A,2020-08-26,0000072207,NOBLE ENERGY INC,1311,Crude Petroleum & Natural Gas,,NOBLE ENERGY INC
0001193125-20-234485,0001193125-20-234485,d163188ddefm14a.htm,DEFM14A,2020-08-28,0001610418,CNX Midstream Partners LP,4922,Natural Gas Transmission,,CNX Midstream Partners LP
0001193125-20-237294,0001193125-20-237294,d14782ddefm14a.htm,DEFM14A,2020-09-01,0001509892,Garrison Capital Inc.,,,,Garrison Capital Inc.
0001193125-20-238168,0001193125-20-238168,d12982ddefm14a.htm,DEFM14A,2020-09-02,0001607716,"Vivint Solar, Inc.",3433,"Heating Equipment, Except Electric & Warm Air Furnaces",,"Vivint Solar, Inc."
0001193125-20-239753,0001193125-20-239753,d20753ddefm14a.htm,DEFM14A,2020-09-04,0000743316,MAXIM INTEGRATED PRODUCTS INC,3674,Semiconductors & Related Devices,,MAXIM INTEGRATED PRODUCTS INC
0001193125-20-241057,0001193125-20-241057,d936646ddefm14a.htm,DEFM14A,2020-09-08,0001420811,"On Deck Capital, Inc.",6199,Finance Services,,"On Deck Capital, Inc."
0001213900-20-025540,0001213900-20-025540,defm14a_tortoiseacq.htm,DEFM14A,2020-09-08,0001759631,Tortoise Acquisition Corp.,3713,Truck & Bus Bodies,HYLN,Hyliion Holdings Corp.
0001140361-20-020036,0001140361-20-020036,nt10014526x2_defm14a.htm,DEFM14A,2020-09-09,0001288359,OTELCO INC.,4813,Telephone Communications (No Radiotelephone),,OTELCO INC.
0001104659-20-104617,0001104659-20-104617,tm2024252-4_defm14a.htm,DEFM14A,2020-09-14,0001745317,Graf Industrial Corp.,3569,"General Industrial Machinery & Equipment, NEC",,"Velodyne Lidar, Inc."
0001193125-20-244789,0001193125-20-244789,d931477ddefm14a.htm,DEFM14A,2020-09-14,0000203527,VARIAN MEDICAL SYSTEMS INC,3845,Electromedical & Electrotherapeutic Apparatus,,VARIAN MEDICAL SYSTEMS INC
0001140361-20-020508,0001140361-20-020508,nt10014322x5_defm14a.htm,DEFM14A,2020-09-15,0001639225,"Livongo Health, Inc.",7370,"Services-Computer Programming, Data Processing, Etc.",,"Livongo Health, Inc."
0001104659-20-105756,0001104659-20-105756,tm2025040-11_defm14a.htm,DEFM14A,2020-09-17,0001330436,Liquidia Technologies Inc,3841,Surgical & Medical Instruments & Apparatus,,Liquidia Technologies Inc
0001104659-20-106245,0001104659-20-106245,tm2025258-5_defm14a.htm,DEFM14A,2020-09-18,0001793229,Churchill Capital Corp III,7389,"Services-Business Services, NEC",CTEV,Claritev Corp
0001140361-20-021329,0001140361-20-021329,nc10014466x2_defm14a.htm,DEFM14A,2020-09-23,0001622353,"Jernigan Capital, Inc.",6798,Real Estate Investment Trusts,,"Jernigan Capital, Inc."
0001213900-20-028076,0001213900-20-028076,def14a0920_fintechacqcorp3.htm,DEFM14A,2020-09-23,0001729756,Fintech Acquisition Corp. III,6770,Blank Checks,,Fintech Acquisition Corp. III
0001079973-20-000817,0001079973-20-000817,cxdc_defm14a.htm,DEFM14A,2020-09-30,0001353970,China XD Plastics Co Ltd,3086,Plastics Foam Products,,China XD Plastics Co Ltd
0001213900-20-029421,0001213900-20-029421,defm14a0920_forummerger2.htm,DEFM14A,2020-10-01,0001741231,Forum Merger II Corp,2090,Miscellaneous Food Preparations & Kindred Products,,"Tattooed Chef, Inc."
0001193125-20-263851,0001193125-20-263851,d61381ddefm14a.htm,DEFM14A,2020-10-05,0001720990,Spartan Energy Acquisition Corp.,3711,Motor Vehicles & Passenger Car Bodies,,Fisker Inc./DE
0001193125-20-264836,0001193125-20-264836,d14623ddefm14a.htm,DEFM14A,2020-10-06,0001600470,Montage Resources Corp,1311,Crude Petroleum & Natural Gas,,Montage Resources Corp
0001193125-20-267239,0001193125-20-267239,d11162ddefm14a.htm,DEFM14A,2020-10-09,0001776661,Conyers Park II Acquisition Corp.,7389,"Services-Business Services, NEC",ADV,Advantage Solutions Inc.
0001193125-20-267267,0001193125-20-267267,d63221ddefm14a.htm,DEFM14A,2020-10-09,0001622229,"Cogent Biosciences, Inc.",2834,Pharmaceutical Preparations,COGT,"Cogent Biosciences, Inc."
0001140361-20-023041,0001140361-20-023041,nt10015267x5_defm14a.htm,DEFM14A,2020-10-15,0001172631,"Sunworks, Inc.",3690,"Miscellaneous Electrical Machinery, Equipment & Supplies",,"Sunworks, Inc."
0001213900-20-031326,0001213900-20-031326,defm14a_cffinancecorp.htm,DEFM14A,2020-10-15,0001728041,CF Finance Acquisition Corp.,6282,Investment Advice,,CF Finance Acquisition Corp.
0001193125-20-272154,0001193125-20-272154,d69237ddefm14a.htm,DEFM14A,2020-10-19,0000023795,"CTO Realty Growth, Inc.",6798,Real Estate Investment Trusts,"CTO,CTO-PA","CTO Realty Growth, Inc."
0001104659-20-116258,0001104659-20-116258,tm2032423-3_defm14a.htm,DEFM14A,2020-10-20,0001207074,VIRTUSA CORP,7371,Services-Computer Programming Services,,VIRTUSA CORP
0001104659-20-116787,0001104659-20-116787,tm2033894-1_defm14a.htm,DEFM14A,2020-10-21,0001005409,DIME COMMUNITY BANCSHARES INC,6035,"Savings Institution, Federally Chartered",,DIME COMMUNITY BANCSHARES INC
0001104659-20-117524,0001104659-20-117524,tm2034107-1_defm14a.htm,DEFM14A,2020-10-23,0001744894,"Sirius International Insurance Group, Ltd.",6331,"Fire, Marine & Casualty Insurance",,"Sirius International Insurance Group, Ltd."
0001213900-20-032903,0001213900-20-032903,defm14a1020_brileyprincipal2.htm,DEFM14A,2020-10-23,0001805077,B. Riley Principal Merger Corp. II,3690,"Miscellaneous Electrical Machinery, Equipment & Supplies","EOSE,EOSEW","Eos Energy Enterprises, Inc."
0001140361-20-023709,0001140361-20-023709,nt10015783x2_defm14a.htm,DEFM14A,2020-10-26,0001470099,"MOBILEIRON, INC.",7372,Services-Prepackaged Software,,"MOBILEIRON, INC."
0001193125-20-280414,0001193125-20-280414,d20086ddefm14a.htm,DEFM14A,2020-10-29,0001694028,Liberty Oilfield Services Inc.,1389,"Oil & Gas Field Services, NEC",LBRT,Liberty Energy Inc.
0001213900-20-033999,0001213900-20-033999,defm1020_netfinacqco.htm,DEFM14A,2020-10-29,0001776903,Netfin Acquisition Corp.,7374,Services-Computer Processing & Data Preparation,,Netfin Acquisition Corp.
0001047469-20-005364,0001047469-20-005364,a2242592zdefm14a.htm,DEFM14A,2020-10-30,0000808461,"GCI LIBERTY, INC.",4813,Telephone Communications (No Radiotelephone),,"GRIZZLY MERGER SUB 1, LLC"
0001104659-20-120571,0001104659-20-120571,tm2023267-15_defm14a.htm,DEFM14A,2020-11-02,0001513856,"Neurotrope, Inc.",2834,Pharmaceutical Preparations,,"Neurotrope, Inc."
0001140361-20-024528,0001140361-20-024528,nt10015813x7_defm14a.htm,DEFM14A,2020-11-04,0001466225,"Resource Real Estate Opportunity REIT, Inc.",6798,Real Estate Investment Trusts,,"Resource Real Estate Opportunity REIT, Inc."
0001140361-20-024536,0001140361-20-024536,nt10015812x6_defm14a.htm,DEFM14A,2020-11-04,0001652926,"Resource Apartment REIT III, Inc.",6798,Real Estate Investment Trusts,,"Resource Apartment REIT III, Inc."
0001564590-20-050563,0001564590-20-050563,tat-defm14a_20201217.htm,DEFM14A,2020-11-04,0001092289,TRANSATLANTIC PETROLEUM LTD.,1382,Oil & Gas Field Exploration Services,,TRANSATLANTIC PETROLEUM LTD.
0001140361-20-024700,0001140361-20-024700,nt10015668x3_defm14a.htm,DEFM14A,2020-11-05,0000887226,PERCEPTRON INC/MI,3827,Optical Instruments & Lenses,,PERCEPTRON INC/MI
0001213900-20-035295,0001213900-20-035295,defm14a1120_orisunacq.htm,DEFM14A,2020-11-05,0001770251,Orisun Acquisition Corp.,7389,"Services-Business Services, NEC",,Orisun Acquisition Corp.
0001193125-20-288015,0001193125-20-288015,d935242ddefm14a.htm,DEFM14A,2020-11-06,0001771908,Haymaker Acquisition Corp. II,6770,Blank Checks,,Haymaker Acquisition Corp. II
0001193125-20-290257,0001193125-20-290257,d88079ddefm14a.htm,DEFM14A,2020-11-10,0001580988,"Cole Credit Property Trust V, Inc.",6798,Real Estate Investment Trusts,,"Cole Credit Property Trust V, Inc."
0001193125-20-290265,0001193125-20-290265,d40408ddefm14a.htm,DEFM14A,2020-11-10,0001614976,"Cole Office & Industrial REIT, Inc.",6798,Real Estate Investment Trusts,,"Cole Office & Industrial REIT (CCIT III), Inc."
0001213900-20-036194,0001213900-20-036194,defm14a1120_hlacqcorp.htm,DEFM14A,2020-11-10,0001736874,HL Acquisitions Corp.,4932,Gas & Other Services Combined,,HL Acquisitions Corp.
0001193125-20-297070,0001193125-20-297070,d87658ddefm14a.htm,DEFM14A,2020-11-18,0001574815,"BMC STOCK HOLDINGS, INC.",5211,Retail-Lumber & Other Building Materials Dealers,,"BMC STOCK HOLDINGS, INC."
0001140361-20-026471,0001140361-20-026471,nt10014584x10_defm14a.htm,DEFM14A,2020-11-24,0001099941,"MVC CAPITAL, INC.",,,,"MVC CAPITAL, INC."
0001193125-20-302555,0001193125-20-302555,d58374ddefm14a.htm,DEFM14A,2020-11-24,0001518832,"WPX ENERGY, INC.",1311,Crude Petroleum & Natural Gas,,"WPX ENERGY, INC."
0001193125-20-304075,0001193125-20-304075,d49490ddefm14a.htm,DEFM14A,2020-11-27,0000098246,TIFFANY & CO,5944,Retail-Jewelry Stores,,TIFFANY & CO
0001213900-20-039619,0001213900-20-039619,defm14a1120_schultze.htm,DEFM14A,2020-11-27,0001754824,Schultze Special Purpose Acquisition Corp.,6770,Blank Checks,,Schultze Special Purpose Acquisition Corp.
0001104659-20-130153,0001104659-20-130153,tm2030455-18_defm14a.htm,DEFM14A,2020-11-30,0001801169,Social Capital Hedosophia Holdings Corp. II,6531,Real Estate Agents & Managers (For Others),"OPEN,OPENL,OPENW,OPENZ",Opendoor Technologies Inc.
0001193125-20-305675,0001193125-20-305675,d57469ddefm14a.htm,DEFM14A,2020-11-30,0001637558,CONSOL Coal Resources LP,1220,Silver Ores,,CONSOL Coal Resources LP
0001213900-20-040068,0001213900-20-040068,ea130561-defm14a_opesacqu.htm,DEFM14A,2020-12-01,0001723580,Opes Acquisition Corp.,5812,Retail-Eating  Places,,"BurgerFi International, Inc."
0001104659-20-131626,0001104659-20-131626,tm2024222-9_defm14a.htm,DEFM14A,2020-12-02,0001768012,"Landcadia Holdings II, Inc.",7372,Services-Prepackaged Software,,"Golden Nugget Online Gaming, Inc."
0001193125-20-310742,0001193125-20-310742,d55605ddefm14a.htm,DEFM14A,2020-12-04,0001594466,"Parsley Energy, Inc.",1311,Crude Petroleum & Natural Gas,,Pioneer PE Holding LLC
0001104659-20-133243,0001104659-20-133243,tm2036628-2_defm14a.htm,DEFM14A,2020-12-08,0001492915,Standard AVB Financial Corp.,6022,State Commercial Banks,,Standard AVB Financial Corp.
0001047469-20-005692,0001047469-20-005692,a2242726zdefm14a.htm,DEFM14A,2020-12-11,0001358071,CONCHO RESOURCES INC,1311,Crude Petroleum & Natural Gas,,CONCHO RESOURCES INC
0001193125-20-315770,0001193125-20-315770,d71382ddefm14a.htm,DEFM14A,2020-12-11,0001034594,BAY BANKS OF VIRGINIA INC,6022,State Commercial Banks,,BAY BANKS OF VIRGINIA INC
0001193125-20-315943,0001193125-20-315943,d52958ddefm14a.htm,DEFM14A,2020-12-11,0001572758,"Cole Office & Industrial REIT, Inc.",6798,Real Estate Investment Trusts,,"Cole Office & Industrial REIT (CCIT II), Inc."
0001193125-20-316042,0001193125-20-316042,d69158ddefm14a.htm,DEFM14A,2020-12-14,0001801170,Social Capital Hedosophia Holdings Corp. III,6324,Hospital & Medical Service Plans,CLOV,"CLOVER HEALTH INVESTMENTS, CORP. /DE"
0001193125-20-316342,0001193125-20-316342,d944516ddefm14a.htm,DEFM14A,2020-12-14,0001793659,"dMY Technology Group, Inc.",7990,Services-Miscellaneous Amusement & Recreation,RSI,"Rush Street Interactive, Inc."
0001193125-20-317005,0001193125-20-317005,d97954ddefm14a.htm,DEFM14A,2020-12-14,0001237746,"Endurance International Group Holdings, Inc.",7372,Services-Prepackaged Software,,"Endurance International Group Holdings, Inc."
0001140361-20-028461,0001140361-20-028461,nt10015735x2_defm14a.htm,DEFM14A,2020-12-15,0001498068,"American Renal Associates Holdings, Inc.",8090,"Services-Misc Health & Allied Services, NEC",,"American Renal Associates Holdings, Inc."
0001193125-20-317638,0001193125-20-317638,d87012ddefm14a.htm,DEFM14A,2020-12-15,0001743881,"BridgeBio Pharma, Inc.",2834,Pharmaceutical Preparations,BBIO,"BridgeBio Pharma, Inc."
0001193125-20-317643,0001193125-20-317643,d87012ddefm14a.htm,DEFM14A,2020-12-15,0001731831,"Eidos Therapeutics, Inc.",2834,Pharmaceutical Preparations,,"Eidos Therapeutics, Inc."
0001193125-20-319074,0001193125-20-319074,d79038ddefm14a.htm,DEFM14A,2020-12-16,0001783398,"Gores Holdings IV, Inc.",6162,Mortgage Bankers & Loan Correspondents,UWMC,UWM Holdings Corp
0001193125-20-320944,0001193125-20-320944,d39825ddefm14a.htm,DEFM14A,2020-12-18,0001527709,"Mid-Con Energy Partners, LP",1311,Crude Petroleum & Natural Gas,,"Mid-Con Energy Partners, LP"
0001213900-20-043453,0001213900-20-043453,defm14a1220_tottenhamacqui.htm,DEFM14A,2020-12-18,0001731176,Tottenham Acquisition I Ltd,2834,Pharmaceutical Preparations,,Tottenham Acquisition I Ltd
0001437749-20-025783,0001437749-20-025783,mkrs20201221_defm14a.htm,DEFM14A,2020-12-22,0000317340,MIKROS SYSTEMS CORP,3829,"Measuring & Controlling Devices, NEC",,MIKROS SYSTEMS CORP
0001140361-20-029429,0001140361-20-029429,nt10016461x5_defm14a.htm,DEFM14A,2020-12-23,0001171825,CIT GROUP INC,6021,National Commercial Banks,,CIT GROUP INC
0001193125-20-326003,0001193125-20-326003,d23825ddefm14a.htm,DEFM14A,2020-12-23,0001492633,Nielsen Holdings plc,7389,"Services-Business Services, NEC",,Nielsen Holdings plc
0001193125-20-328697,0001193125-20-328697,d55648ddefm14a.htm,DEFM14A,2020-12-29,0001378624,"Cellular Biomedicine Group, Inc.",2836,"Biological Products, (No Diagnostic Substances)",,"Cellular Biomedicine Group, Inc."
0001140361-21-000193,0001140361-21-000193,nc10017164x2_defm14a.htm,DEFM14A,2021-01-05,0001108426,PNM RESOURCES INC,4911,Electric Services,TXNM,TXNM ENERGY INC
0001193125-21-004630,0001193125-21-004630,d97197ddefm14a.htm,DEFM14A,2021-01-08,0001474439,"Telenav, Inc.",3812,"Search, Detection, Navigation, Guidance, Aeronautical Sys",,"Telenav, Inc."
0001193125-21-006091,0001193125-21-006091,d56826ddefm14a.htm,DEFM14A,2021-01-11,0001680232,"Strategic Storage Trust IV, Inc.",6798,Real Estate Investment Trusts,,"Strategic Storage Trust IV, Inc."
0001104659-21-005986,0001104659-21-005986,tm2034213-12_defm14a.htm,DEFM14A,2021-01-21,0001803914,Mountain Crest Acquisition Corp.,5900,Retail-Miscellaneous Retail,PLBY,"Playboy, Inc."
0001140361-21-001748,0001140361-21-001748,nc10018214x2_defm14a.htm,DEFM14A,2021-01-21,0001296205,ZAGG Inc,5900,Retail-Miscellaneous Retail,,ZAGG Inc
0001193125-21-013599,0001193125-21-013599,d50338ddefm14a.htm,DEFM14A,2021-01-21,0001577791,Oaktree Strategic Income Corp,,,,Oaktree Strategic Income Corp
0001193125-21-014734,0001193125-21-014734,d89479ddefm14a.htm,DEFM14A,2021-01-22,0001316644,"AeroGrow International, Inc.",5200,"Retail-Building Materials, Hardware, Garden Supply",,"AeroGrow International, Inc."
0001193125-21-014742,0001193125-21-014742,d22887ddefm14a.htm,DEFM14A,2021-01-22,0001598014,IHS Markit Ltd.,7370,"Services-Computer Programming, Data Processing, Etc.",,IHS Markit Ltd.
0001047469-21-000209,0001047469-21-000209,a2242851zdefm14a.htm,DEFM14A,2021-01-26,0001075607,TC PIPELINES LP,4922,Natural Gas Transmission,,TC PIPELINES LP
0001493152-21-002028,0001493152-21-002028,formdefm14a.htm,DEFM14A,2021-01-28,0000068709,MTS SYSTEMS CORP,3829,"Measuring & Controlling Devices, NEC",,MTS SYSTEMS CORP
0001140361-21-002606,0001140361-21-002606,nc10018681x4_defm14a.htm,DEFM14A,2021-01-29,0001586049,Oxford Immunotec Global PLC,2835,In Vitro & In Vivo Diagnostic Substances,,Oxford Immunotec Global PLC
0001140361-21-002701,0001140361-21-002701,nt10016784x7_defm14a.htm,DEFM14A,2021-01-29,0000808450,NAVISTAR INTERNATIONAL CORP,3711,Motor Vehicles & Passenger Car Bodies,,NAVISTAR INTERNATIONAL CORP
0001193125-21-021711,0001193125-21-021711,d20870ddefm14a.htm,DEFM14A,2021-01-29,0001725579,"Pluralsight, Inc.",7370,"Services-Computer Programming, Data Processing, Etc.",,"Pluralsight, Inc."
0001193125-21-022117,0001193125-21-022117,d13689ddefm14a.htm,DEFM14A,2021-01-29,0001764925,"Slack Technologies, Inc.",7372,Services-Prepackaged Software,,"Slack Technologies, Inc."
0001193125-21-022606,0001193125-21-022606,d55502ddefm14a.htm,DEFM14A,2021-01-29,0001007330,"PRGX GLOBAL, INC.",8700,"Services-Engineering, Accounting, Research, Management",,"PRGX GLOBAL, INC."
0001193125-21-025220,0001193125-21-025220,d121587ddefm14a.htm,DEFM14A,2021-02-02,0001326110,"NantKwest, Inc.",2836,"Biological Products, (No Diagnostic Substances)",IBRX,"ImmunityBio, Inc."
0001213900-21-005865,0001213900-21-005865,defm14a0221_alliedesports.htm,DEFM14A,2021-02-02,0001708341,"Allied Esports Entertainment, Inc.",7900,Services-Amusement & Recreation Services,AIFA,"All In FutureTech Alliance, Inc."
0001213900-21-005865,0001213900-21-030334,defm14a0521_alliedesportent.htm,DEFM14A,2021-06-01,0001708341,"Allied Esports Entertainment, Inc.",7900,Services-Amusement & Recreation Services,AIFA,"All In FutureTech Alliance, Inc."
0001140361-21-003616,0001140361-21-003616,nt10018218x3_defm14a.htm,DEFM14A,2021-02-05,0000040888,"AEROJET ROCKETDYNE HOLDINGS, INC.",3760,Guided Missiles & Space Vehicles & Parts,,"AEROJET ROCKETDYNE HOLDINGS, INC."
0001193125-21-029970,0001193125-21-029970,d52613ddefm14a.htm,DEFM14A,2021-02-05,0001286225,"RealPage, Inc.",7372,Services-Prepackaged Software,,"RealPage, Inc."
0001193125-21-031441,0001193125-21-031441,d62648ddefm14a.htm,DEFM14A,2021-02-08,0001651235,"Acacia Communications, Inc.",3674,Semiconductors & Related Devices,,"Acacia Communications, Inc."
0001104659-21-016724,0001104659-21-016724,tm215109-1_defm14a.htm,DEFM14A,2021-02-09,0001047884,ANWORTH MORTGAGE ASSET CORP,6798,Real Estate Investment Trusts,,ANWORTH MORTGAGE ASSET CORP
0001193125-21-033478,0001193125-21-033478,d114949ddefm14a.htm,DEFM14A,2021-02-09,0001052595,Red Lion Hotels CORP,7011,Hotels & Motels,,Red Lion Hotels CORP
0001193125-21-033897,0001193125-21-033897,d36773ddefm14a.htm,DEFM14A,2021-02-09,0001083643,"FAUQUIER BANKSHARES, INC.",6022,State Commercial Banks,,"FAUQUIER BANKSHARES, INC."
0001193125-21-034247,0001193125-21-034247,d38467ddefm14a.htm,DEFM14A,2021-02-09,0001089511,ALASKA COMMUNICATIONS SYSTEMS GROUP INC,4813,Telephone Communications (No Radiotelephone),,ALASKA COMMUNICATIONS SYSTEMS GROUP INC
0001213900-21-007770,0001213900-21-007770,fdefm14a2021_neostherapeutic.htm,DEFM14A,2021-02-09,0001467652,"Neos Therapeutics, Inc.",2834,Pharmaceutical Preparations,,"Neos Therapeutics, Inc."
0001104659-21-017076,0001104659-21-017076,tm2037216-11_defm14a.htm,DEFM14A,2021-02-10,0001725526,HighPoint Resources Corp,1311,Crude Petroleum & Natural Gas,,HighPoint Resources Corp
0001193125-21-036492,0001193125-21-036492,d16880ddefm14a.htm,DEFM14A,2021-02-10,0001108827,"QEP RESOURCES, INC.",1311,Crude Petroleum & Natural Gas,,"QEP RESOURCES, INC."
0001140361-21-004371,0001140361-21-004371,nt10016579x15_defm14a.htm,DEFM14A,2021-02-11,0001611277,"Helix Technologies, Inc.",7381,"Services-Detective, Guard & Armored Car Services",,"Helix Technologies, Inc."
0001193125-21-038486,0001193125-21-038486,d108944ddefm14a.htm,DEFM14A,2021-02-11,0001439222,"AGIOS PHARMACEUTICALS, INC.",2834,Pharmaceutical Preparations,AGIO,"AGIOS PHARMACEUTICALS, INC."
0001104659-21-021022,0001104659-21-021022,tm216436-1_defm14a.htm,DEFM14A,2021-02-12,0001796303,Roth CH Acquisition I Co,6770,Blank Checks,,Roth CH Acquisition I Co
0001193125-21-040971,0001193125-21-040971,d88195ddefm14a.htm,DEFM14A,2021-02-12,0001763731,Replay Acquisition Corp.,6770,Blank Checks,,Replay Acquisition LLC
0001104659-21-022365,0001104659-21-022365,tm212871-2_defm14a.htm,DEFM14A,2021-02-16,0001132105,"SPORTSMAN'S WAREHOUSE HOLDINGS, INC.",5940,Retail-Miscellaneous Shopping Goods Stores,SPWH,"SPORTSMAN'S WAREHOUSE HOLDINGS, INC."
0001104659-21-024645,0001104659-21-024645,tm213694-3_defm14a.htm,DEFM14A,2021-02-17,0001052100,WADDELL & REED FINANCIAL INC,6211,"Security Brokers, Dealers & Flotation Companies",,WADDELL & REED FINANCIAL INC
0001140361-21-005226,0001140361-21-005226,nt10018604x6_defm14a.htm,DEFM14A,2021-02-17,0000049196,HUNTINGTON BANCSHARES INC/MD,6021,National Commercial Banks,"HBAN,HBANL,HBANM,HBANP,HBANZ",HUNTINGTON BANCSHARES INC /MD/
0001140361-21-005227,0001140361-21-005227,nt10018604x7_defm14a.htm,DEFM14A,2021-02-17,0000019612,TCF FINANCIAL CORP,6021,National Commercial Banks,,TCF FINANCIAL CORP
0001213900-21-010057,0001213900-21-010057,defm14a0221_newbornacq.htm,DEFM14A,2021-02-17,0001780262,Newborn Acquisition Corp,3790,Miscellaneous Transportation Equipment,,Newborn Acquisition Corp
0001193125-21-047701,0001193125-21-047701,d109428ddefm14a.htm,DEFM14A,2021-02-18,0001108320,SMTC CORP,3672,Printed Circuit Boards,,SMTC CORP
0001140361-21-005404,0001140361-21-005404,nt10019385x2_defm14a.htm,DEFM14A,2021-02-19,0000019411,MAGELLAN HEALTH INC,8060,Services-Hospitals,,MAGELLAN HEALTH INC
0001140361-21-005535,0001140361-21-005535,nt10018387x5_defm14a.htm,DEFM14A,2021-02-19,0001601669,Watford Holdings Ltd.,6331,"Fire, Marine & Casualty Insurance",,Watford Holdings Ltd.
0001193125-21-048255,0001193125-21-048255,d38874ddefm14a.htm,DEFM14A,2021-02-19,0001740547,Urovant Sciences Ltd.,2834,Pharmaceutical Preparations,,Urovant Sciences Ltd.
0001047469-21-000410,0001047469-21-000410,a2242909zdefm14a.htm,DEFM14A,2021-02-22,0001196501,HMS HOLDINGS CORP,7389,"Services-Business Services, NEC",,HMS HOLDINGS CORP
0001104659-21-028406,0001104659-21-028406,tm2037159-7_defm14a.htm,DEFM14A,2021-02-26,0001743858,Longevity Acquisition Corp,6770,Blank Checks,,Longevity Acquisition Corp
0001193125-21-060961,0001193125-21-060961,d81873ddefm14a.htm,DEFM14A,2021-02-26,0001818355,Foley Trasimene Acquisition II,6770,Blank Checks,,Foley Trasimene Acquisition II
0001193125-21-063624,0001193125-21-063624,d28768ddefm14a.htm,DEFM14A,2021-03-01,0001525759,FS KKR Capital Corp. II,,,,FS KKR Capital Corp. II
0001104659-21-030463,0001104659-21-030463,tm216864-3_defm14a.htm,DEFM14A,2021-03-02,0001419242,ATLANTIC POWER CORP,4900,"Electric, Gas & Sanitary Services",,ATLANTIC POWER CORP
0001564590-21-010692,0001564590-21-010692,apex-defm14a_20210301.htm,DEFM14A,2021-03-04,0000844161,Apex Global Brands Inc.,2330,"Women's, Misses':  and Juniors Outerwear",,Apex Global Brands Inc.
0001580695-21-000043,0001580695-21-000043,mkgi-defm14a_030321.htm,DEFM14A,2021-03-04,0001372183,"Monaker Group, Inc.",6199,Finance Services,,NextPlay Technologies Inc.
0001104659-21-032782,0001104659-21-032782,tm2037748-1_defm14a.htm,DEFM14A,2021-03-05,0000743988,XILINX INC,3674,Semiconductors & Related Devices,,XILINX INC
0001193125-21-071443,0001193125-21-071443,d90621ddefm14a.htm,DEFM14A,2021-03-05,0001756497,Change Healthcare Inc.,7374,Services-Computer Processing & Data Preparation,,Change Healthcare Inc.
0001193125-21-077321,0001193125-21-077321,d152349ddefm14a.htm,DEFM14A,2021-03-11,0001058057,MARVELL TECHNOLOGY GROUP LTD,3674,Semiconductors & Related Devices,,MARVELL TECHNOLOGY GROUP LTD
0001193125-21-077324,0001193125-21-077324,d142896ddefm14a.htm,DEFM14A,2021-03-11,0001160958,INPHI Corp,3674,Semiconductors & Related Devices,,INPHI Corp
0001140361-21-008386,0001140361-21-008386,nt10018953x3_defm14a.htm,DEFM14A,2021-03-12,0001731348,"Tilray, Inc.",2833,Medicinal Chemicals & Botanical Products,TLRY,"Tilray Brands, Inc."
0001213900-21-015188,0001213900-21-015188,defm14a_newprovacq.htm,DEFM14A,2021-03-12,0001780312,New Providence Acquisition Corp.,4899,"Communications Services, NEC",ASTS,"AST SpaceMobile, Inc."
0001193125-21-081425,0001193125-21-081425,d320586ddefm14a.htm,DEFM14A,2021-03-15,0001351288,GW PHARMACEUTICALS PLC,2834,Pharmaceutical Preparations,,GW PHARMACEUTICALS PLC
0001104659-21-037333,0001104659-21-037333,tm215524-5_defm14a.htm,DEFM14A,2021-03-17,0001012771,FBL FINANCIAL GROUP INC,6311,Life Insurance,,FBL FINANCIAL GROUP INC
0001140361-21-008824,0001140361-21-008824,nt10019848x8_defm14a.htm,DEFM14A,2021-03-17,0001065332,NIC INC,7389,"Services-Business Services, NEC",,NIC INC
0001193125-21-084509,0001193125-21-084509,d97737ddefm14a.htm,DEFM14A,2021-03-18,0000821127,BOSTON PRIVATE FINANCIAL HOLDINGS INC,6022,State Commercial Banks,,BOSTON PRIVATE FINANCIAL HOLDINGS INC
0001193125-21-085846,0001193125-21-085846,d138885ddefm14a.htm,DEFM14A,2021-03-18,0001162112,"RigNet, Inc.",4899,"Communications Services, NEC",,"RigNet, Inc."
0001193125-21-087738,0001193125-21-087738,d141920ddefm14a.htm,DEFM14A,2021-03-19,0001461119,CRH Medical Corp,8000,Services-Health Services,,CRH Medical Corp
0001193125-21-092662,0001193125-21-092662,d133550ddefm14a.htm,DEFM14A,2021-03-24,0001815495,Northern Genesis Acquisition Corp.,6770,Blank Checks,,Northern Genesis Acquisition Corp.
0001104659-21-041241,0001104659-21-041241,tm219183-2_defm14a.htm,DEFM14A,2021-03-25,0001366246,GLU MOBILE INC,7371,Services-Computer Programming Services,,GLU MOBILE INC
0001104659-21-042526,0001104659-21-042526,tm2032934-5_defm14a.htm,DEFM14A,2021-03-26,0000026076,CUBIC CORP /DE/,3829,"Measuring & Controlling Devices, NEC",,CUBIC CORP /DE/
0001140361-21-010311,0001140361-21-010311,nt10021478x2_defm14a.htm,DEFM14A,2021-03-26,0000009346,Protective Insurance Corp,6331,"Fire, Marine & Casualty Insurance",,Protective Insurance Corp
0001193125-21-096545,0001193125-21-096545,d22937ddefm14a.htm,DEFM14A,2021-03-26,0001816101,"dMY Technology Group, Inc. II",6770,Blank Checks,,"dMY Technology Group, Inc. II"
0001104659-21-043589,0001104659-21-043589,tm2038731-10_defm14a.htm,DEFM14A,2021-03-30,0001671013,Cardtronics plc,7389,"Services-Business Services, NEC",,Cardtronics plc
0001193125-21-100346,0001193125-21-100346,d132686ddefm14a.htm,DEFM14A,2021-03-30,0000036047,"CORELOGIC, INC.",7374,Services-Computer Processing & Data Preparation,,"CORELOGIC, INC."
0001140361-21-011156,0001140361-21-011156,nt10021213x2_defm14a.htm,DEFM14A,2021-04-01,0000353020,Aegion Corp,1623,"Water, Sewer, Pipeline, Comm & Power Line Construction",,Aegion Corp
0001140361-21-011212,0001140361-21-011212,nt10018921x5_defm14a.htm,DEFM14A,2021-04-01,0000019446,CANTEL MEDICAL CORP,3841,Surgical & Medical Instruments & Apparatus,,CANTEL MEDICAL LLC
0001140361-21-011429,0001140361-21-011429,nt10019457x7_defm14a.htm,DEFM14A,2021-04-02,0001724670,Perspecta Inc.,7374,Services-Computer Processing & Data Preparation,,Perspecta Inc.
0001193125-21-104935,0001193125-21-104935,d133274ddefm14a.htm,DEFM14A,2021-04-02,0000024491,COOPER TIRE & RUBBER CO,3011,Tires & Inner Tubes,,COOPER TIRE & RUBBER CO
0001104659-21-046466,0001104659-21-046466,tm2111841-1_defm14a.htm,DEFM14A,2021-04-05,0001289790,Macquarie Infrastructure Corp,5172,Wholesale-Petroleum & Petroleum Products (No Bulk Stations),,Macquarie Infrastructure Corp
0001104659-21-046466,0001104659-21-108348,tm2121775-2_defm14a.htm,DEFM14A,2021-08-23,0001289790,Macquarie Infrastructure Corp,5172,Wholesale-Petroleum & Petroleum Products (No Bulk Stations),,Macquarie Infrastructure Corp
0001193125-21-109008,0001193125-21-109008,d115475ddefm14a.htm,DEFM14A,2021-04-07,0001818093,Vesper Healthcare Acquisition Corp.,3841,Surgical & Medical Instruments & Apparatus,SKIN,SkinHealth Systems Inc.
0001104659-21-048461,0001104659-21-048461,tm218930-7_defm14a.htm,DEFM14A,2021-04-09,0001000232,KENTUCKY BANCSHARES INC /KY/,6022,State Commercial Banks,,KENTUCKY BANCSHARES INC /KY/
0001193125-21-110636,0001193125-21-110636,d100452ddefm14a.htm,DEFM14A,2021-04-09,0001591763,"Enable Midstream Partners, LP",4922,Natural Gas Transmission,,"Enable Midstream Partners, LP"
0001193125-21-113239,0001193125-21-113239,d132491ddefm14a.htm,DEFM14A,2021-04-12,0001094285,TELEDYNE TECHNOLOGIES INC,3812,"Search, Detection, Navigation, Guidance, Aeronautical Sys",TDY,TELEDYNE TECHNOLOGIES INC
0001193125-21-113269,0001193125-21-113269,d150219ddefm14a.htm,DEFM14A,2021-04-12,0000354908,FLIR SYSTEMS INC,3812,"Search, Detection, Navigation, Guidance, Aeronautical Sys",,"Teledyne FLIR, LLC"
0001047469-21-000931,0001047469-21-000931,a2243190zdefm14a.htm,DEFM14A,2021-04-13,0000899866,"ALEXION PHARMACEUTICALS, INC.",2834,Pharmaceutical Preparations,,"ALEXION PHARMACEUTICALS, INC."
0001104659-21-049773,0001104659-21-049773,tm219536-9_defm14a.htm,DEFM14A,2021-04-13,0001371217,ReShape Lifesciences Inc.,3845,Electromedical & Electrotherapeutic Apparatus,,ReShape Weightloss Inc.
0001140361-21-013417,0001140361-21-013417,nt10023211x1_defm14a.htm,DEFM14A,2021-04-20,0001593195,Tribune Publishing Co,2711,Newspapers: Publishing or  Publishing & Printing,,Tribune Publishing Co
0001140361-21-013529,0001140361-21-013529,nt10019129x9_defm14a.htm,DEFM14A,2021-04-21,0001559909,Harvest Capital Credit Corp,,,,Harvest Capital Credit Corp
0001174947-21-000427,0001174947-21-000427,defm14a-25987_cng.htm,DEFM14A,2021-04-22,0001582244,Corning Natural Gas Holding Corp,4923,Natural Gas Transmisison & Distribution,,Corning Natural Gas Holding Corp
0001193125-21-129023,0001193125-21-129023,d154318ddefm14a.htm,DEFM14A,2021-04-23,0001378946,"People's United Financial, Inc.",6035,"Savings Institution, Federally Chartered",,"People's United Financial, Inc."
0001193125-21-130373,0001193125-21-130373,d141265ddefm14a.htm,DEFM14A,2021-04-26,0001581164,"Extended Stay America, Inc.",7011,Hotels & Motels,,"Extended Stay America, Inc."
0001193125-21-130377,0001193125-21-130377,d141265ddefm14a.htm,DEFM14A,2021-04-26,0001507563,"ESH Hospitality, Inc.",7011,Hotels & Motels,,"ESH Hospitality, Inc."
0001104659-21-056580,0001104659-21-056580,tm212427-2_defm14a.htm,DEFM14A,2021-04-28,0001169988,"BOINGO WIRELESS, INC.",4899,"Communications Services, NEC",,"BOINGO WIRELESS, INC."
0001140361-21-014639,0001140361-21-014639,nt10020839x4_dem14a.htm,DEFM14A,2021-04-28,0001613859,"PRA Health Sciences, Inc.",8731,Services-Commercial Physical & Biological Research,,"PRA Health Sciences, Inc."
0001104659-21-062382,0001104659-21-062382,tm212618-3_defm14a.htm,DEFM14A,2021-05-06,0001365038,LEAF GROUP LTD.,7374,Services-Computer Processing & Data Preparation,,LEAF GROUP LTD.
0001193125-21-153390,0001193125-21-153390,d387290ddefm14a.htm,DEFM14A,2021-05-06,0000021510,COHERENT INC,3826,Laboratory Analytical Instruments,,COHERENT INC
0001552781-21-000355,0001552781-21-000355,e21347_bmtc-defm14a.htm,DEFM14A,2021-05-06,0000802681,BRYN MAWR BANK CORP,6022,State Commercial Banks,,BRYN MAWR BANK CORP
0001193125-21-154788,0001193125-21-154788,d117540ddefm14a.htm,DEFM14A,2021-05-07,0001431959,TORCHLIGHT ENERGY RESOURCES INC,3674,Semiconductors & Related Devices,,META MATERIALS INC.
0001193125-21-154841,0001193125-21-154841,d121202ddefm14a.htm,DEFM14A,2021-05-07,0001787791,"Juniper Industrial Holdings, Inc.",6770,Blank Checks,,"Juniper Industrial Holdings, Inc."
0001193125-21-155062,0001193125-21-155062,d104034ddefm14a.htm,DEFM14A,2021-05-07,0001325702,MAGNACHIP SEMICONDUCTOR Corp,3674,Semiconductors & Related Devices,MX,MAGNACHIP SEMICONDUCTOR Corp
0001140361-21-016935,0001140361-21-016935,nt10016123x20_defm14a.htm,DEFM14A,2021-05-12,0001594109,GrubHub Inc.,7389,"Services-Business Services, NEC",,GrubHub Inc.
0001753926-21-000131,0001753926-21-000131,g082186_defm14a.htm,DEFM14A,2021-05-12,0001356949,Houston Wire & Cable CO,5063,"Wholesale-Electrical Apparatus & Equipment, Wiring Supplies ",,Houston Wire & Cable CO
0001104659-21-066215,0001104659-21-066215,tm2039207-10_defr14a.htm,DEFM14A,2021-05-14,0001813914,Deerfield Healthcare Technology Acquisitions Corp.,8050,Services-Nursing & Personal Care Facilities,,"CareMax, Inc."
0001140361-21-017293,0001140361-21-017293,nt10022949x6_defm14a.htm,DEFM14A,2021-05-14,0001109546,PACIFIC MERCANTILE BANCORP,6021,National Commercial Banks,,PACIFIC MERCANTILE BANCORP
0001193125-21-161972,0001193125-21-161972,d105588ddefm14a.htm,DEFM14A,2021-05-14,0001723648,Crescent Acquisition Corp,7374,Services-Computer Processing & Data Preparation,,"LiveVox Holdings, Inc."
0001193125-21-161982,0001193125-21-161982,d121614ddefm14a.htm,DEFM14A,2021-05-14,0001815849,Fortress Value Acquisition Corp. II,8050,Services-Nursing & Personal Care Facilities,,"ATI Physical Therapy, Inc."
0001493152-21-011550,0001493152-21-011550,formdefm14a.htm,DEFM14A,2021-05-14,0001638381,Intec Pharma Ltd.,2834,Pharmaceutical Preparations,,Intec Pharma Ltd.
0001140361-21-017650,0001140361-21-017650,nt10023637x2_defm14a.htm,DEFM14A,2021-05-17,0001002517,"Nuance Communications, Inc.",7372,Services-Prepackaged Software,,"Nuance Communications, Inc."
0001193125-21-162292,0001193125-21-162292,d127117ddefm14a.htm,DEFM14A,2021-05-17,0001804591,VG Acquisition Corp.,2834,Pharmaceutical Preparations,,Chrome Holding Co.
0001193125-21-167257,0001193125-21-167257,d165766ddefm14a.htm,DEFM14A,2021-05-20,0001832459,Thoma Bravo Advantage,6770,Blank Checks,,Thoma Bravo Advantage
0001193125-21-167764,0001193125-21-167764,d24364ddefm14a.htm,DEFM14A,2021-05-20,0001033905,LUMINEX CORP,3841,Surgical & Medical Instruments & Apparatus,,LUMINEX CORP
0001104659-21-071892,0001104659-21-071892,tm216054-22_defm14a.htm,DEFM14A,2021-05-25,0001823878,Acies Acquisition Corp.,7372,Services-Prepackaged Software,MYPS,"PLAYSTUDIOS, Inc."
0001140361-21-018874,0001140361-21-018874,nt10018014x11_defm14a.htm,DEFM14A,2021-05-26,0001779474,Silver Spike Acquisition Corp.,7372,Services-Prepackaged Software,MAPS,"WM TECHNOLOGY, INC."
0001193125-21-175415,0001193125-21-175415,d183367ddefm14a.htm,DEFM14A,2021-05-27,0001361983,ORBCOMM Inc.,4899,"Communications Services, NEC",,ORBCOMM Inc.
0001193125-21-175488,0001193125-21-175488,d101000ddefm14a.htm,DEFM14A,2021-05-27,0001777835,FinTech Acquisition Corp. IV,6199,Finance Services,PWP,Perella Weinberg Partners
0001213900-21-029478,0001213900-21-029478,defm14a_climatechange.htm,DEFM14A,2021-05-27,0001821159,Climate Change Crisis Real Impact I Acquisition Corp,7500,"Services-Automotive Repair, Services & Parking",EVGO,EVgo Inc.
0001193125-21-177173,0001193125-21-177173,d175054ddefm14a.htm,DEFM14A,2021-05-28,0001803901,Hudson Executive Investment Corp.,8000,Services-Health Services,,"Talkspace, Inc."
0001104659-21-074583,0001104659-21-074583,tm2116424-2_defm14a.htm,DEFM14A,2021-06-01,0001747079,Bally's Corp,7011,Hotels & Motels,BALY,Bally's Corp
0001213900-21-030256,0001213900-21-030256,defm14a_ftacolympusacqcorp.htm,DEFM14A,2021-06-01,0001816090,FTAC Olympus Acquisition Corp.,6770,Blank Checks,,FTAC Olympus Acquisition Corp.
0001347652-21-000053,0001347652-21-000053,corr2021defm14a.htm,DEFM14A,2021-06-01,0001347652,"CorEnergy Infrastructure Trust, Inc.",6798,Real Estate Investment Trusts,,"CorEnergy Infrastructure Trust, Inc."
0001193125-21-180682,0001193125-21-180682,d133724ddefm14a.htm,DEFM14A,2021-06-03,0000812348,CENTURY BANCORP INC,6022,State Commercial Banks,,CENTURY BANCORP INC
0001104659-21-077101,0001104659-21-077101,tm2118531-1_def14a.htm,DEFM14A,2021-06-04,0001716697,First Choice Bancorp,6022,State Commercial Banks,,First Choice Bancorp
0001193125-21-182151,0001193125-21-182151,d128085ddefm14a.htm,DEFM14A,2021-06-04,0001809104,Foley Trasimene Acquisition Corp.,7389,"Services-Business Services, NEC",ALIT,"Alight, Inc. / Delaware"
0001193125-21-183010,0001193125-21-183010,d172233ddefm14a.htm,DEFM14A,2021-06-04,0001469372,MSG NETWORKS INC.,4841,Cable & Other Pay Television Services,,MSG NETWORKS INC.
0001140361-21-020192,0001140361-21-020192,nt10019597x19_defm14a.htm,DEFM14A,2021-06-08,0001821018,ION Acquisition Corp 1 Ltd.,6770,Blank Checks,,ION Acquisition Corp 1 Ltd.
0001104659-21-078589,0001104659-21-078589,tm2118358-1_defm14a.htm,DEFM14A,2021-06-09,0000036506,MACKINAC FINANCIAL CORP /MI/,6022,State Commercial Banks,,MACKINAC FINANCIAL CORP /MI/
0001193125-21-186883,0001193125-21-186883,d105969ddefm14a.htm,DEFM14A,2021-06-09,0001177394,SYNNEX CORP,5045,Wholesale-Computers & Peripheral Equipment & Software,SNX,TD SYNNEX CORP
0001213900-21-031566,0001213900-21-031566,defm14a0621_forummerger3.htm,DEFM14A,2021-06-09,0001784168,Forum Merger III Corp,3711,Motor Vehicles & Passenger Car Bodies,,"Electric Last Mile Solutions, Inc."
0001104659-21-079835,0001104659-21-079835,tm2113935-7_defm14a.htm,DEFM14A,2021-06-11,0001761940,Diamond S Shipping Inc.,4700,Transportation Services,,Diamond S Shipping Inc.
0001140361-21-020672,0001140361-21-020672,nt10024621x6_defm14a.htm,DEFM14A,2021-06-11,0001011570,KNOLL INC,2590,Miscellaneous Furniture & Fixtures,,KNOLL INC
0001140361-21-020729,0001140361-21-020729,nt10024151x2_defm14a.htm,DEFM14A,2021-06-14,0001212458,PROOFPOINT INC,7374,Services-Computer Processing & Data Preparation,,PROOFPOINT INC
0001213900-21-032301,0001213900-21-032301,defm14a0521_alussaenergy.htm,DEFM14A,2021-06-14,0001781115,Alussa Energy Acquisition Corp.,6770,Blank Checks,,Alussa Energy Acquisition Corp.
0000897101-21-000494,0000897101-21-000494,csi210807_defm14a.htm,DEFM14A,2021-06-15,0000022701,COMMUNICATIONS SYSTEMS INC,1700,Construction - Special Trade Contractors,SUNE,"SUNation Energy, Inc."
0001193125-21-190572,0001193125-21-190572,d437817ddefm14a.htm,DEFM14A,2021-06-15,0001548187,"Soliton, Inc.",3841,Surgical & Medical Instruments & Apparatus,,"Soliton, Inc."
0001104659-21-082910,0001104659-21-082910,tm2118911-2_defm14a.htm,DEFM14A,2021-06-21,0001668105,Talend S.A.,7372,Services-Prepackaged Software,,Talend S.A.
0001193125-21-194105,0001193125-21-194105,d924103ddefm14a.htm,DEFM14A,2021-06-21,0001716583,Decarbonization Plus Acquisition Corp,3620,Electrical Industrial Apparatus,,Hyzon Motors Inc.
0001193125-21-194709,0001193125-21-194709,d223342ddefm14a.htm,DEFM14A,2021-06-21,0001650962,"Welbilt, Inc.",3580,Refrigeration & Service Industry Machinery,,"Welbilt, Inc."
0001193125-21-194709,0001104659-21-111324,tm2122624-5_defm14a.htm,DEFM14A,2021-08-31,0001650962,"Welbilt, Inc.",3580,Refrigeration & Service Industry Machinery,,"Welbilt, Inc."
0001193125-21-195175,0001193125-21-195175,d137147ddefm14a.htm,DEFM14A,2021-06-21,0001674168,Hilton Grand Vacations Inc.,7000,"Hotels, Rooming Houses, Camps & Other Lodging Places",HGV,Hilton Grand Vacations Inc.
0001193125-21-195776,0001193125-21-195776,d135342ddefm14a.htm,DEFM14A,2021-06-22,0001818502,FG New America Acquisition Corp.,6199,Finance Services,OPFI,OppFi Inc.
0001193125-21-196309,0001193125-21-196309,d214841ddefm14a.htm,DEFM14A,2021-06-22,0001600125,"Meridian Bancorp, Inc.",6021,National Commercial Banks,,"Meridian Bancorp, Inc."
0001140361-21-022328,0001140361-21-022328,nt10025004x5_defm14a.htm,DEFM14A,2021-06-25,0000828916,WEINGARTEN REALTY INVESTORS /TX/,6798,Real Estate Investment Trusts,,WEINGARTEN REALTY INVESTORS /TX/
0001193125-21-200556,0001193125-21-200556,d125734ddefm14a.htm,DEFM14A,2021-06-25,0001033012,FLAGSTAR BANCORP INC,6035,"Savings Institution, Federally Chartered",,FLAGSTAR BANCORP INC
0001019056-21-000383,0001019056-21-000383,amrb_defm14a.htm,DEFM14A,2021-06-28,0001108236,AMERICAN RIVER BANKSHARES,6022,State Commercial Banks,,AMERICAN RIVER BANKSHARES
0001104659-21-086839,0001104659-21-086839,tm2120273-1_defm14a.htm,DEFM14A,2021-06-29,0001507385,"VEREIT, Inc.",6798,Real Estate Investment Trusts,,"VEREIT, Inc."
0001193125-21-203298,0001193125-21-203298,d314599ddefm14a.htm,DEFM14A,2021-06-29,0001381531,Domtar CORP,2621,Paper Mills,,Domtar CORP
0001104659-21-087615,0001104659-21-087615,tm214243-16_defm14a.htm,DEFM14A,2021-06-30,0001006269,LORAL SPACE & COMMUNICATIONS INC.,3663,Radio & Tv Broadcasting & Communications Equipment,,LORAL SPACE & COMMUNICATIONS INC.
0001140361-21-022961,0001140361-21-022961,nt10024254x2_defm14a.htm,DEFM14A,2021-06-30,0001260968,MARLIN BUSINESS SERVICES CORP,6022,State Commercial Banks,,MARLIN BUSINESS SERVICES CORP
0001213900-21-035192,0001213900-21-035192,ea143425-defm14a_rumbleon.htm,DEFM14A,2021-07-01,0001596961,"RumbleON, Inc.",7371,Services-Computer Programming Services,RDNW,"RideNow Group, Inc."
0001213900-21-035299,0001213900-21-035299,defm14a0621_10xcapventacq.htm,DEFM14A,2021-07-01,0001821595,10X Capital Venture Acquisition Corp,3714,Motor Vehicle Parts & Accessories,,10X Capital Venture Acquisition Corp
0001104659-21-088893,0001104659-21-088893,tm2117168-6_defm14a.htm,DEFM14A,2021-07-02,0001604627,"KushCo Holdings, Inc.",3080,Miscellaneous Plastics Products,,"KushCo Holdings, Inc."
0001193125-21-207026,0001193125-21-207026,d157032ddefm14a.htm,DEFM14A,2021-07-02,0001339469,"CHIASMA, INC",2834,Pharmaceutical Preparations,,"CHIASMA, INC"
0001213900-21-035581,0001213900-21-035581,defm14a_tuscanholdings.htm,DEFM14A,2021-07-02,0001760689,Tuscan Holdings Corp.,3690,"Miscellaneous Electrical Machinery, Equipment & Supplies",MVST,"Microvast Holdings, Inc."
0001628280-21-013404,0001628280-21-013404,sema4proxy.htm,DEFM14A,2021-07-02,0001818331,"CM Life Sciences, Inc.",8000,Services-Health Services,WGS,GeneDx Holdings Corp.
0001213900-21-035783,0001213900-21-035783,defm14a_ondas.htm,DEFM14A,2021-07-06,0001646188,Ondas Holdings Inc.,3663,Radio & Tv Broadcasting & Communications Equipment,ONDS,Ondas Inc.
0001047469-21-001235,0001047469-21-001235,a2243304zdefm14a.htm,DEFM14A,2021-07-07,0001816816,Gores Holdings V Inc.,6770,Blank Checks,,Ardagh MP USA Inc.
0001140361-21-023608,0001140361-21-023608,nt10025002x2_defm14a.htm,DEFM14A,2021-07-07,0001614184,Cadence Bancorporation,6021,National Commercial Banks,,Cadence Bancorporation
0001193125-21-209951,0001193125-21-209951,d107427ddefm14a.htm,DEFM14A,2021-07-07,0000054480,KANSAS CITY SOUTHERN,4011,"Railroads, Line-Haul Operating",,KANSAS CITY SOUTHERN
0001193125-21-209951,0001193125-21-318604,d877235ddefm14a.htm,DEFM14A,2021-11-03,0000054480,KANSAS CITY SOUTHERN,4011,"Railroads, Line-Haul Operating",,KANSAS CITY SOUTHERN
0001104659-21-090314,0001104659-21-090314,tm2115974-4_defm14a.htm,DEFM14A,2021-07-08,0001824403,Roth CH Acquisition II Co,7900,Services-Amusement & Recreation Services,RSVR,"Reservoir Media, Inc."
0001140361-21-023758,0001140361-21-023758,nt10023441x6_defm14a.htm,DEFM14A,2021-07-08,0001070154,STERLING BANCORP,6021,National Commercial Banks,,STERLING BANCORP
0001193125-21-210402,0001193125-21-210402,d187261ddefm14a.htm,DEFM14A,2021-07-08,0001422142,"Aerpio Pharmaceuticals, Inc.",2834,Pharmaceutical Preparations,WHWK,"Whitehawk Therapeutics, Inc."
0001104659-21-091461,0001104659-21-091461,tm2121262d2_defm14a.htm,DEFM14A,2021-07-13,0001003201,"MMA Capital Holdings, Inc.",6500,Real Estate,,"MMA Capital Holdings, LLC"
0001193125-21-213269,0001193125-21-213269,d138364ddefm14a.htm,DEFM14A,2021-07-13,0001760439,HARVEST HEALTH & RECREATION INC.,0100,Agricultural Production-Crops,,HARVEST HEALTH & RECREATION INC.
0001193125-21-214153,0001193125-21-214153,d191917ddefm14a.htm,DEFM14A,2021-07-13,0001073429,"U.S. CONCRETE, INC.",3272,"Concrete Products, Except Block & Brick",,"U.S. CONCRETE, INC."
0001437749-21-016853,0001437749-21-016853,bwl-a20210706_defm14a.htm,DEFM14A,2021-07-13,0000013573,BOWL AMERICA INC,7900,Services-Amusement & Recreation Services,,BOWL AMERICA INC
0001193125-21-215350,0001193125-21-215350,d100328ddefm14a.htm,DEFM14A,2021-07-14,0001318084,"Core-Mark Holding Company, Inc.",5141,"Wholesale-Groceries, General Line",,"Core-Mark Holding Company, LLC"
0001193125-21-216484,0001193125-21-216484,d40894ddefm14a.htm,DEFM14A,2021-07-15,0001824893,Consonance-HFW Acquisition Corp.,2836,"Biological Products, (No Diagnostic Substances)",SRZN,"Surrozen, Inc./DE"
0001193125-21-216507,0001193125-21-216507,d189319ddefm14a.htm,DEFM14A,2021-07-15,0001821317,PERIDOT ACQUISITION CORP.,6770,Blank Checks,,PERIDOT ACQUISITION CORP.
0001193125-21-217420,0001193125-21-217420,d168152ddefm14a.htm,DEFM14A,2021-07-16,0001794905,STARBOARD VALUE ACQUISITION CORP.,7370,"Services-Computer Programming, Data Processing, Etc.",,"Cyxtera Technologies, Inc."
0001193125-21-218669,0001193125-21-218669,d132998ddefm14a.htm,DEFM14A,2021-07-19,0001535379,"Cloudera, Inc.",7372,Services-Prepackaged Software,,"Cloudera, Inc."
0001193125-21-219731,0001193125-21-219731,d123664ddefm14a.htm,DEFM14A,2021-07-20,0000007332,SOUTHWESTERN ENERGY CO,1311,Crude Petroleum & Natural Gas,,SOUTHWESTERN ENERGY CO
0001104659-21-094232,0001104659-21-094232,tm2120813-2_defm14a.htm,DEFM14A,2021-07-21,0001577368,"QTS Realty Trust, Inc.",6798,Real Estate Investment Trusts,,"QTS Realty Trust, Inc."
0001104659-21-094235,0001104659-21-094235,tm2115389-13_defm14a.htm,DEFM14A,2021-07-21,0001439288,Rexnord Corp,3560,General Industrial Machinery & Equipment,ZWS,Zurn Elkay Water Solutions Corp
0001193125-21-220595,0001193125-21-220595,d178004ddefm14a.htm,DEFM14A,2021-07-21,0001636286,Altabancorp,6022,State Commercial Banks,,Altabancorp
0001193125-21-220657,0001193125-21-220657,d12389ddefm14a.htm,DEFM14A,2021-07-21,0001816048,Software Acquisition Group Inc. II,6770,Blank Checks,,Otonomo Merger US Inc.
0001561743-21-000060,0001561743-21-000060,k9-knightdefinitiveproxyst.htm,DEFM14A,2021-07-21,0001561743,"Kindred Biosciences, Inc.",2834,Pharmaceutical Preparations,,"Kindred Biosciences, Inc."
0001140361-21-025517,0001140361-21-025517,nt10026422x6_defm14a.htm,DEFM14A,2021-07-23,0000067625,MONMOUTH REAL ESTATE INVESTMENT CORP,6798,Real Estate Investment Trusts,,MONMOUTH REAL ESTATE INVESTMENT CORP
0001140361-21-025517,0001140361-21-042620,ny20001517x2_defm14a.htm,DEFM14A,2021-12-21,0000067625,MONMOUTH REAL ESTATE INVESTMENT CORP,6798,Real Estate Investment Trusts,,MONMOUTH REAL ESTATE INVESTMENT CORP
0001193125-21-223139,0001193125-21-223139,d354974ddefm14a.htm,DEFM14A,2021-07-23,0000035214,FERRO CORP,2851,"Paints, Varnishes, Lacquers, Enamels & Allied Prods",,FERRO CORP
0001079973-21-000655,0001079973-21-000655,grnv_def14a.htm,DEFM14A,2021-07-26,0001788841,GreenVision Acquisition Corp.,7389,"Services-Business Services, NEC",,micromobility.com Inc.
0001104659-21-095934,0001104659-21-095934,tm2123139-1_defm14a.htm,DEFM14A,2021-07-26,0001708405,Tremont Mortgage Trust,6798,Real Estate Investment Trusts,,Tremont Mortgage Trust
0001193125-21-223651,0001193125-21-223651,d140710ddefm14a.htm,DEFM14A,2021-07-26,0001010612,SYKES ENTERPRISES INC,7373,Services-Computer Integrated Systems Design,,SYKES ENTERPRISES INC
0001213900-21-038617,0001213900-21-038617,defm14a0721_ajax1.htm,DEFM14A,2021-07-26,0001824963,Ajax I,6770,Blank Checks,,Ajax I
0001140361-21-025804,0001140361-21-025804,nt10025327x23_defm14a.htm,DEFM14A,2021-07-27,0000702325,FIRST MIDWEST BANCORP INC,6021,National Commercial Banks,,FIRST MIDWEST BANCORP INC
0001437749-21-017582,0001437749-21-017582,nete20210726_defm14a.htm,DEFM14A,2021-07-27,0001499961,"Net Element, Inc.",3711,Motor Vehicles & Passenger Car Bodies,BINI,"BOLLINGER INNOVATIONS, INC."
0001104659-21-096862,0001104659-21-096862,tm2120903-6_defm14a.htm,DEFM14A,2021-07-28,0001263762,"SELECT BANCORP, INC.",6022,State Commercial Banks,,"SELECT BANCORP, INC."
0001193125-21-227419,0001193125-21-227419,d102215ddefm14a.htm,DEFM14A,2021-07-28,0001820143,RMG Acquisition Corp. II,6770,Blank Checks,,RMG Acquisition Corp. II
0001193125-21-229343,0001193125-21-229343,d182848ddefm14a.htm,DEFM14A,2021-07-29,0001634432,Strongbridge Biopharma plc,2834,Pharmaceutical Preparations,,Strongbridge Biopharma plc
0001193125-21-229354,0001193125-21-229354,d182848ddefm14a.htm,DEFM14A,2021-07-29,0001346302,XERIS PHARMACEUTICALS INC,2834,Pharmaceutical Preparations,,XERIS PHARMACEUTICALS INC
0001104659-21-098124,0001104659-21-098124,tm2121595-4_defm14a.htm,DEFM14A,2021-07-30,0001506439,"SharpSpring, Inc.",7372,Services-Prepackaged Software,,"SharpSpring, Inc."
0001104659-21-098239,0001104659-21-098239,tm217797-12_defm14a.htm,DEFM14A,2021-07-30,0001814824,Kismet Acquisition One Corp,6770,Blank Checks,,Kismet Acquisition One Corp
0001193125-21-230372,0001193125-21-230372,d183604ddefm14a.htm,DEFM14A,2021-07-30,0001566912,"Griffin-American Healthcare REIT III, Inc.",6798,Real Estate Investment Trusts,,"Griffin-American Healthcare REIT III, Inc."
0001193125-21-231629,0001193125-21-231629,d161477ddefm14a.htm,DEFM14A,2021-07-30,0001820727,Mudrick Capital Acquisition Corp. II,5900,Retail-Miscellaneous Retail,,Mudrick Capital Acquisition Corp. II
0001213900-21-039866,0001213900-21-039866,defm14a0721_livcapitalacq.htm,DEFM14A,2021-08-02,0001790625,LIV Capital Acquisition Corp.,8742,Services-Management Consulting Services,,"AgileThought, Inc."
0001140361-21-026767,0001140361-21-026767,nt10026472x2_defm14a.htm,DEFM14A,2021-08-04,0001388430,"CAI International, Inc.",7359,"Services-Equipment Rental & Leasing, NEC",,"CAI International, Inc."
0001193125-21-236673,0001193125-21-236673,d174118ddefm14a.htm,DEFM14A,2021-08-05,0001799850,Chardan Healthcare Acquisition 2 Corp.,2836,"Biological Products, (No Diagnostic Substances)",,"Renovacor, Inc."
0000950103-21-012056,0000950103-21-012056,dp155925_defm14a.htm,DEFM14A,2021-08-06,0000082166,RAVEN INDUSTRIES INC,3081,Unsupported Plastics Film & Sheet,,RAVEN INDUSTRIES INC
0001564590-21-042201,0001564590-21-042201,rot-defm14a_20210802.htm,DEFM14A,2021-08-06,0001826681,Rotor Acquisition Corp.,7372,Services-Prepackaged Software,"PDYN,PDYNW",Palladyne AI Corp.
0001104659-21-102941,0001104659-21-102941,tm2122466-2_defm14a.htm,DEFM14A,2021-08-10,0000060977,LYDALL INC /DE/,3714,Motor Vehicle Parts & Accessories,,LYDALL INC /DE/
0001140361-21-027791,0001140361-21-027791,nc10024379x12_defm14a.htm,DEFM14A,2021-08-10,0001045309,W R GRACE & CO,2800,Chemicals & Allied Products,,W R GRACE & CO
0001193125-21-241850,0001193125-21-241850,d166032ddefm14a.htm,DEFM14A,2021-08-10,0001104855,"Support.com, Inc.",7374,Services-Computer Processing & Data Preparation,,"Support.com, Inc."
0001193125-21-242026,0001193125-21-242026,d65062ddefm14a.htm,DEFM14A,2021-08-10,0001819263,Montes Archimedes Acquisition Corp,6770,Blank Checks,,Montes Archimedes Acquisition Corp
0001104659-21-103098,0001104659-21-103098,tm2111158-50_defm14a.htm,DEFM14A,2021-08-11,0001821171,Qell Acquisition Corp,6770,Blank Checks,,Qell Acquisition Corp
0001104659-21-103509,0001104659-21-103509,tm2120935-9_defm14a.htm,DEFM14A,2021-08-11,0001610114,New Senior Investment Group Inc.,6798,Real Estate Investment Trusts,,New Senior Investment Group Inc.
0001193125-21-244679,0001193125-21-244679,d109868ddefm14a.htm,DEFM14A,2021-08-12,0001825024,"Supernova Partners Acquisition Company, Inc.",6531,Real Estate Agents & Managers (For Others),OPAD,Offerpad Solutions Inc.
0001193125-21-244875,0001193125-21-244875,d166461ddefm14a.htm,DEFM14A,2021-08-12,0001824577,Cerberus Telecom Acquisition Corp.,6770,Blank Checks,,"KING LLC MERGER SUB, LLC"
0001213900-21-042041,0001213900-21-042041,defm14a0821_riceacqcorp.htm,DEFM14A,2021-08-12,0001823766,Rice Acquisition Corp.,4932,Gas & Other Services Combined,,Archaea Energy Inc.
0001193125-21-249205,0001193125-21-249205,d190993ddefm14a.htm,DEFM14A,2021-08-17,0000702513,Bank of Commerce Holdings,6022,State Commercial Banks,,Bank of Commerce Holdings
0001558370-21-011962,0001558370-21-011962,hlb-20210819xdefm14a.htm,DEFM14A,2021-08-19,0001286964,"Heron Lake BioEnergy, LLC",2860,Industrial Organic Chemicals,,"Heron Lake BioEnergy, LLC"
0001104659-21-108644,0001104659-21-108644,tm2117341-19_defm14a.htm,DEFM14A,2021-08-23,0001168054,CIMAREX ENERGY CO,1311,Crude Petroleum & Natural Gas,,CIMAREX ENERGY CO
0001140361-21-029148,0001140361-21-029148,ny20000192x2_defm14a.htm,DEFM14A,2021-08-23,0001617227,"J. Alexander's Holdings, Inc.",5812,Retail-Eating  Places,,"J. Alexander's Holdings, Inc."
0001193125-21-254262,0001193125-21-254262,d39026ddefm14a.htm,DEFM14A,2021-08-24,0000070415,GP STRATEGIES CORP,8200,Services-Educational Services,,GP STRATEGIES CORP
0001193125-21-257727,0001193125-21-257727,d139962ddefm14a.htm,DEFM14A,2021-08-26,0001288847,"Five9, Inc.",7374,Services-Computer Processing & Data Preparation,FIVN,"Five9, Inc."
0001213900-21-045059,0001213900-21-045059,defm14a0821_unionacq2.htm,DEFM14A,2021-08-26,0001766146,Union Acquisition Corp. II,6770,Blank Checks,,Union Acquisition Corp. II
0001104659-21-110554,0001104659-21-110554,tm2125957-1_defm14a.htm,DEFM14A,2021-08-27,0001470205,"County Bancorp, Inc.",6022,State Commercial Banks,,"County Bancorp, Inc."
0001140361-21-029505,0001140361-21-029505,ny20000069x2_defm14a.htm,DEFM14A,2021-08-27,0000874977,State Auto Financial CORP,6331,"Fire, Marine & Casualty Insurance",,State Auto Financial CORP
0001193125-21-259296,0001193125-21-259296,d139937ddefm14a.htm,DEFM14A,2021-08-27,0000320575,PIONEER ENERGY SERVICES CORP,1381,Drilling Oil & Gas Wells,,PIONEER ENERGY SERVICES LLC
0001140361-21-029754,0001140361-21-029754,ny20000063x4_defm14a.htm,DEFM14A,2021-08-30,0001082923,STAMPS.COM INC,7389,"Services-Business Services, NEC",,STAMPS.COM INC
0001193125-21-264532,0001193125-21-264532,d191031ddefm14a.htm,DEFM14A,2021-09-02,0000225648,COVANTA HOLDING CORP,4991,Cogeneration Services & Small Power Producers,,COVANTA HOLDING CORP
0001193125-21-265531,0001193125-21-265531,d220768ddefm14a.htm,DEFM14A,2021-09-03,0001832352,CA Healthcare Acquisition Corp.,6770,Blank Checks,,CA Healthcare Acquisition Corp.
0001140361-21-030520,0001140361-21-030520,ny20000616x1_defm14a.htm,DEFM14A,2021-09-07,0001661920,Lonestar Resources US Inc.,1311,Crude Petroleum & Natural Gas,,Lonestar Resources US Inc.
0001140361-21-030555,0001140361-21-030555,ny20000262x7_defm14a.htm,DEFM14A,2021-09-07,0001271214,"Intersect ENT, Inc.",3841,Surgical & Medical Instruments & Apparatus,,"Intersect ENT, Inc."
0001140361-21-030569,0001140361-21-030569,ny20000427x4_defm14a.htm,DEFM14A,2021-09-07,0000766701,CAPSTEAD MORTGAGE CORP,6798,Real Estate Investment Trusts,,CAPSTEAD MORTGAGE CORP
0001580695-21-000260,0001580695-21-000260,vtnr-defm14a_092821.htm,DEFM14A,2021-09-08,0000890447,Vertex Energy Inc.,2911,Petroleum Refining,,Vertex Energy Inc.
0001104659-21-113961,0001104659-21-113961,tm2122038-6_defm14a.htm,DEFM14A,2021-09-09,0001036188,QAD INC,7372,Services-Prepackaged Software,,QAD INC
0001140361-21-030719,0001140361-21-030719,ny20000085x12_defm14a.htm,DEFM14A,2021-09-09,0001733186,"Veoneer, Inc.",3714,Motor Vehicle Parts & Accessories,,"Arriver Holdco, Inc."
0001140361-21-030719,0001140361-21-037900,ny20000913x7_defm14a.htm,DEFM14A,2021-11-15,0001733186,"Veoneer, Inc.",3714,Motor Vehicle Parts & Accessories,,"Arriver Holdco, Inc."
0001140361-21-030923,0001140361-21-030923,ny20000316x2_defm14a.htm,DEFM14A,2021-09-10,0001401680,Cornerstone OnDemand Inc,7372,Services-Prepackaged Software,,Cornerstone OnDemand Inc
0001193125-21-270957,0001193125-21-270957,d215336ddefm14a.htm,DEFM14A,2021-09-13,0000812128,SANDERSON FARMS INC,2015,Poultry Slaughtering and Processing,,SANDERSON FARMS INC
0001104659-21-115331,0001104659-21-115331,tm2125523-7_defm14a.htm,DEFM14A,2021-09-14,0001222840,"RETAIL PROPERTIES OF AMERICA, INC.",6798,Real Estate Investment Trusts,,"RETAIL PROPERTIES OF AMERICA, INC."
0001140361-21-031243,0001140361-21-031243,ny20000194x7_defm14a.htm,DEFM14A,2021-09-14,0001540184,"Medallia, Inc.",7370,"Services-Computer Programming, Data Processing, Etc.",,"Medallia, Inc."
0001140361-21-031304,0001140361-21-031304,ny20000588x2_defm14a.htm,DEFM14A,2021-09-15,0001723866,"Select Interior Concepts, Inc.",1520,General Bldg Contractors - Residential Bldgs,,"Select Interior Concepts, Inc."
0001104659-21-116356,0001104659-21-116356,tm2125428-7_defm14a.htm,DEFM14A,2021-09-16,0000868271,SEVERN BANCORP INC,6021,National Commercial Banks,,SEVERN BANCORP INC
0001193125-21-276178,0001193125-21-276178,d108105ddefm14a.htm,DEFM14A,2021-09-17,0001820302,VPC Impact Acquisition Holdings,6199,Finance Services,"BKKT,BKKT-WT","Bakkt, Inc."
0001213900-21-048450,0001213900-21-048450,defm14a_spartacusacq.htm,DEFM14A,2021-09-17,0001822553,Spartacus Acquisition Corp,6770,Blank Checks,,Spartacus Acquisition Corp
0001193125-21-277365,0001193125-21-277365,d155766ddefm14a.htm,DEFM14A,2021-09-20,0001841304,Kensington Capital Acquisition Corp. II,6770,Blank Checks,,Kensington Capital Acquisition Corp. II
0001193125-21-280148,0001193125-21-280148,d188238ddefm14a.htm,DEFM14A,2021-09-23,0000774569,CORTLAND BANCORP INC,6035,"Savings Institution, Federally Chartered",,CORTLAND BANCORP INC
0001193125-21-280498,0001193125-21-280498,d230642ddefm14a.htm,DEFM14A,2021-09-23,0001820272,Legato Merger Corp.,3312,"Steel Works, Blast Furnaces & Rolling Mills (Coke Ovens)",,Legato Merger Corp.
0001193125-21-281557,0001193125-21-281557,d198229ddefm14a.htm,DEFM14A,2021-09-24,0000880432,MISONIX INC,3821,Laboratory Apparatus & Furniture,,MISONIX INC
0001193125-21-282229,0001193125-21-282229,d447259ddefm14a.htm,DEFM14A,2021-09-24,0001817071,Horizon Acquisition Corp,6770,Blank Checks,,Horizon Acquisition Corp
0001104659-21-119525,0001104659-21-119525,tm2127203-2_defm14a.htm,DEFM14A,2021-09-27,0001616212,Trillium Therapeutics Inc.,2834,Pharmaceutical Preparations,,Trillium Therapeutics Inc.
0001193125-21-285595,0001193125-21-285595,d180915ddefm14a.htm,DEFM14A,2021-09-28,0001655020,"Extraction Oil & Gas, Inc.",1311,Crude Petroleum & Natural Gas,,"Extraction Oil & Gas, Inc."
0001104659-21-120817,0001104659-21-120817,tm2120937-9_defm14.htm,DEFM14A,2021-09-29,0001820201,Seaport Global Acquisition Corp,7841,Services-Video Tape Rental,,Redbox Entertainment Inc.
0001193125-21-286812,0001193125-21-286812,d183700ddefm14a.htm,DEFM14A,2021-09-29,0001585219,"Steadfast Apartment REIT, Inc.",6798,Real Estate Investment Trusts,,"Steadfast Apartment REIT, Inc."
0001193125-21-288124,0001193125-21-288124,d139720ddefm14a.htm,DEFM14A,2021-09-30,0001836967,ALKURI GLOBAL ACQUISITION CORP.,8000,Services-Health Services,,ALKURI GLOBAL ACQUISITION CORP.
0001104659-21-121980,0001104659-21-121980,tm2128855-1_defm14a.htm,DEFM14A,2021-10-01,0001693853,VINE ENERGY INC.,1311,Crude Petroleum & Natural Gas,,VINE ENERGY INC.
0001104659-21-122507,0001104659-21-122507,tm2127685-2_defm14a.htm,DEFM14A,2021-10-04,0000849399,NortonLifeLock Inc.,7372,Services-Prepackaged Software,"GEN,GENVR",Gen Digital Inc.
0001140361-21-033457,0001140361-21-033457,ny20000668x2_defm14a.htm,DEFM14A,2021-10-04,0001557142,"Kadmon Holdings, Inc.",2834,Pharmaceutical Preparations,,"Kadmon Holdings, Inc."
0001013762-21-000185,0001013762-21-000185,defm14a1021_greenrose.htm,DEFM14A,2021-10-05,0001790665,Greenrose Acquisition Corp.,5990,"Retail-Retail Stores, NEC",,Greenrose Holding Co Inc.
0001104659-21-122852,0001104659-21-122852,tm2128376-2_defm14a.htm,DEFM14A,2021-10-05,0000720154,"Inotiv, Inc.",8731,Services-Commercial Physical & Biological Research,,"Inotiv, Inc."
0001140361-21-033691,0001140361-21-033691,ny20000535x2_defm14a.htm,DEFM14A,2021-10-05,0001512673,"Square, Inc.",7372,Services-Prepackaged Software,"XYZ,BSQKZ","Block, Inc."
0001193125-21-291812,0001193125-21-291812,d207459ddefm14a.htm,DEFM14A,2021-10-05,0001390162,Howard Bancorp Inc,6022,State Commercial Banks,,Howard Bancorp Inc
0001193125-21-292886,0001193125-21-292886,d218199ddefm14a.htm,DEFM14A,2021-10-06,0001323648,Community Bankers Trust Corp,6022,State Commercial Banks,,Community Bankers Trust Corp
0001193125-21-293150,0001193125-21-293150,d145826ddefm14a.htm,DEFM14A,2021-10-06,0001590799,Riverview Financial Corp,6021,National Commercial Banks,,Riverview Financial Corp
0001193125-21-294203,0001193125-21-294203,d236885ddefm14a.htm,DEFM14A,2021-10-07,0001594012,"Investors Bancorp, Inc.",6022,State Commercial Banks,,"Investors Bancorp, Inc."
0001193125-21-294326,0001193125-21-294326,d431538ddefm14a.htm,DEFM14A,2021-10-07,0001829730,Switchback II Corp,6770,Blank Checks,,Switchback II Corp
0001493152-21-024925,0001493152-21-024925,defm14a.htm,DEFM14A,2021-10-07,0001571398,"Sunnyside Bancorp, Inc.",6035,"Savings Institution, Federally Chartered",,VECTA INC.
0001104659-21-124623,0001104659-21-124623,tm2127069-7_defm14a.htm,DEFM14A,2021-10-08,0001561627,ExOne Co,3555,Printing Trades Machinery & Equipment,,ExOne Co
0001193125-21-298671,0001193125-21-298671,d212438ddefm14a.htm,DEFM14A,2021-10-14,0000862022,HUGOTON ROYALTY TRUST,6792,Oil Royalty Traders,HGTXU,HUGOTON ROYALTY TRUST
0001193125-21-299600,0001193125-21-299600,d188195ddefm14a.htm,DEFM14A,2021-10-15,0001619954,"Inovalon Holdings, Inc.",7374,Services-Computer Processing & Data Preparation,,"Inovalon Holdings, Inc."
0001437749-21-023756,0001437749-21-023756,jmpllc20211014_defm14a.htm,DEFM14A,2021-10-15,0001302350,JMP GROUP LLC,6211,"Security Brokers, Dealers & Flotation Companies",,JMP GROUP LLC
0001140361-21-034685,0001140361-21-034685,ny20000721x4_defm14a.htm,DEFM14A,2021-10-18,0000929545,"CONDOR HOSPITALITY TRUST, INC.",6798,Real Estate Investment Trusts,,"CONDOR HOSPITALITY TRUST, INC."
0001193125-21-301145,0001193125-21-301145,d228931ddefm14a.htm,DEFM14A,2021-10-18,0000890394,"MoSys, Inc.",3674,Semiconductors & Related Devices,PRSO,Peraso Inc.
0001140361-21-035000,0001140361-21-035000,ny20000619x12_defm14a.htm,DEFM14A,2021-10-20,0000047518,"Hill-Rom Holdings, Inc.",3841,Surgical & Medical Instruments & Apparatus,,"Hill-Rom Holdings, Inc."
0001157523-21-001223,0001157523-21-001223,a52500393.htm,DEFM14A,2021-10-20,0000919956,"Diversicare Healthcare Services, Inc.",8051,Services-Skilled Nursing Care Facilities,,"Diversicare Healthcare Services, Inc."
0001193125-21-302294,0001193125-21-302294,d13313ddefm14a.htm,DEFM14A,2021-10-20,0001141807,1ST CONSTITUTION BANCORP,6035,"Savings Institution, Federally Chartered",,1ST CONSTITUTION BANCORP
0001104659-21-128451,0001104659-21-128451,tm2129121-2_defm14a.htm,DEFM14A,2021-10-21,0001426945,"Echo Global Logistics, Inc.",4731,Arrangement of  Transportation of  Freight & Cargo,,"Echo Global Logistics, Inc."
0001493152-21-025974,0001493152-21-025974,defm14a.htm,DEFM14A,2021-10-21,0001100397,"Advaxis, Inc.",2834,Pharmaceutical Preparations,,"Ayala Pharmaceuticals, Inc."
0001104659-21-129013,0001104659-21-129013,tm2121431-23_def14a.htm,DEFM14A,2021-10-22,0001822888,Virtuoso Acquisition Corp.,6770,Blank Checks,,Virtuoso Acquisition Corp.
0001104659-21-129099,0001104659-21-129099,tm2128683-7_defm14a.htm,DEFM14A,2021-10-25,0001606440,"Reliant Bancorp, Inc.",6022,State Commercial Banks,,"Reliant Bancorp, Inc."
0001437749-21-024243,0001437749-21-024243,dspg20211021_defm14a.htm,DEFM14A,2021-10-25,0000915778,DSP GROUP INC /DE/,3674,Semiconductors & Related Devices,,DSP GROUP INC /DE/
0001140361-21-035506,0001140361-21-035506,ny20000837x2_defm14a.htm,DEFM14A,2021-10-26,0001252849,"COLUMBIA PROPERTY TRUST, INC.",6798,Real Estate Investment Trusts,,"COLUMBIA PROPERTY TRUST, INC."
0001193125-21-306901,0001193125-21-306901,d342657ddefm14a.htm,DEFM14A,2021-10-26,0001615346,Landmark Infrastructure Partners LP,6519,"Lessors of  Real Property, NEC",,Landmark Infrastructure Partners LP
0001829126-21-012759,0001829126-21-012759,dd3acquisition2_defm14a.htm,DEFM14A,2021-10-27,0001828957,DD3 Acquisition Corp. II,6770,Blank Checks,,Codere Online U.S. Corp.
0001193125-21-310439,0001193125-21-310439,d207774ddefm14a.htm,DEFM14A,2021-10-28,0001832511,Foresight Acquisition Corp.,8000,Services-Health Services,"PIII,PIIIW",P3 Health Partners Inc.
0001193125-21-313179,0001193125-21-313179,d232288ddefm14a.htm,DEFM14A,2021-10-29,0000048039,HollyFrontier Corp,2911,Petroleum Refining,,HollyFrontier Corp
0001193125-21-318628,0001193125-21-318628,d202225ddefm14a.htm,DEFM14A,2021-11-03,0001071993,CONTANGO OIL & GAS CO,1311,Crude Petroleum & Natural Gas,,CONTANGO OIL & GAS CO
0001140361-21-036588,0001140361-21-036588,ny20000911x1_defm14a.htm,DEFM14A,2021-11-04,0001171662,TRIPLE-S MANAGEMENT CORP,6321,Accident & Health Insurance,,TRIPLE-S MANAGEMENT CORP
0001193125-21-320389,0001193125-21-320389,d210874ddefm14a.htm,DEFM14A,2021-11-04,0001321646,Kraton Corp,2821,"Plastic Materials, Synth Resins & Nonvulcan Elastomers",,Kraton Corp
0001193125-21-320406,0001193125-21-320406,d253376ddefm14a.htm,DEFM14A,2021-11-04,0001498542,"CIM INCOME NAV, INC.",6798,Real Estate Investment Trusts,,"CIM INCOME NAV, INC."
0001193125-21-320881,0001193125-21-320881,d168064ddefm14a.htm,DEFM14A,2021-11-05,0001411494,"Apollo Global Management, Inc.",6282,Investment Advice,,"Apollo Asset Management, Inc."
0001193125-21-320887,0001193125-21-320887,d168064ddefm14a.htm,DEFM14A,2021-11-05,0001527469,Athene Holding Ltd,6311,Life Insurance,"ATH-PA,ATH-PB,ATH-PD,ATH-PE,ATHS",Athene Holding Ltd.
0001193125-21-321721,0001193125-21-321721,d181663ddefm14a.htm,DEFM14A,2021-11-05,0001836981,"GigCapital4, Inc.",7372,Services-Prepackaged Software,"BBAI,BBAI-WT","BigBear.ai Holdings, Inc."
0001193125-21-323133,0001193125-21-323133,d379619ddefm14a.htm,DEFM14A,2021-11-08,0000065011,MEREDITH CORP,2721,Periodicals: Publishing or  Publishing & Printing,,"Hawkeye Acquisition, Inc."
0001193125-21-324583,0001193125-21-324583,d234327ddefm14a.htm,DEFM14A,2021-11-09,0001712923,"GreenSky, Inc.",7389,"Services-Business Services, NEC",,"GreenSky, Inc."
0001104659-21-136900,0001104659-21-136900,tm2125751-6_defm14a.htm,DEFM14A,2021-11-10,0001840776,Aldel Financial Inc.,6411,"Insurance Agents, Brokers & Service",HGTY,"Hagerty, Inc."
0001104659-21-137047,0001104659-21-137047,tm2124386-14_defm14a.htm,DEFM14A,2021-11-10,0001840927,TPG Pace Solutions Corp.,6770,Blank Checks,,TPG Pace Solutions Corp.
0001193125-21-328178,0001193125-21-328178,d178511ddefm14a.htm,DEFM14A,2021-11-12,0001828049,CF Acquisition Corp. V,6770,Blank Checks,,CF Acquisition Corp. V
0001193125-21-335058,0001193125-21-335058,d223680ddefm14a.htm,DEFM14A,2021-11-19,0001823340,Altimeter Growth Corp.,6770,Blank Checks,,Altimeter Growth Corp.
0001104659-21-143663,0001104659-21-143663,tm2122353-21_defm14a.htm,DEFM14A,2021-11-24,0001815737,FAST Acquisition Corp.,6770,Blank Checks,,FAST Acquisition Corp.
0001104659-21-144022,0001104659-21-144022,tm2129337-4_defm14a.htm,DEFM14A,2021-11-26,0001507964,Corvus Gold Inc.,1040,Gold and Silver Ores,,Corvus Gold ULC
0001193125-21-340587,0001193125-21-340587,d168532ddefm14a.htm,DEFM14A,2021-11-26,0001815302,Yucaipa Acquisition Corp,6770,Blank Checks,,Yucaipa Acquisition Corp
0001104659-21-144642,0001104659-21-144642,tm2115675-16_defm14a.htm,DEFM14A,2021-11-30,0001823144,Roman DBDR Tech Acquisition Corp.,6199,Finance Services,GPGI,"GPGI, Inc."
0001104659-21-145013,0001104659-21-145013,tm2131036-10_defm14a.htm,DEFM14A,2021-11-30,0001052054,EVOLVING SYSTEMS INC,7371,Services-Computer Programming Services,,"Symbolic Logic, Inc."
0001193125-21-346754,0001193125-21-346754,d183170ddefm14a.htm,DEFM14A,2021-12-02,0000926282,ADTRAN INC,3661,Telephone & Telegraph Apparatus,ADTN,"ADTRAN Holdings, Inc."
0001193125-21-347930,0001193125-21-347930,d49779ddefm14a.htm,DEFM14A,2021-12-03,0001077771,UMPQUA HOLDINGS CORP,6035,"Savings Institution, Federally Chartered",,UMPQUA HOLDINGS CORP
0001193125-21-347974,0001193125-21-347974,d229599ddefm14a.htm,DEFM14A,2021-12-03,0000714310,VALLEY NATIONAL BANCORP,6021,National Commercial Banks,"VLY,VLYPP,VLYPO,VLYPN",VALLEY NATIONAL BANCORP
0001140361-21-041547,0001140361-21-041547,ny20001499x2_defm14a.htm,DEFM14A,2021-12-14,0001598674,Casper Sleep Inc.,2510,Household Furniture,,Casper Sleep Inc.
0001140361-21-042024,0001140361-21-042024,ny20001342x2_defm14a.htm,DEFM14A,2021-12-16,0000084748,ROGERS CORP,2821,"Plastic Materials, Synth Resins & Nonvulcan Elastomers",ROG,ROGERS CORP
0001140361-21-042098,0001140361-21-042098,ny20001148x4_defm14a.htm,DEFM14A,2021-12-16,0001613665,"Great Western Bancorp, Inc.",6022,State Commercial Banks,,"Great Western Bancorp, Inc."
0001213900-21-066110,0001213900-21-066110,defm14a_vistasmediaacq.htm,DEFM14A,2021-12-20,0001810491,Vistas Media Acquisition Co Inc.,4832,Radio Broadcasting Stations,,"Anghami (DE), Inc."
0001193125-21-362975,0001193125-21-362975,d236510ddefm14a.htm,DEFM14A,2021-12-21,0001836154,Decarbonization Plus Acquisition Corp II,6770,Blank Checks,,Decarbonization Plus Acquisition Corp II
0001193125-21-366285,0001193125-21-366285,d229232ddefm14a.htm,DEFM14A,2021-12-23,0001227025,NEOPHOTONICS CORP,3674,Semiconductors & Related Devices,,NEOPHOTONICS CORP
0001104659-21-154306,0001104659-21-154306,tm2136500-1_defm14a.htm,DEFM14A,2021-12-29,0001819035,"Metromile, Inc.",6331,"Fire, Marine & Casualty Insurance",,"Metromile, LLC"
0001104659-21-154474,0001104659-21-154474,tm2134342-2_defm14a.htm,DEFM14A,2021-12-30,0001553023,CyrusOne Inc.,6798,Real Estate Investment Trusts,,CyrusOne Holdco LLC
0001193125-21-370683,0001193125-21-370683,d213316ddefm14a.htm,DEFM14A,2021-12-30,0001652133,Oasis Midstream Partners LP,1381,Drilling Oil & Gas Wells,,Oasis Midstream Partners LP
0001140361-22-000190,0001140361-22-000190,ny20001688x2_defm14a.htm,DEFM14A,2022-01-03,0001080709,ARENA PHARMACEUTICALS INC,2834,Pharmaceutical Preparations,,ARENA PHARMACEUTICALS INC
0001193125-22-000232,0001193125-22-000232,d172159ddefm14a.htm,DEFM14A,2022-01-03,0001839341,Power & Digital Infrastructure Acquisition Corp.,6199,Finance Services,"CORZ,CORZR,CORZW,CORZZ","Core Scientific, Inc./tx"
0001193125-22-001754,0001193125-22-001754,d170185ddefm14a.htm,DEFM14A,2022-01-04,0001783317,McAfee Corp.,7372,Services-Prepackaged Software,,McAfee Corp.
0001140361-22-000842,0001140361-22-000842,ny20001335x3_defm14a.htm,DEFM14A,2022-01-06,0000701869,INDEPENDENCE HOLDING CO,6311,Life Insurance,,INDEPENDENCE HOLDING CO
0001140361-22-000856,0001140361-22-000856,ny20000730x2_defm14a.htm,DEFM14A,2022-01-06,0001580490,I-ON Digital Corp.,6199,Finance Services,IONI,I-ON Digital Corp.
0001193125-22-004106,0001193125-22-004106,d259799ddefm14a.htm,DEFM14A,2022-01-07,0001739936,MOMENTIVE GLOBAL INC.,7370,"Services-Computer Programming, Data Processing, Etc.",,MOMENTIVE GLOBAL INC.
0001193125-22-004492,0001193125-22-004492,d234831ddefm14a.htm,DEFM14A,2022-01-07,0001839175,M3-Brigade Acquisition II Corp.,4899,"Communications Services, NEC",,M3-Brigade Acquisition II Corp.
0001437749-22-000608,0001437749-22-000608,ysac20220102_defm14a.htm,DEFM14A,2022-01-07,0001823587,Yellowstone Acquisition Co,6500,Real Estate,"SKYH,SKYH-WT",Sky Harbour Group Corp
0001193125-22-004990,0001193125-22-004990,d256992ddefm14a.htm,DEFM14A,2022-01-10,0001272830,VONAGE HOLDINGS CORP,4813,Telephone Communications (No Radiotelephone),,VONAGE HOLDINGS CORP
0001193125-22-006749,0001193125-22-006749,d161032ddefm14a.htm,DEFM14A,2022-01-11,0001720821,PAE Inc,8700,"Services-Engineering, Accounting, Research, Management",,PAE Inc
0001193125-22-007592,0001193125-22-007592,d234105ddefm14a.htm,DEFM14A,2022-01-12,0001692787,Altus Midstream Co,4922,Natural Gas Transmission,KNTK,Kinetik Holdings Inc.
0001104659-22-003812,0001104659-22-003812,tm2131392-25_defm14a.htm,DEFM14A,2022-01-13,0001836707,SILVERBOX ENGAGED MERGER CORP I,6770,Blank Checks,,SBEA Merger Sub LLC
0001193125-22-008312,0001193125-22-008312,d218743ddefm14a.htm,DEFM14A,2022-01-13,0001820852,Sports Entertainment Acquisition Corp.,6770,Blank Checks,,Sports Entertainment Acquisition Corp.
0001193125-22-009291,0001193125-22-009291,d197770ddefm14a.htm,DEFM14A,2022-01-14,0001412707,Level One Bancorp Inc,6022,State Commercial Banks,,Level One Bancorp Inc
0001193125-22-010050,0001193125-22-010050,d279397ddefm14a.htm,DEFM14A,2022-01-14,0001707178,CorePoint Lodging Inc.,6798,Real Estate Investment Trusts,,CorePoint Lodging Inc.
0001193125-22-011339,0001193125-22-011339,d296520ddefm14a.htm,DEFM14A,2022-01-18,0000832090,PARTNERS BANCORP,6022,State Commercial Banks,,PARTNERS BANCORP
0001552781-22-000084,0001552781-22-000084,e22022_stxb-defm14a.htm,DEFM14A,2022-01-20,0001499453,"Spirit of Texas Bancshares, Inc.",6022,State Commercial Banks,,"Spirit of Texas Bancshares, Inc."
0001193125-22-014627,0001193125-22-014627,d231562ddefm14a.htm,DEFM14A,2022-01-21,0000029669,RR Donnelley & Sons Co,2750,Commercial Printing,,RR Donnelley & Sons Co
0001104659-22-006944,0001104659-22-006944,tm2133094-4_defm14a.htm,DEFM14A,2022-01-24,0001529463,"FTS International, Inc.",1389,"Oil & Gas Field Services, NEC",,"FTS International, Inc."
0001104659-22-007008,0001104659-22-007008,tm2120684-13_defm14a.htm,DEFM14A,2022-01-24,0001839412,Roth CH Acquisition III Co,1623,"Water, Sewer, Pipeline, Comm & Power Line Construction",,QualTek Services Inc.
0001104659-22-007407,0001104659-22-007407,tm223980-1_424b3.htm,DEFM14A,2022-01-25,0001403853,"Nuverra Environmental Solutions, Inc.",1389,"Oil & Gas Field Services, NEC",,"Nuverra Environmental Solutions, Inc."
0001193125-22-017061,0001193125-22-017061,d272558ddefm14a.htm,DEFM14A,2022-01-25,0001380846,"TriState Capital Holdings, Inc.",6022,State Commercial Banks,,"TriState Capital Holdings, Inc."
0001140361-22-003104,0001140361-22-003104,ny20001665x19_defm14a.htm,DEFM14A,2022-01-28,0001102934,"CMC Materials, Inc.",3674,Semiconductors & Related Devices,,"CMC Materials, Inc."
0001140361-22-003105,0001140361-22-003105,ny20001854x2_defm14a.htm,DEFM14A,2022-01-28,0001585583,"Del Taco Restaurants, Inc.",5812,Retail-Eating  Places,,"Del Taco Restaurants, Inc."
0001213900-22-004115,0001213900-22-004115,defm14a_astreaacq.htm,DEFM14A,2022-01-28,0001824211,Astrea Acquisition Corp.,4700,Transportation Services,,Astrea Acquisition Corp.
0001193125-22-022415,0001193125-22-022415,d275736ddefm14a.htm,DEFM14A,2022-01-31,0001644440,GCP Applied Technologies Inc.,2800,Chemicals & Allied Products,,GCP Applied Technologies Inc.
0001140361-22-003507,0001140361-22-003507,ny20001840x2_defm14a.htm,DEFM14A,2022-02-01,0001641991,"SPX FLOW, Inc.",3540,Metalworkg Machinery & Equipment,,"SPX FLOW, Inc."
0001193125-22-025900,0001193125-22-025900,d246554ddefm14a.htm,DEFM14A,2022-02-02,0001073349,BOTTOMLINE TECHNOLOGIES INC,7372,Services-Prepackaged Software,,BOTTOMLINE TECHNOLOGIES INC
0001193125-22-027021,0001193125-22-027021,d277178ddefm14a.htm,DEFM14A,2022-02-03,0001772016,"BELLRING BRANDS, INC.",2000,Food and Kindred Products,BRBR,"BELLRING BRANDS, INC."
0001193125-22-027068,0001193125-22-027068,d273077ddefm14a.htm,DEFM14A,2022-02-03,0001508171,SLR Senior Investment Corp.,,,,SLR Senior Investment Corp.
0001140361-22-004143,0001140361-22-004143,ny20002069x4_defm14a.htm,DEFM14A,2022-02-08,0001421182,Verso Corp,2621,Paper Mills,,Billerud Americas Corp
0001104659-22-016042,0001104659-22-016042,tm225307-1_defm14a.htm,DEFM14A,2022-02-09,0001046203,GUARANTY FEDERAL BANCSHARES INC,6022,State Commercial Banks,,GUARANTY FEDERAL BANCSHARES INC
0001193125-22-031720,0001193125-22-031720,d268336ddefm14a.htm,DEFM14A,2022-02-09,0001644675,Mimecast Ltd,7372,Services-Prepackaged Software,,Mimecast Ltd
0001193125-22-034552,0001193125-22-034552,d207734ddefm14a.htm,DEFM14A,2022-02-10,0001838527,Spartan Acquisition Corp. III,6770,Blank Checks,,Spartan Acquisition Corp. III
0001193125-22-034688,0001193125-22-034688,d279534ddefm14a.htm,DEFM14A,2022-02-10,0000703604,LAWSON PRODUCTS INC/NEW/DE/,5080,"Wholesale-Machinery, Equipment & Supplies",DSGR,"Distribution Solutions Group, Inc."
0001104659-22-022113,0001104659-22-022113,tm2128362-32_defm14a.htm,DEFM14A,2022-02-14,0001828817,Highland Transcend Partners I Corp.,6770,Blank Checks,,Highland Transcend Partners I Corp.
0001213900-22-007163,0001213900-22-007163,defm14a4_helixacq.htm,DEFM14A,2022-02-14,0001821586,Helix Acquisition Corp,2834,Pharmaceutical Preparations,MLTX,MoonLake Immunotherapeutics
0001607062-22-000108,0001607062-22-000108,clnh021422defm14a.htm,DEFM14A,2022-02-14,0001479681,"Clinigence Holdings, Inc.",7389,"Services-Business Services, NEC",NUTX,Nutex Health Inc.
0001829126-22-003601,0001829126-22-003601,medtech_def14a.htm,DEFM14A,2022-02-14,0001826667,MedTech Acquisition Corp,3841,Surgical & Medical Instruments & Apparatus,"TLSI,TLSIW","TriSalus Life Sciences, Inc."
0001193125-22-042607,0001193125-22-042607,d366326ddefm14a.htm,DEFM14A,2022-02-15,0001831236,Bridgetown 2 Holdings Ltd,6770,Blank Checks,,Bridgetown 2 Holdings Ltd
0001193125-22-042832,0001193125-22-042832,d238600ddefm14a.htm,DEFM14A,2022-02-15,0001822219,FirstMark Horizon Acquisition Corp.,6770,Blank Checks,,FirstMark Horizon Acquisition Corp.
0001104659-22-025643,0001104659-22-025643,tm2133756-2_defm14a.htm,DEFM14A,2022-02-22,0000799165,DAWSON GEOPHYSICAL CO,1382,Oil & Gas Field Exploration Services,DWSN,DAWSON GEOPHYSICAL CO
0001193125-22-048605,0001193125-22-048605,d271832ddefm14a.htm,DEFM14A,2022-02-22,0001735803,"Apria, Inc.",8082,Services-Home Health Care Services,,"Apria, Inc."
0001104659-22-027521,0001104659-22-027521,tm224461-3_defm14a.htm,DEFM14A,2022-02-28,0001774675,Skillsoft Corp.,7372,Services-Prepackaged Software,SKIL,Skillsoft Corp.
0001193125-22-066163,0001193125-22-066163,d205476ddefm14a.htm,DEFM14A,2022-03-04,0001708301,BP Midstream Partners LP,4610,Pipe Lines (No Natural Gas),,BP Midstream Partners LP
0001213900-22-010811,0001213900-22-010811,defm14a0222_soctelemed.htm,DEFM14A,2022-03-07,0001791091,"SOC Telemed, Inc.",8090,"Services-Misc Health & Allied Services, NEC",,"SOC Telemed, Inc."
0001104659-22-032578,0001104659-22-032578,tm225954-2_defm14a.htm,DEFM14A,2022-03-11,0001442626,"Bluerock Residential Growth REIT, Inc.",6798,Real Estate Investment Trusts,,"Bluerock Residential Growth REIT, Inc."
0001193125-22-074233,0001193125-22-074233,d295840ddefm14a.htm,DEFM14A,2022-03-14,0001559484,"Resource REIT, Inc.",6798,Real Estate Investment Trusts,,"Resource REIT, Inc."
0001193125-22-075550,0001193125-22-075550,d191504ddefm14a.htm,DEFM14A,2022-03-15,0001836190,Queen's Gambit Growth Capital,6770,Blank Checks,,Queen's Gambit Growth Capital
0001193125-22-077283,0001193125-22-077283,d219122ddefm14a.htm,DEFM14A,2022-03-16,0000877890,CITRIX SYSTEMS INC,7372,Services-Prepackaged Software,,CITRIX SYSTEMS INC
0001564590-22-010913,0001564590-22-010913,aljj-defm14a_20220317.htm,DEFM14A,2022-03-17,0001438731,ALJ REGIONAL HOLDINGS INC,7389,"Services-Business Services, NEC",,ALJ REGIONAL HOLDINGS INC
0001193125-22-078827,0001193125-22-078827,d329044ddefm14a.htm,DEFM14A,2022-03-18,0001826333,Poema Global Holdings Corp.,6770,Blank Checks,,Poema Global Holdings Corp.
0001104659-22-036155,0001104659-22-036155,tm225196-4_defm14a.htm,DEFM14A,2022-03-21,0000718877,"Activision Blizzard, Inc.",7372,Services-Prepackaged Software,,"Activision Blizzard, Inc."
0001104659-22-039481,0001104659-22-039481,tm227737-4_defm14a.htm,DEFM14A,2022-03-29,0001783400,"US Ecology, Inc.",4953,Refuse Systems,,"US Ecology, Inc."
0001628280-22-008073,0001628280-22-008073,sema4-2022finalproxy.htm,DEFM14A,2022-03-31,0001818331,Sema4 Holdings Corp.,8000,Services-Health Services,WGS,GeneDx Holdings Corp.
0001193125-22-096308,0001193125-22-096308,d880331ddefm14a.htm,DEFM14A,2022-04-05,0001463258,"Renewable Energy Group, Inc.",2860,Industrial Organic Chemicals,,"Renewable Energy Group, Inc."
0001193125-22-098903,0001193125-22-098903,d420326ddefm14a.htm,DEFM14A,2022-04-07,0001439404,ZYNGA INC,7374,Services-Computer Processing & Data Preparation,,ZYNGA INC
0001104659-22-043732,0001104659-22-043732,tm2212222-1_defm14a.htm,DEFM14A,2022-04-08,0001642081,"Allegiance Bancshares, Inc.",6022,State Commercial Banks,,"Allegiance Bancshares, Inc."
0001104659-22-044410,0001104659-22-044410,tm2127588-60_defm14a.htm,DEFM14A,2022-04-11,0001844840,Artisan Acquisition Corp.,6770,Blank Checks,,Artisan Acquisition Corp.
0001140361-22-013889,0001140361-22-013889,ny20000988x13_defm14a.htm,DEFM14A,2022-04-11,0000091928,SOUTH JERSEY INDUSTRIES INC,4924,Natural Gas Distribution,,SOUTH JERSEY INDUSTRIES INC
0001193125-22-101361,0001193125-22-101361,d315020ddefm14a.htm,DEFM14A,2022-04-11,0001458891,Noble Corp,1381,Drilling Oil & Gas Wells,,Noble Corp
0001193125-22-101780,0001193125-22-101780,d273090ddefm14a.htm,DEFM14A,2022-04-11,0000353569,QUIDEL CORP /DE/,2835,In Vitro & In Vivo Diagnostic Substances,,QUIDEL CORP /DE/
0001193125-22-101781,0001193125-22-101781,d273090ddefm14a.htm,DEFM14A,2022-04-11,0001828443,Ortho Clinical Diagnostics Holdings plc,2835,In Vitro & In Vivo Diagnostic Substances,,Ortho Clinical Diagnostics Holdings plc
0001140361-22-014386,0001140361-22-014386,ny20003512x2_defm14a.htm,DEFM14A,2022-04-13,0000039899,TEGNA INC,4833,Television Broadcasting Stations,,TEGNA INC
0001481832-22-000050,0001481832-22-000050,projectarchery-definitivep.htm,DEFM14A,2022-04-14,0001481832,PREFERRED APARTMENT COMMUNITIES INC,6798,Real Estate Investment Trusts,,PREFERRED APARTMENT COMMUNITIES INC
0001193125-22-106541,0001193125-22-106541,d299220ddefm14a.htm,DEFM14A,2022-04-15,0001821318,OTR Acquisition Corp.,2834,Pharmaceutical Preparations,,OTR Acquisition Corp.
0001140361-22-014882,0001140361-22-014882,ny20003400x2_defm14a.htm,DEFM14A,2022-04-18,0001113256,"MERITOR, INC.",3714,Motor Vehicle Parts & Accessories,,"MERITOR, INC."
0001140361-22-014885,0001140361-22-014885,ny20001355x17_defm14a.htm,DEFM14A,2022-04-18,0000929940,ASPEN TECHNOLOGY INC /DE/,7371,Services-Computer Programming Services,,ASPENTECH Corp
0001104659-22-047092,0001104659-22-047092,tm2135700-14_defm14a.htm,DEFM14A,2022-04-19,0001830063,North Atlantic Acquisition Corp,6770,Blank Checks,,North Atlantic Acquisition Corp
0001193125-22-113212,0001193125-22-113212,d290835ddefm14a.htm,DEFM14A,2022-04-21,0001273931,MONEYGRAM INTERNATIONAL INC,7389,"Services-Business Services, NEC",,MONEYGRAM INTERNATIONAL INC
0001193125-22-113224,0001193125-22-113224,d328333ddefm14a.htm,DEFM14A,2022-04-21,0000761648,"CEDAR REALTY TRUST, INC.",6798,Real Estate Investment Trusts,"CDR-PB,CDR-PC","CEDAR REALTY TRUST, INC."
0001515971-22-000075,0001515971-22-000075,dbrmdefm14a042122.htm,DEFM14A,2022-04-21,0001164256,"DAYBREAK OIL & GAS, INC.",1311,Crude Petroleum & Natural Gas,,"DAYBREAK OIL & GAS, INC."
0000930413-22-000813,0000930413-22-000813,c103413_defm14a.htm,DEFM14A,2022-04-22,0000036966,FIRST HORIZON CORP,6021,National Commercial Banks,"FHN,FHN-PE,FHN-PF,FHN-PH",FIRST HORIZON CORP
0001193125-22-115151,0001193125-22-115151,d255437ddefm14a.htm,DEFM14A,2022-04-22,0001472595,R1 RCM INC.,8741,Services-Management Services,,R1 RCM Holdco Inc.
0001140361-22-015647,0001140361-22-015647,ny20003464x2_defm14a.htm,DEFM14A,2022-04-25,0000088790,INTRICON CORP,3670,Electronic Components & Accessories,,INTRICON CORP
0001193125-22-118787,0001193125-22-118787,d214101ddefm14a.htm,DEFM14A,2022-04-26,0001024725,TENNECO INC,3714,Motor Vehicle Parts & Accessories,,TENNECO INC
0001628280-22-010837,0001628280-22-010837,cpa18defm14a.htm,DEFM14A,2022-04-27,0001558235,CORPORATE PROPERTY ASSOCIATES 18 GLOBAL INC,6798,Real Estate Investment Trusts,,CORPORATE PROPERTY ASSOCIATES 18 GLOBAL INC
0001104659-22-051490,0001104659-22-051490,tm2210566-5_defm14a.htm,DEFM14A,2022-04-28,0001370880,"Mandiant, Inc.",3577,"Computer Peripheral Equipment, NEC",,"Mandiant, Inc."
0001140361-22-016936,0001140361-22-016936,ny20003698x2_defm14a.htm,DEFM14A,2022-04-29,0000775368,ALLEGHANY CORP /DE,6331,"Fire, Marine & Casualty Insurance",,ALLEGHANY CORP /DE
0001193125-22-137023,0001193125-22-137023,d309545ddefm14a.htm,DEFM14A,2022-05-02,0001540755,"Anaplan, Inc.",7372,Services-Prepackaged Software,,"Anaplan, Inc."
0001193125-22-140546,0001193125-22-140546,d348019ddefm14a.htm,DEFM14A,2022-05-04,0001391127,"Limelight Networks, Inc.",7389,"Services-Business Services, NEC",,"Edgio, Inc."
0001193125-22-141202,0001193125-22-141202,d229585ddefm14a.htm,DEFM14A,2022-05-05,0001819253,Haymaker Acquisition Corp. III,2833,Medicinal Chemicals & Botanical Products,BTMD,biote Corp.
0001193125-22-142299,0001193125-22-142299,d258479ddefm14a.htm,DEFM14A,2022-05-05,0001703785,Falcon Minerals Corp,1311,Crude Petroleum & Natural Gas,,STR Sub Inc.
0001193125-22-142299,0001193125-22-292098,d384339ddefm14a.htm,DEFM14A,2022-11-23,0001703785,Sitio Royalties Corp.,1311,Crude Petroleum & Natural Gas,,STR Sub Inc.
0000351817-22-000029,0000351817-22-000029,sbowproxy06212022definitive.htm,DEFM14A,2022-05-09,0000351817,"SILVERBOW RESOURCES, INC.",1311,Crude Petroleum & Natural Gas,,"SILVERBOW RESOURCES, INC."
0001104659-22-057271,0001104659-22-057271,tm2210280-3_defm14a.htm,DEFM14A,2022-05-09,0001601548,"Vectrus, Inc.",8744,Services-Facilities Support Management Services,VVX,"V2X, Inc."
0001193125-22-144787,0001193125-22-144787,d315736ddefm14a.htm,DEFM14A,2022-05-09,0001578776,"PRUDENTIAL BANCORP, INC.",6036,"Savings Institutions, Not Federally Chartered",,"PRUDENTIAL BANCORP, INC."
0001193125-22-146486,0001193125-22-146486,d330937ddefm14a.htm,DEFM14A,2022-05-10,0001820931,Oaktree Acquisition Corp. II,6770,Blank Checks,,Oaktree Acquisition Corp. II
0001193125-22-147242,0001193125-22-147242,d301774ddefm14a.htm,DEFM14A,2022-05-11,0001498710,"Spirit Airlines, Inc.",4512,"Air Transportation, Scheduled",,"Spirit Aviation Holdings, Inc."
0001193125-22-147242,0001193125-22-242974,d378607ddefm14a.htm,DEFM14A,2022-09-12,0001498710,"Spirit Airlines, Inc.",4512,"Air Transportation, Scheduled",,"Spirit Aviation Holdings, Inc."
0001493152-22-012965,0001493152-22-012965,formdefm14a.htm,DEFM14A,2022-05-12,0001823383,Globis Acquisition Corp.,6770,Blank Checks,,Globis Acquisition Corp.
0001193125-22-150141,0001193125-22-150141,d189920ddefm14a.htm,DEFM14A,2022-05-13,0001854270,Dynamics Special Purpose Corp.,2836,"Biological Products, (No Diagnostic Substances)",SNTI,"Senti Biosciences Holdings, Inc."
0001104659-22-061228,0001104659-22-061228,tm2212097-5_defm14a.htm,DEFM14A,2022-05-16,0001314772,"Summer Infant, Inc.",3990,Miscellaneous Manufacturing Industries,,"Summer Infant, Inc."
0001193125-22-151699,0001193125-22-151699,d571460ddefm14a.htm,DEFM14A,2022-05-16,0001290149,"Sierra Oncology, Inc.",2834,Pharmaceutical Preparations,,"Sierra Oncology, Inc."
0001193125-22-152043,0001193125-22-152043,d272389ddefm14a.htm,DEFM14A,2022-05-16,0001841761,Virgin Group Acquisition Corp. II,5961,Retail-Catalog & Mail-Order Houses,"GROV,GROVW","Grove Collaborative Holdings, Inc."
0001140361-22-019617,0001140361-22-019617,ny20004033x2_defm14a.htm,DEFM14A,2022-05-17,0001303313,"LHC Group, Inc",8082,Services-Home Health Care Services,,"LHC Group, Inc"
0001193125-22-152542,0001193125-22-152542,d353060ddefm14a.htm,DEFM14A,2022-05-17,0000914025,PLANTRONICS INC /CA/,3661,Telephone & Telegraph Apparatus,,PLANTRONICS INC /CA/
0001628280-22-014618,0001628280-22-014618,agricodefinitiveproxy.htm,DEFM14A,2022-05-17,0001842219,Agrico Acquisition Corp.,0100,Agricultural Production-Crops,,Agrico Acquisition Corp.
0001193125-22-156168,0001193125-22-156168,d297511ddefm14a.htm,DEFM14A,2022-05-20,0000797721,VIASAT INC,4899,"Communications Services, NEC",VSAT,VIASAT INC
0000865058-22-000040,0000865058-22-000040,a2022proxystatementspecial.htm,DEFM14A,2022-05-23,0000865058,NATIONAL SECURITY GROUP INC,6311,Life Insurance,,NATIONAL SECURITY GROUP INC
0001193125-22-156749,0001193125-22-156749,d344642ddefm14a.htm,DEFM14A,2022-05-23,0001296435,Neenah Inc,2621,Paper Mills,,Neenah Inc
0001104659-22-064226,0001104659-22-064226,tm228519-14_defm14a.htm,DEFM14A,2022-05-24,0000883902,"Cornerstone Building Brands, Inc.",3448,Prefabricated Metal Buildings & Components,,"Cornerstone Building Brands, Inc."
0001140361-22-020427,0001140361-22-020427,ny20004123x2_defm14a.htm,DEFM14A,2022-05-24,0000704415,"TIVITY HEALTH, INC.",8090,"Services-Misc Health & Allied Services, NEC",,"TIVITY HEALTH, INC."
0001193125-22-158654,0001193125-22-158654,d324775ddefm14a.htm,DEFM14A,2022-05-24,0001255474,WHITING PETROLEUM CORP,1311,Crude Petroleum & Natural Gas,,Whiting Holdings LLC
0001104659-22-064445,0001104659-22-064445,tm2214043-2_defm14a.htm,DEFM14A,2022-05-25,0001667161,"Randolph Bancorp, Inc.",6022,State Commercial Banks,,"Randolph Bancorp, Inc."
0001193125-22-159748,0001193125-22-159748,d239003ddefm14a.htm,DEFM14A,2022-05-25,0001847127,"Gores Guggenheim, Inc.",6770,Blank Checks,,"Gores Guggenheim, Inc."
0001140361-22-020904,0001140361-22-020904,ny20001534x20_defm14a.htm,DEFM14A,2022-05-27,0001839434,EJF Acquisition Corp.,6770,Blank Checks,,EJF Acquisition Corp.
0001193125-22-164080,0001193125-22-164080,d331334ddefm14a.htm,DEFM14A,2022-05-31,0001627857,"Sailpoint Technologies Holdings, Inc.",7372,Services-Prepackaged Software,,"Sailpoint Technologies Holdings, Inc."
0001104659-22-066865,0001104659-22-066865,tm2216048-3_defm14a.htm,DEFM14A,2022-06-01,0001682325,GTY Technology Holdings Inc.,7374,Services-Computer Processing & Data Preparation,,GTY Technology Holdings Inc.
0001140361-22-021629,0001140361-22-021629,ny20004245x2_defm14a.htm,DEFM14A,2022-06-02,0000878526,NATUS MEDICAL INC,3845,Electromedical & Electrotherapeutic Apparatus,,NATUS MEDICAL INC
0001193125-22-170253,0001193125-22-170253,d341779ddefm14a.htm,DEFM14A,2022-06-08,0000866368,"PS BUSINESS PARKS, INC./MD",6798,Real Estate Investment Trusts,,"PS BUSINESS PARKS, INC./MD"
0001104659-22-069441,0001104659-22-069441,tm2217932-1_defm14a.htm,DEFM14A,2022-06-09,0001441693,MARRONE BIO INNOVATIONS INC,2870,Agricultural Chemicals,,"Pro Farm Group, Inc."
0001193125-22-171930,0001193125-22-171930,d364305ddefm14a.htm,DEFM14A,2022-06-10,0000899749,HEALTHCARE REALTY TRUST INC,6798,Real Estate Investment Trusts,,"HRTI, LLC"
0001193125-22-172036,0001193125-22-172036,d546367ddefm14a.htm,DEFM14A,2022-06-10,0001850270,Social Capital Suvretta Holdings Corp. III,2836,"Biological Products, (No Diagnostic Substances)",PROK,PROKIDNEY CORP.
0001387131-22-006896,0001387131-22-006896,nlit-defm14a_062422.htm,DEFM14A,2022-06-10,0001854963,Northern Lights Acquisition Corp.,6199,Finance Services,"SHFS,SHFSW","SHF Holdings, Inc."
0001104659-22-071245,0001104659-22-071245,tm2213692-10_defm14a.htm,DEFM14A,2022-06-15,0001776738,Columbia Care Inc.,0100,Agricultural Production-Crops,,Cannabist Co Holdings Inc.
0001104659-22-071400,0001104659-22-071400,tm223444-4_defm14a.htm,DEFM14A,2022-06-15,0001609471,"Watermark Lodging Trust, Inc.",6798,Real Estate Investment Trusts,,"Watermark Lodging Trust, Inc."
0001193125-22-174405,0001193125-22-174405,d353495ddefm14a.htm,DEFM14A,2022-06-15,0000858800,EMCLAIRE FINANCIAL CORP,6021,National Commercial Banks,,EMCLAIRE FINANCIAL CORP
0001193125-22-175574,0001193125-22-175574,d328752ddefm14a.htm,DEFM14A,2022-06-16,0001283630,AMERICAN CAMPUS COMMUNITIES INC,6798,Real Estate Investment Trusts,,AMERICAN CAMPUS COMMUNITIES INC
0001104659-22-072084,0001104659-22-072084,tm2215721-3_defm14a.htm,DEFM14A,2022-06-17,0001310114,"SERVICESOURCE INTERNATIONAL, INC.",7389,"Services-Business Services, NEC",,"CONCENTRIX SREV, INC."
0001104659-22-074352,0001104659-22-074352,tm2214685-7_defm14a.htm,DEFM14A,2022-06-24,0001266806,SECOND SIGHT MEDICAL PRODUCTS INC,3845,Electromedical & Electrotherapeutic Apparatus,VANI,"Vivani Medical, Inc."
0001193125-22-182816,0001193125-22-182816,d347765ddefm14a.htm,DEFM14A,2022-06-27,0001710583,"Switch, Inc.",7370,"Services-Computer Programming, Data Processing, Etc.",,"Switch, Inc."
0001193125-22-186206,0001193125-22-186206,d348299ddefm14a.htm,DEFM14A,2022-06-30,0001524223,"Manning & Napier, Inc.",6282,Investment Advice,,"Manning & Napier, Inc."
0001213900-22-037958,0001213900-22-037958,defm14a0722_global.htm,DEFM14A,2022-07-07,0001821169,Global SPAC Partners Co,7372,Services-Prepackaged Software,,"Global SPAC Partners Co,"
0001193125-22-189643,0001193125-22-189643,d142399ddefm14a.htm,DEFM14A,2022-07-08,0001392091,"Blueknight Energy Partners, L.P.",4610,Pipe Lines (No Natural Gas),,"Blueknight Energy Partners, L.P."
0001193125-22-190511,0001193125-22-190511,d339536ddefm14a.htm,DEFM14A,2022-07-08,0001492633,Nielsen Holdings plc,7389,"Services-Business Services, NEC",,Nielsen Holdings plc
0001193125-22-191348,0001193125-22-191348,d197822ddefm14a.htm,DEFM14A,2022-07-11,0001836547,Alpha Capital Acquisition Co,6770,Blank Checks,,Alpha Capital Acquisition Co
0001193125-22-192916,0001193125-22-192916,d366416ddefm14a.htm,DEFM14A,2022-07-13,0001907982,D-Wave Quantum Inc.,7374,Services-Computer Processing & Data Preparation,QBTS,D-Wave Quantum Inc.
0001193125-22-192992,0001193125-22-192992,d366416ddefm14a.htm,DEFM14A,2022-07-13,0001821742,"DPCM Capital, Inc.",6770,Blank Checks,,"DPCM Capital, Inc."
0001104659-22-080265,0001104659-22-080265,tm2220942-1_defm14a.htm,DEFM14A,2022-07-15,0001820201,Redbox Entertainment Inc.,7841,Services-Video Tape Rental,,Redbox Entertainment Inc.
0001140361-22-026189,0001140361-22-026189,ny20004078x15_defm14a.htm,DEFM14A,2022-07-18,0000711377,NEOGEN CORP,2835,In Vitro & In Vivo Diagnostic Substances,NEOG,NEOGEN CORP
0001104659-22-081413,0001104659-22-081413,tm2125996-48_defm14a.htm,DEFM14A,2022-07-21,0001826553,Silver Crest Acquisition Corp,6770,Blank Checks,,Silver Crest Acquisition Corp
0001193125-22-199270,0001193125-22-199270,d285722ddefm14a.htm,DEFM14A,2022-07-21,0001850266,Social Capital Suvretta Holdings Corp. I,3841,Surgical & Medical Instruments & Apparatus,,"Akili, Inc."
0001096906-22-001700,0001096906-22-001700,ctek_defm14a.htm,DEFM14A,2022-07-25,0001011432,"CYNERGISTEK, INC",7389,"Services-Business Services, NEC",,"CYNERGISTEK, INC"
0001193125-22-202163,0001193125-22-202163,d283119ddefm14a.htm,DEFM14A,2022-07-26,0001418091,"TWITTER, INC.",7370,"Services-Computer Programming, Data Processing, Etc.",,"TWITTER, INC."
0001193125-22-204920,0001193125-22-204920,d364815ddefm14a.htm,DEFM14A,2022-07-28,0001658566,"Centennial Resource Development, Inc.",1311,Crude Petroleum & Natural Gas,PR,Permian Resources Corp
0001104659-22-085227,0001104659-22-085227,tm2222342-1_defm14a.htm,DEFM14A,2022-08-02,0000783280,DUKE REALTY CORP,6798,Real Estate Investment Trusts,,DUKE REALTY CORP
0001193125-22-209155,0001193125-22-209155,d313102ddefm14a.htm,DEFM14A,2022-08-02,0000719274,GIGA TRONICS INC,3825,Instruments For Meas & Testing of  Electricity & Elec Signals,,"GRESHAM WORLDWIDE, INC."
0001008886-22-000087,0001008886-22-000087,defm14a.htm,DEFM14A,2022-08-03,0000883945,USA TRUCK INC,4213,Trucking (No Local),,USA TRUCK INC
0001193125-22-212506,0001193125-22-212506,d355172ddefm14a.htm,DEFM14A,2022-08-04,0000892537,MANTECH INTERNATIONAL CORP,8741,Services-Management Services,,MANTECH INTERNATIONAL CORP
0001104659-22-086326,0001104659-22-086326,tm2212886-17_defm14a.htm,DEFM14A,2022-08-05,0001846136,Riverview Acquisition Corp.,6770,Blank Checks,,Riverview Acquisition Corp.
0001140361-22-028748,0001140361-22-028748,ny20004637x3_defm14a.htm,DEFM14A,2022-08-08,0001463172,"Zendesk, Inc.",7374,Services-Computer Processing & Data Preparation,,"Zendesk, Inc."
0001193125-22-215131,0001193125-22-215131,d385755ddefm14a.htm,DEFM14A,2022-08-09,0001537917,"TYME TECHNOLOGIES, INC.",2834,Pharmaceutical Preparations,,"TYME TECHNOLOGIES, INC."
0001104659-22-088640,0001104659-22-088640,tm2218406-9_defm14a.htm,DEFM14A,2022-08-10,0001567345,"HEMISPHERE MEDIA GROUP, INC.",4841,Cable & Other Pay Television Services,,"HEMISPHERE MEDIA GROUP, INC."
0001193125-22-216955,0001193125-22-216955,d353213ddefm14a.htm,DEFM14A,2022-08-10,0001341141,"CatchMark Timber Trust, Inc.",6798,Real Estate Investment Trusts,,"CatchMark Timber Trust, Inc."
0001104659-22-090075,0001104659-22-090075,tm2222793-1_defm14a.htm,DEFM14A,2022-08-12,0001691337,PCSB Financial Corp,6036,"Savings Institutions, Not Federally Chartered",,PCSB Financial Corp
0001829126-22-015724,0001829126-22-015724,goldenpathacq_defm14a.htm,DEFM14A,2022-08-12,0001841209,Golden Path Acquisition Corp,7370,"Services-Computer Programming, Data Processing, Etc.","HOLO,HOLOW",MicroCloud Hologram Inc.
0001193125-22-225285,0001193125-22-225285,d390822ddefm14a.htm,DEFM14A,2022-08-19,0001627014,"Black Knight, Inc.",7372,Services-Prepackaged Software,,"Black Knight, Inc."
0001193125-22-225285,0001193125-23-086852,d303828ddefm14a.htm,DEFM14A,2023-03-31,0001627014,"Black Knight, Inc.",7372,Services-Prepackaged Software,,"Black Knight, Inc."
0001193125-22-225467,0001193125-22-225467,d311340ddefm14a.htm,DEFM14A,2022-08-19,0001818212,Cohn Robbins Holdings Corp.,6770,Blank Checks,,Cohn Robbins Holdings Corp.
0001213900-22-050228,0001213900-22-050228,defm14a0822_steelconnect.htm,DEFM14A,2022-08-23,0000914712,"Steel Connect, Inc.",7389,"Services-Business Services, NEC",,Steel Connect LLC
0001193125-22-227831,0001193125-22-227831,d379513ddefm14a.htm,DEFM14A,2022-08-24,0001404123,1Life Healthcare Inc,8011,Services-Offices & Clinics of  Doctors of  Medicine,,1Life Healthcare Inc
0001104659-22-095138,0001104659-22-095138,tm2222058-4_defm14a.htm,DEFM14A,2022-08-26,0000722723,"HANGER, INC.",8093,"Services-Specialty Outpatient Facilities, NEC",,"HANGER, INC."
0001140361-22-031170,0001140361-22-031170,ny20005024x2_defm14a.htm,DEFM14A,2022-08-29,0001629137,"Global Blood Therapeutics, Inc.",2834,Pharmaceutical Preparations,,"Global Blood Therapeutics, Inc."
0001140361-22-031369,0001140361-22-031369,ny20005066x2_defm14a.htm,DEFM14A,2022-08-30,0000894627,VAALCO ENERGY INC /DE/,1311,Crude Petroleum & Natural Gas,EGY,VAALCO ENERGY INC /DE/
0001628280-22-023926,0001628280-22-023926,a2022bhvnproxystatement-de.htm,DEFM14A,2022-08-30,0001689813,Biohaven Pharmaceutical Holding Co Ltd.,2834,Pharmaceutical Preparations,,Biohaven Pharmaceutical Holding Co Ltd.
0001516551-22-000028,0001516551-22-000028,skyebioscienceincproxydef.htm,DEFM14A,2022-08-31,0001516551,"Skye Bioscience, Inc.",2834,Pharmaceutical Preparations,SKYE,"Skye Bioscience, Inc."
0001104659-22-098244,0001104659-22-098244,tm2215547-13_defm14a.htm,DEFM14A,2022-09-07,0001428875,TERMINIX GLOBAL HOLDINGS INC,8741,Services-Management Services,,TERMINIX GLOBAL HOLDINGS INC
0001193125-22-240062,0001193125-22-240062,d290900ddefm14a.htm,DEFM14A,2022-09-07,0001159167,IROBOT CORP,3630,Household Appliances,,IROBOT CORP
0001193125-22-240989,0001193125-22-240989,d312295ddefm14a.htm,DEFM14A,2022-09-08,0000794172,MERIDIAN BIOSCIENCE INC,2835,In Vitro & In Vivo Diagnostic Substances,,MERIDIAN BIOSCIENCE INC
0001193125-22-241836,0001193125-22-241836,d316480ddefm14a.htm,DEFM14A,2022-09-09,0001635881,Exterran Corp,7359,"Services-Equipment Rental & Leasing, NEC",,Exterran Corp
0001193125-22-242344,0001193125-22-242344,d397623ddefm14a.htm,DEFM14A,2022-09-12,0001348036,"AVALARA, INC.",7372,Services-Prepackaged Software,,"AVALARA, INC."
0001193125-22-243104,0001193125-22-243104,d316540ddefm14a.htm,DEFM14A,2022-09-13,0001752836,"COVETRUS, INC.",5912,Retail-Drug Stores and Proprietary Stores,,"COVETRUS, INC."
0001193125-22-244829,0001193125-22-244829,d366609ddefm14a.htm,DEFM14A,2022-09-14,0001645842,Zymergen Inc.,8731,Services-Commercial Physical & Biological Research,,Zymergen Inc.
0001193125-22-244850,0001193125-22-244850,d359803ddefm14a.htm,DEFM14A,2022-09-14,0001340652,"ChemoCentryx, Inc.",2834,Pharmaceutical Preparations,,"ChemoCentryx, Inc."
0001104659-22-100544,0001104659-22-100544,tm2224125-2_defm14a.htm,DEFM14A,2022-09-16,0001679826,Ping Identity Holding Corp.,7372,Services-Prepackaged Software,,Ping Identity Holding Corp.
0001140361-22-034100,0001140361-22-034100,ny20004944x6_defm14a.htm,DEFM14A,2022-09-20,0001753886,Stonemor Inc.,7200,Services-Personal Services,,Stonemor Inc.
0001193125-22-247759,0001193125-22-247759,d329267ddefm14a.htm,DEFM14A,2022-09-20,0001393066,Resolute Forest Products Inc.,2621,Paper Mills,,Resolute Forest Products Inc.
0001193125-22-248832,0001193125-22-248832,d381144ddefm14a.htm,DEFM14A,2022-09-22,0001704596,"EVO Payments, Inc.",7389,"Services-Business Services, NEC",,"EVO Payments, Inc."
0001104659-22-102448,0001104659-22-102448,tm2226437d2_defm14a.htm,DEFM14A,2022-09-23,0001126961,GRANDSOUTH BANCORPORATION,6036,"Savings Institutions, Not Federally Chartered",,GRANDSOUTH BANCORPORATION
0001104659-22-102995,0001104659-22-102995,tm2225036-4_defm14a.htm,DEFM14A,2022-09-26,0000768411,CYBEROPTICS CORP,3827,Optical Instruments & Lenses,,CYBEROPTICS CORP
0001193125-22-251938,0001193125-22-251938,d333357ddefm14a.htm,DEFM14A,2022-09-27,0001399249,"Pzena Investment Management, Inc.",6282,Investment Advice,,"Pzena Investment Management, Inc."
0001193125-22-253356,0001193125-22-253356,d285806ddefm14a.htm,DEFM14A,2022-09-28,0001670349,"U.S. WELL SERVICES, INC.",1389,"Oil & Gas Field Services, NEC",,"U.S. WELL SERVICES HOLDINGS, LLC"
0001193125-22-253665,0001193125-22-253665,d336730ddefm14a.htm,DEFM14A,2022-09-29,0001928446,"Granite Ridge Resources, Inc.",1311,Crude Petroleum & Natural Gas,GRNT,"Granite Ridge Resources, Inc."
0001104659-22-104506,0001104659-22-104506,tm2227079-1_defm14a.htm,DEFM14A,2022-09-30,0001864891,Endurance Acquisition Corp.,6770,Blank Checks,,Endurance Acquisition Corp.
0001104659-22-104515,0001104659-22-104515,tm228803-37_defm14a.htm,DEFM14A,2022-09-30,0001830531,Provident Acquisition Corp.,7372,Services-Prepackaged Software,,Provident Acquisition Corp.
0001104659-22-104674,0001104659-22-104674,tm2225620-3_defm14a.htm,DEFM14A,2022-09-30,0001287808,"Hill International, Inc.",8711,Services-Engineering Services,,"Hill International, Inc."
0001193125-22-254862,0001193125-22-254862,d397201ddefm14a.htm,DEFM14A,2022-09-30,0001828182,"Signify Health, Inc.",8082,Services-Home Health Care Services,,"Signify Health, Inc."
0001193125-22-255666,0001193125-22-255666,d296120ddefm14a.htm,DEFM14A,2022-09-30,0001838544,BOA Acquisition Corp.,6770,Blank Checks,,BOA Acquisition Corp.
0001683168-22-006695,0001683168-22-006695,coeptis_defm14a.htm,DEFM14A,2022-09-30,0001819663,Coeptis Therapeutics Inc.,2834,Pharmaceutical Preparations,,Coeptis Therapeutics Inc.
0001140361-22-035833,0001140361-22-035833,ny20005454x1_defm14a.htm,DEFM14A,2022-10-03,0001124610,"VMWARE, INC.",7372,Services-Prepackaged Software,,VMWARE LLC
0001829126-22-017383,0001829126-22-017383,venusacquisition_defm14a.htm,DEFM14A,2022-10-04,0001800392,Venus Acquisition Corp,7371,Services-Computer Programming Services,"MLGO,VENAF",MicroAlgo Inc.
0001193125-22-257768,0001193125-22-257768,d336730ddefm14a.htm,DEFM14A,2022-10-05,0001816261,Executive Network Partnering Corp,6770,Blank Checks,,Executive Network Partnering Corp
0001193125-22-258871,0001193125-22-258871,d258714ddefm14a.htm,DEFM14A,2022-10-06,0001671858,"Silverback Therapeutics, Inc.",2834,Pharmaceutical Preparations,SPRY,"ARS Pharmaceuticals, Inc."
0001140361-22-036516,0001140361-22-036516,ny20005242x2_defm14a.htm,DEFM14A,2022-10-07,0001337553,AERIE PHARMACEUTICALS INC,2836,"Biological Products, (No Diagnostic Substances)",,AERIE PHARMACEUTICALS INC
0001193125-22-259018,0001193125-22-259018,d353377ddefm14a.htm,DEFM14A,2022-10-07,0001834645,Ignyte Acquisition Corp.,2836,"Biological Products, (No Diagnostic Substances)",,"Peak Bio, Inc."
0001193125-22-259683,0001193125-22-259683,d370237ddefm14a.htm,DEFM14A,2022-10-07,0001672619,IMARA Inc.,2834,Pharmaceutical Preparations,ELVN,"Enliven Therapeutics, Inc."
0001104659-22-107240,0001104659-22-107240,tm224894-17_defm14a.htm,DEFM14A,2022-10-11,0001846288,Global Consumer Acquisition Corp,3990,Miscellaneous Manufacturing Industries,,Global Consumer Acquisition Corp
0001140361-22-036813,0001140361-22-036813,ny20005205x2_defm14a.htm,DEFM14A,2022-10-11,0001466538,COWEN INC.,6211,"Security Brokers, Dealers & Flotation Companies",,COWEN INC.
0001140361-22-036824,0001140361-22-036824,ny20005522x1_defm14a.htm,DEFM14A,2022-10-11,0001590364,Fortress Transportation & Infrastructure Investors LLC,7350,Services-Miscellaneous Equipment Rental & Leasing,"FTAI,FTAIM",FTAI Aviation Ltd.
0001193125-22-260686,0001193125-22-260686,d409739ddefm14a.htm,DEFM14A,2022-10-11,0001169652,CHANNELADVISOR CORP,7372,Services-Prepackaged Software,,CHANNELADVISOR CORP
0001493152-22-028312,0001493152-22-028312,formdefm14a.htm,DEFM14A,2022-10-13,0001847846,8i Acquisition 2 Corp.,8000,Services-Health Services,"EUDA,EUDAW",EUDA Health Holdings Ltd
0001193125-22-264485,0001193125-22-264485,d414164ddefm14a.htm,DEFM14A,2022-10-18,0001828326,Frazier Lifesciences Acquisition Corp,6770,Blank Checks,,Frazier Lifesciences Acquisition Corp
0001104659-22-109861,0001104659-22-109861,tm2224345-3_defm14a.htm,DEFM14A,2022-10-19,0001135185,ATLAS AIR WORLDWIDE HOLDINGS INC,4522,"Air Transportation, Nonscheduled",,ATLAS AIR WORLDWIDE HOLDINGS INC
0001213900-22-065587,0001213900-22-065587,defm14a1022_eaststoneacqcorp.htm,DEFM14A,2022-10-24,0001760683,East Stone Acquisition Corp,3711,Motor Vehicles & Passenger Car Bodies,,East Stone Acquisition Corp
0001140361-22-038288,0001140361-22-038288,ny20005378x3_defm14a.htm,DEFM14A,2022-10-25,0001582568,PBF Logistics LP,4610,Pipe Lines (No Natural Gas),,PBF Logistics LP
0001193125-22-272506,0001193125-22-272506,d354454ddefm14a.htm,DEFM14A,2022-10-28,0001842430,Angel Pond Holdings Corp,6770,Blank Checks,,Angel Pond Holdings Corp
0001213900-22-067216,0001213900-22-067216,defm14a1022_proptechinvest2.htm,DEFM14A,2022-10-28,0001821075,PROPTECH INVESTMENT CORP. II,6531,Real Estate Agents & Managers (For Others),,"Appreciate Holdings, Inc."
0001213900-22-067251,0001213900-22-067251,defm14a1022_agbaacq.htm,DEFM14A,2022-10-28,0001769624,AGBA Acquisition Ltd,6282,Investment Advice,"ILLR,ILLRW",Triller Group Inc.
0001140361-22-039152,0001140361-22-039152,ny20005658x1_defm14a.htm,DEFM14A,2022-10-31,0001799850,"Renovacor, Inc.",2836,"Biological Products, (No Diagnostic Substances)",,"Renovacor, Inc."
0001193125-22-277144,0001193125-22-277144,d480995ddefm14a.htm,DEFM14A,2022-11-04,0001538990,STORE CAPITAL Corp,6798,Real Estate Investment Trusts,,STORE CAPITAL LLC
0001193125-22-277450,0001193125-22-277450,d373479ddefm14a.htm,DEFM14A,2022-11-04,0001818787,Primavera Capital Acquisition Corp.,6770,Blank Checks,,Primavera Capital Acquisition Corp.
0001140361-22-040359,0001140361-22-040359,ny20005599x2_defm14a.htm,DEFM14A,2022-11-07,0001707502,Solid Biosciences Inc.,2836,"Biological Products, (No Diagnostic Substances)",SLDB,Solid Biosciences Inc.
0001193125-22-279266,0001193125-22-279266,d357510ddefm14a.htm,DEFM14A,2022-11-07,0001046327,REALNETWORKS INC,7371,Services-Computer Programming Services,,REALNETWORKS INC
0001437749-22-026217,0001437749-22-026217,isr20221102_defm14a.htm,DEFM14A,2022-11-07,0000728387,"Isoray, Inc.",2834,Pharmaceutical Preparations,CATX,"Perspective Therapeutics, Inc."
0001493152-22-030853,0001493152-22-030853,formdefm14a.htm,DEFM14A,2022-11-07,0001826397,AGRIFORCE GROWING SYSTEMS LTD.,6199,Finance Services,AVX,AVAX ONE TECHNOLOGY LTD.
0001140361-22-040500,0001140361-22-040500,ny20005608x1_defm14a.htm,DEFM14A,2022-11-08,0001759008,"CarLotz, Inc.",5500,Retail-Auto Dealers & Gasoline Stations,,"CarLotz, Inc."
0001140361-22-040942,0001140361-22-040942,ny20005542x1_defm14a.htm,DEFM14A,2022-11-10,0001634379,"Metacrine, Inc.",2834,Pharmaceutical Preparations,,"Metacrine, Inc."
0001140361-22-040977,0001140361-22-040977,ny20005539x2_defm14a.htm,DEFM14A,2022-11-10,0001774155,BTRS Holdings Inc.,7371,Services-Computer Programming Services,,BTRS Holdings Inc.
0001213900-22-071210,0001213900-22-071210,defm14a1022_cenaqenergycorp.htm,DEFM14A,2022-11-10,0001841425,CENAQ Energy Corp.,2860,Industrial Organic Chemicals,"VGAS,VGASW","Verde Clean Fuels, Inc."
0001104659-22-118426,0001104659-22-118426,tm2230469-1_defm14a.htm,DEFM14A,2022-11-14,0001630856,Professional Holding Corp.,6021,National Commercial Banks,,Professional Holding Corp.
0001213900-22-071460,0001213900-22-071460,defm14a1122_archaea.htm,DEFM14A,2022-11-14,0001823766,Archaea Energy Inc.,4932,Gas & Other Services Combined,,Archaea Energy Inc.
0001104659-22-118873,0001104659-22-118873,tm2230560-1_defm14a.htm,DEFM14A,2022-11-15,0001848000,Lakeshore Acquisition I Corp.,6770,Blank Checks,,Lakeshore Acquisition I Corp.
0001104659-22-120359,0001104659-22-120359,tm2218315-21_defm14a.htm,DEFM14A,2022-11-18,0001837160,COVA Acquisition Corp.,6770,Blank Checks,,COVA Acquisition Corp.
0001193125-22-290047,0001193125-22-290047,d389225ddefm14a.htm,DEFM14A,2022-11-21,0001769267,First Seacoast Bancorp,6035,"Savings Institution, Federally Chartered",,First Seacoast Bancorp
0001193125-22-291370,0001193125-22-291370,d34610ddefm14a.htm,DEFM14A,2022-11-23,0001637761,SeaSpine Holdings Corp,3841,Surgical & Medical Instruments & Apparatus,,SeaSpine Holdings Corp
0001193125-22-292101,0001193125-22-292101,d349401ddefm14a.htm,DEFM14A,2022-11-23,0001745797,"Brigham Minerals, Inc.",1311,Crude Petroleum & Natural Gas,,MNRL Sub Inc.
0001193125-22-292273,0001193125-22-292273,d387579ddefm14a.htm,DEFM14A,2022-11-25,0001825480,"Poshmark, Inc.",5961,Retail-Catalog & Mail-Order Houses,,"Poshmark, Inc."
0001193125-22-292358,0001193125-22-292358,d407975ddefm14a.htm,DEFM14A,2022-11-25,0001325879,"AVEO PHARMACEUTICALS, INC.",2834,Pharmaceutical Preparations,,"AVEO PHARMACEUTICALS, INC."
0001193125-22-295523,0001193125-22-295523,d429432ddefm14a.htm,DEFM14A,2022-11-30,0001744179,"Oaktree Strategic Income II, Inc.",,,,"Oaktree Strategic Income II, Inc."
0001213900-22-077683,0001213900-22-077683,defm14a1222_lightjump.htm,DEFM14A,2022-12-05,0001825437,LIGHTJUMP ACQUISITION CORP,6770,Blank Checks,,LIGHTJUMP ACQUISITION CORP
0001104659-22-124891,0001104659-22-124891,tm2124674-43_defm14a.htm,DEFM14A,2022-12-06,0001841993,Model Performance Acquisition Corp,6770,Blank Checks,,Model Performance Acquisition Corp
0001104659-22-124910,0001104659-22-124910,tm2228866-3_defm14a.htm,DEFM14A,2022-12-06,0001557127,"UserTesting, Inc.",7372,Services-Prepackaged Software,,"UserTesting, Inc."
0001140361-22-044962,0001140361-22-044962,ny20005538x3_defm14a.htm,DEFM14A,2022-12-08,0001543916,"ForgeRock, Inc.",7372,Services-Prepackaged Software,,"ForgeRock, Inc."
0001193125-22-301091,0001193125-22-301091,d435502ddefm14a.htm,DEFM14A,2022-12-08,0001745317,"Velodyne Lidar, Inc.",3569,"General Industrial Machinery & Equipment, NEC",,"Velodyne Lidar, Inc."
0001104659-22-125898,0001104659-22-125898,tm2232327-1_defm14a.htm,DEFM14A,2022-12-09,0001854461,Mount Rainier Acquisition Corp.,6770,Blank Checks,,Mount Rainier Acquisition Corp.
0001493152-22-035196,0001493152-22-035196,formdefm14a.htm,DEFM14A,2022-12-12,0001797336,"Ayala Pharmaceuticals, Inc.",2836,"Biological Products, (No Diagnostic Substances)",,"Old Ayala, Inc"
0001193125-22-304423,0001193125-22-304423,d419705ddefm14a.htm,DEFM14A,2022-12-14,0001374535,Altra Industrial Motion Corp.,3569,"General Industrial Machinery & Equipment, NEC",,Altra Industrial Motion Corp.
0001193125-22-304884,0001193125-22-304884,d390420ddefm14a.htm,DEFM14A,2022-12-14,0001816581,"Ouster, Inc.",3569,"General Industrial Machinery & Equipment, NEC",OUST,"Ouster, Inc."
0001193125-22-307836,0001193125-22-307836,d422897ddefm14a.htm,DEFM14A,2022-12-19,0001576169,"Benefitfocus, Inc.",7372,Services-Prepackaged Software,,"Benefitfocus, Inc."
0001193125-22-308822,0001193125-22-308822,d437821ddefm14a.htm,DEFM14A,2022-12-20,0001822312,Jack Creek Investment Corp.,6770,Blank Checks,,Jack Creek Investment Corp.
0001193125-22-310265,0001193125-22-310265,d411594ddefm14a.htm,DEFM14A,2022-12-22,0000846901,LAKELAND BANCORP INC,6022,State Commercial Banks,,LAKELAND BANCORP INC
0001193125-22-310788,0001193125-22-310788,d396695ddefm14a.htm,DEFM14A,2022-12-22,0001664998,"KnowBe4, Inc.",7370,"Services-Computer Programming, Data Processing, Etc.",,"KnowBe4, Inc."
0001104659-22-130575,0001104659-22-130575,tm2233560-1_defm14a.htm,DEFM14A,2022-12-28,0001853314,Gesher I Acquisition Corp.,6770,Blank Checks,,Gesher I Acquisition Corp.
0001193125-22-315371,0001193125-22-315371,d261388ddefm14a.htm,DEFM14A,2022-12-30,0001848959,Decarbonization Plus Acquisition Corp IV,6770,Blank Checks,,Decarbonization Plus Acquisition Corp IV
0001385508-23-000003,0001385508-23-000003,projectrainbow-definitivep.htm,DEFM14A,2023-01-04,0001385508,"OPIANT PHARMACEUTICALS, INC.",2834,Pharmaceutical Preparations,,"OPIANT PHARMACEUTICALS, INC."
0001193125-23-001642,0001193125-23-001642,d352328ddefm14a.htm,DEFM14A,2023-01-05,0001594555,"HV Bancorp, Inc.",6022,State Commercial Banks,,"HV Bancorp, Inc."
0001193125-23-005614,0001193125-23-005614,d371974ddefm14a.htm,DEFM14A,2023-01-10,0001724965,TALOS ENERGY INC.,1311,Crude Petroleum & Natural Gas,TALO,TALOS ENERGY INC.
0001193125-23-005716,0001193125-23-005716,d402044ddefm14a.htm,DEFM14A,2023-01-10,0001358356,"LIMESTONE BANCORP, INC.",6021,National Commercial Banks,,"LIMESTONE BANCORP, INC."
0001193125-23-005719,0001193125-23-005719,d429833ddefm14a.htm,DEFM14A,2023-01-10,0001251769,"Apollo Endosurgery, Inc.",3841,Surgical & Medical Instruments & Apparatus,,"Apollo Endosurgery, Inc."
0001193125-23-008964,0001193125-23-008964,d382296ddefm14a.htm,DEFM14A,2023-01-17,0001651094,"Elevate Credit, Inc.",6199,Finance Services,,"Elevate Credit, Inc."
0001193125-23-009491,0001193125-23-009491,d271484ddefm14a.htm,DEFM14A,2023-01-17,0001839132,Pathfinder Acquisition Corp,7372,Services-Prepackaged Software,,Movella Holdings Inc.
0001104659-23-004664,0001104659-23-004664,tm233428-1_defm14a.htm,DEFM14A,2023-01-18,0001853775,Mountain Crest Acquisition Corp. III,6770,Blank Checks,,Mountain Crest Acquisition Corp. III
0001193125-23-012102,0001193125-23-012102,d410085ddefm14a.htm,DEFM14A,2023-01-20,0001464963,"First Eagle Alternative Capital BDC, Inc.",,,,"First Eagle Alternative Capital BDC, Inc."
0001140361-23-002428,0001140361-23-002428,ny20005635x10_defm14a.htm,DEFM14A,2023-01-23,0001679082,Myovant Sciences Ltd.,2834,Pharmaceutical Preparations,,Myovant Sciences Ltd.
0001193125-23-012549,0001193125-23-012549,d418961ddefm14a.htm,DEFM14A,2023-01-23,0001492426,Horizon Therapeutics Public Ltd Co,2834,Pharmaceutical Preparations,,Horizon Therapeutics Public Ltd Co
0001193125-23-012656,0001193125-23-012656,d434243ddefm14a.htm,DEFM14A,2023-01-23,0001385867,Coupa Software Inc,7372,Services-Prepackaged Software,,Coupa Software Inc
0001472375-23-000026,0001472375-23-000026,defm14a.htm,DEFM14A,2023-01-27,0001405663,I-Minerals Inc,1000,Metal Mining,,I-Minerals Inc
0001104659-23-008128,0001104659-23-008128,tm234700-1_defm14a.htm,DEFM14A,2023-01-31,0001688852,Safehold Inc.,6519,"Lessors of  Real Property, NEC",,Safehold Inc. /MD
0001104659-23-010554,0001104659-23-010554,tm2225919-29_defm14a.htm,DEFM14A,2023-02-03,0001847090,TPB Acquisition Corp I,6770,Blank Checks,,TPB Acquisition Corp I
0001104659-23-010636,0001104659-23-010636,tm2223223-13_defm14a.htm,DEFM14A,2023-02-03,0001809353,HPX Corp.,6770,Blank Checks,,HPX Corp.
0001193125-23-024324,0001193125-23-024324,d389734ddefm14a.htm,DEFM14A,2023-02-03,0001841258,European Biotech Acquisition Corp.,6770,Blank Checks,,European Biotech Acquisition Corp.
0001104659-23-012173,0001104659-23-012173,tm2226545-31_defm14a.htm,DEFM14A,2023-02-08,0001839185,Summit Healthcare Acquisition Corp.,6770,Blank Checks,,Summit Healthcare Acquisition Corp.
0001193125-23-028261,0001193125-23-028261,d379038ddefm14a.htm,DEFM14A,2023-02-08,0001901799,GSR II Meteora Acquisition Corp.,6199,Finance Services,,Bitcoin Depot Inc.
0001193125-23-028261,0001193125-23-169228,d458375ddefm14a.htm,DEFM14A,2023-06-20,0001901799,GSR II Meteora Acquisition Corp.,6199,Finance Services,,Bitcoin Depot Inc.
0001213900-23-009323,0001213900-23-009323,defm14a0223_gxacq2.htm,DEFM14A,2023-02-08,0001826669,GX Acquisition Corp. II,6770,Blank Checks,,ELK CREEK RESOURCES CORP.
0001193125-23-030343,0001193125-23-030343,d192607ddefm14a.htm,DEFM14A,2023-02-09,0001534133,"GRAYBUG VISION, INC.",2834,Pharmaceutical Preparations,CALC,"CalciMedica, Inc."
0001140361-23-005763,0001140361-23-005763,ny20006256x1_defm14a.htm,DEFM14A,2023-02-10,0001745041,"IAA, Inc.",5500,Retail-Auto Dealers & Gasoline Stations,,"IAA, Inc."
0001140361-23-006176,0001140361-23-006176,ny20006468x3_defm14a.htm,DEFM14A,2023-02-13,0001615055,IsoPlexis Corp,3826,Laboratory Analytical Instruments,,IsoPlexis Corp
0001140361-23-006402,0001140361-23-006402,ny20006791x3_defm14a.htm,DEFM14A,2023-02-13,0000040888,"AEROJET ROCKETDYNE HOLDINGS, INC.",3760,Guided Missiles & Space Vehicles & Parts,,"AEROJET ROCKETDYNE HOLDINGS, INC."
0001631256-23-000012,0001631256-23-000012,kbsgidefm14a-definitivepro.htm,DEFM14A,2023-02-13,0001631256,"KBS Growth & Income REIT, Inc.",6798,Real Estate Investment Trusts,,"KBS Growth & Income REIT, Inc."
0001104659-23-020264,0001104659-23-020264,tm235882-3_defm14a.htm,DEFM14A,2023-02-14,0001762359,"Acreage Holdings, Inc.",5900,Retail-Miscellaneous Retail,,"Acreage Holdings, Inc."
0001140361-23-007809,0001140361-23-007809,ny20006988x2_defm14a.htm,DEFM14A,2023-02-21,0001819584,Volta Inc.,3790,Miscellaneous Transportation Equipment,,Volta Inc.
0001140361-23-009051,0001140361-23-009051,ny20006914x5_defm14a.htm,DEFM14A,2023-02-28,0001160951,"DUCK CREEK TECHNOLOGIES, INC.",7372,Services-Prepackaged Software,,"DUCK CREEK TECHNOLOGIES, INC."
0001193125-23-054031,0001193125-23-054031,d390280ddefm14a.htm,DEFM14A,2023-02-28,0001874259,Maxpro Capital Acquisition Corp.,6770,Blank Checks,,Maxpro Capital Acquisition Corp.
0001140361-23-009264,0001140361-23-009264,ny20007798x1_defm14a.htm,DEFM14A,2023-03-01,0001060219,"SALISBURY BANCORP, INC.",6035,"Savings Institution, Federally Chartered",,"SALISBURY BANCORP, INC."
0001213900-23-015568,0001213900-23-015568,defm14a2023_atlastech.htm,DEFM14A,2023-03-01,0001751143,"ATLAS TECHNICAL CONSULTANTS, INC.",8742,Services-Management Consulting Services,,"ATLAS TECHNICAL CONSULTANTS, INC."
0001140361-23-011133,0001140361-23-011133,ny20006083x8_defm14a.htm,DEFM14A,2023-03-10,0001592016,"AgroFresh Solutions, Inc.",2870,Agricultural Chemicals,,"AgroFresh Solutions, Inc."
0001104659-23-033023,0001104659-23-033023,tm2233033-2_defm14a.htm,DEFM14A,2023-03-16,0001121142,Maxar Technologies Inc.,3663,Radio & Tv Broadcasting & Communications Equipment,,Maxar Technologies Inc.
0001140361-23-012078,0001140361-23-012078,ny20006673x6_defm14a.htm,DEFM14A,2023-03-16,0001801754,"Trean Insurance Group, Inc.",6331,"Fire, Marine & Casualty Insurance",,"Trean Insurance Group, Inc."
0001104659-23-034173,0001104659-23-034173,tm238159-3_defm14a.htm,DEFM14A,2023-03-20,0001091748,"Argo Group International Holdings, Ltd.",6361,Title Insurance,,"Argo Group International Holdings, Inc."
0001193125-23-074204,0001193125-23-074204,d475906ddefm14a.htm,DEFM14A,2023-03-20,0001841338,"CIIG Capital Partners II, Inc.",6770,Blank Checks,,"CIIG Capital Partners II, Inc."
0001140361-23-013384,0001140361-23-013384,ny20007640x2_defm14a.htm,DEFM14A,2023-03-23,0001180145,Cardiovascular Systems Inc,3841,Surgical & Medical Instruments & Apparatus,,Cardiovascular Systems Inc
0001104659-23-037141,0001104659-23-037141,tm2135137-61_defm14a.htm,DEFM14A,2023-03-27,0001853084,Blue Safari Group Acquisition Corp,7374,Services-Computer Processing & Data Preparation,,Blue Safari Group Acquisition Corp
0001193125-23-082219,0001193125-23-082219,d298231ddefm14a.htm,DEFM14A,2023-03-28,0001475348,Luther Burbank Corp,6022,State Commercial Banks,,Luther Burbank Corp
0001193125-23-082262,0001193125-23-082262,d487137ddefm14a.htm,DEFM14A,2023-03-28,0001142596,NUVASIVE INC,3841,Surgical & Medical Instruments & Apparatus,,NUVASIVE INC
0001140361-23-014861,0001140361-23-014861,ny20007831x2_defm14a.htm,DEFM14A,2023-03-30,0001550603,"MALVERN BANCORP, INC.",6035,"Savings Institution, Federally Chartered",,"MALVERN BANCORP, INC."
0001193125-23-084417,0001193125-23-084417,d477620ddefm14a.htm,DEFM14A,2023-03-30,0001564406,"Oak Street Health, Inc.",8000,Services-Health Services,,"Oak Street Health, Inc."
0001493152-23-009723,0001493152-23-009723,formdefm14a.htm,DEFM14A,2023-03-30,0001883799,Jupiter Wellness Acquisition Corp.,6770,Blank Checks,,Jupiter Wellness Acquisition Corp.
0001104659-23-040431,0001104659-23-040431,tm239913-3_defm14a.htm,DEFM14A,2023-04-03,0001378453,TravelCenters of America Inc. /MD/,5500,Retail-Auto Dealers & Gasoline Stations,,TravelCenters of America Inc. /MD/
0001140361-23-016606,0001140361-23-016606,ny20007628x2_defm14a.htm,DEFM14A,2023-04-05,0001643269,"Sumo Logic, Inc.",7372,Services-Prepackaged Software,,"Sumo Logic, Inc."
0001140361-23-017708,0001140361-23-017708,edge20008368x1_defm14a.htm,DEFM14A,2023-04-11,0001604643,Evoqua Water Technologies Corp.,3580,Refrigeration & Service Industry Machinery,,Evoqua Water Technologies Corp.
0001839882-23-009537,0001839882-23-009537,admp-defm14a_051523.htm,DEFM14A,2023-04-13,0000887247,Adamis Pharmaceuticals Corp,2834,Pharmaceutical Preparations,,DMK PHARMACEUTICALS Corp
0001104659-23-045607,0001104659-23-045607,tm238036-5_defm14a.htm,DEFM14A,2023-04-14,0001037390,"INDUS REALTY TRUST, INC.",6500,Real Estate,,"INDUS REALTY TRUST, INC."
0001104659-23-047840,0001104659-23-047840,tm2313261-1_defm14a.htm,DEFM14A,2023-04-20,0001750019,TCR2 THERAPEUTICS INC.,2836,"Biological Products, (No Diagnostic Substances)",,TCR2 THERAPEUTICS INC.
0001104659-23-047892,0001104659-23-047892,tm2313147-1_defm14a.htm,DEFM14A,2023-04-20,0001784797,Broadmark Realty Capital Inc.,6798,Real Estate Investment Trusts,,Broadmark Realty Capital Inc.
0001193125-23-112984,0001193125-23-112984,d484035ddefm14a.htm,DEFM14A,2023-04-24,0001060736,Seagen Inc.,2836,"Biological Products, (No Diagnostic Substances)",,Seagen Inc.
0001213900-23-032009,0001213900-23-032009,defm14a0423_enzobio.htm,DEFM14A,2023-04-24,0000316253,ENZO BIOCHEM INC,2836,"Biological Products, (No Diagnostic Substances)",,ENZO BIOCHEM INC
0001140361-23-021031,0001140361-23-021031,ny20008458x3_defm14a.htm,DEFM14A,2023-04-27,0001739936,MOMENTIVE GLOBAL INC.,7370,"Services-Computer Programming, Data Processing, Etc.",,MOMENTIVE GLOBAL INC.
0001140361-23-021440,0001140361-23-021440,ny20008413x1_defm14a.htm,DEFM14A,2023-04-28,0000055772,KIMBALL INTERNATIONAL INC,2510,Household Furniture,,KIMBALL INTERNATIONAL INC
0001193125-23-132584,0001193125-23-132584,d490341ddefm14a.htm,DEFM14A,2023-05-02,0001494319,Univar Solutions Inc.,5160,Wholesale-Chemicals & Allied Products,,Univar Solutions Inc.
0001140361-23-022710,0001140361-23-022710,ny20008527x2_defm14a.htm,DEFM14A,2023-05-03,0001827075,CVENT HOLDING CORP.,7372,Services-Prepackaged Software,,CVENT HOLDING CORP.
0001104659-23-055893,0001104659-23-055893,tm2314376-1_defm14a.htm,DEFM14A,2023-05-04,0001408057,iCoreConnect Inc.,7372,Services-Prepackaged Software,,iCoreConnect Inc.
0001104659-23-055893,0001104659-23-080232,tm2321065-1_defm14a.htm,DEFM14A,2023-07-12,0001408057,iCoreConnect Inc.,7372,Services-Prepackaged Software,,iCoreConnect Inc.
0001104659-23-056636,0001104659-23-056636,tm239070-3_defm14a.htm,DEFM14A,2023-05-05,0001810739,"Radius Global Infrastructure, Inc.",6519,"Lessors of  Real Property, NEC",,"Radius Global Infrastructure, Inc."
0001104659-23-056636,0001104659-23-059724,tm239070-4_defm14a.htm,DEFM14A,2023-05-12,0001810739,"Radius Global Infrastructure, Inc.",6519,"Lessors of  Real Property, NEC",,"Radius Global Infrastructure, Inc."
0001104659-23-057213,0001104659-23-057213,tm2314925-1_defm14a.htm,DEFM14A,2023-05-08,0000855874,COMMUNITY FINANCIAL CORP /MD/,6022,State Commercial Banks,,COMMUNITY FINANCIAL CORP /MD/
0001140361-23-023334,0001140361-23-023334,ny20008545x3_defm14a.htm,DEFM14A,2023-05-08,0001038133,HESKA CORP,2835,In Vitro & In Vivo Diagnostic Substances,,HESKA CORP
0001104659-23-059839,0001104659-23-059839,tm2229000-22_defm14a.htm,DEFM14A,2023-05-12,0001837607,Priveterra Acquisition Corp.,2834,Pharmaceutical Preparations,AEON,"AEON Biopharma, Inc."
0001193125-23-143253,0001193125-23-143253,d679829ddefm14a.htm,DEFM14A,2023-05-12,0001836478,Avalon Acquisition Inc.,6770,Blank Checks,,"Beneficient Merger Sub II, LLC"
0001193125-23-143628,0001193125-23-143628,d451358ddefm14a.htm,DEFM14A,2023-05-12,0000832090,PARTNERS BANCORP,6022,State Commercial Banks,,PARTNERS BANCORP
0001213900-23-038692,0001213900-23-038692,defm14a0523_digerati.htm,DEFM14A,2023-05-12,0001014052,"Digerati Technologies, Inc.",7374,Services-Computer Processing & Data Preparation,DTGI,"Digerati Technologies, Inc."
0001104659-23-060078,0001104659-23-060078,tm2311231-5_defm14a.htm,DEFM14A,2023-05-15,0001831617,"Diversey Holdings, Ltd.",2842,"Specialty Cleaning, Polishing and Sanitation Preparations",,"Diversey Holdings, Ltd."
0001654954-23-006389,0001654954-23-006389,tpco_defm14a.htm,DEFM14A,2023-05-15,0001876945,TPCO Holding Corp.,0100,Agricultural Production-Crops,,Gold Flora Corp.
0001193125-23-146068,0001193125-23-146068,d489453ddefm14a.htm,DEFM14A,2023-05-16,0001718852,"Prometheus Biosciences, Inc.",2834,Pharmaceutical Preparations,,"Prometheus Biosciences, Inc."
0001104659-23-062323,0001104659-23-062323,tm2316195-1_defm14a.htm,DEFM14A,2023-05-18,0000077159,Ranger Oil Corp,1311,Crude Petroleum & Natural Gas,,"BAYTEX ENERGY USA, INC."
0001829126-23-003638,0001829126-23-003638,mountaincrest5_defm14a.htm,DEFM14A,2023-05-22,0001859035,Mountain Crest Acquisition Corp. V,3841,Surgical & Medical Instruments & Apparatus,"MCAG,MCAGR,MCAGU",Mountain Crest Acquisition Corp. V
0001104659-23-064190,0001104659-23-064190,tm231775-7_defm14a.htm,DEFM14A,2023-05-24,0000923571,US XPRESS ENTERPRISES INC,4213,Trucking (No Local),,US XPRESS ENTERPRISES INC
0001140361-23-026665,0001140361-23-026665,ny20009029x2_defm14a.htm,DEFM14A,2023-05-25,0000935494,NATIONAL INSTRUMENTS CORP,7372,Services-Prepackaged Software,,NATIONAL INSTRUMENTS CORP
0001446371-23-000029,0001446371-23-000029,a2023proxyliquidationanddi.htm,DEFM14A,2023-05-31,0001446371,"Strategic Realty Trust, Inc.",6798,Real Estate Investment Trusts,,"Strategic Realty Trust, Inc."
0001104659-23-067886,0001104659-23-067886,tm2316342-3_defm14a.htm,DEFM14A,2023-06-05,0001410939,"IVERIC bio, Inc.",2834,Pharmaceutical Preparations,,"IVERIC bio, Inc."
0001193125-23-161653,0001193125-23-161653,d490281ddefm14a.htm,DEFM14A,2023-06-06,0000944314,"LIFE STORAGE, INC.",6798,Real Estate Investment Trusts,,"LIFE STORAGE, INC."
0001193125-23-161659,0001193125-23-161659,d480137ddefm14a.htm,DEFM14A,2023-06-06,0001113148,"INFINITY PHARMACEUTICALS, INC.",2834,Pharmaceutical Preparations,,"INFINITY PHARMACEUTICALS, INC."
0001104659-23-069453,0001104659-23-069453,tm2316245-3_defm14a.htm,DEFM14A,2023-06-08,0000927355,TESSCO TECHNOLOGIES INC,5065,"Wholesale-Electronic Parts & Equipment, NEC",,TESSCO TECHNOLOGIES INC
0001213900-23-047883,0001213900-23-047883,defm14a0623_gogreen.htm,DEFM14A,2023-06-09,0001852940,GoGreen Investments Corp,6770,Blank Checks,,GoGreen Investments Corp
0001104659-23-070125,0001104659-23-070125,tm2312331-6_defm14a.htm,DEFM14A,2023-06-12,0001651052,Focus Financial Partners Inc.,6282,Investment Advice,,Focus Financial Partners Inc.
0001140361-23-029267,0001140361-23-029267,ny20008842x2_defm14a.htm,DEFM14A,2023-06-12,0001730346,"Charah Solutions, Inc.",4955,Hazardous Waste Management,,"Charah Solutions, Inc."
0001477932-23-004518,0001477932-23-004518,vkin_defm14a.htm,DEFM14A,2023-06-13,0001102432,"VIKING ENERGY GROUP, INC.",1311,Crude Petroleum & Natural Gas,,"VIKING ENERGY GROUP, INC."
0001193125-23-166149,0001193125-23-166149,d392703ddefm14a.htm,DEFM14A,2023-06-14,0001814287,East Resources Acquisition Co,6282,Investment Advice,"ABX,ABXL","Abacus Global Management, Inc."
0001104659-23-071627,0001104659-23-071627,tm2315184-9_defm14a.htm,DEFM14A,2023-06-15,0000831547,SPECTRUM PHARMACEUTICALS INC,2834,Pharmaceutical Preparations,,SPECTRUM PHARMACEUTICALS INC
0001104659-23-071820,0001104659-23-071820,tm2317667-3_defm14a.htm,DEFM14A,2023-06-16,0000355379,MIDWEST HOLDING INC.,6311,Life Insurance,,MIDWEST HOLDING INC.
0001140361-23-030186,0001140361-23-030186,ny20009102x2_defm14a.htm,DEFM14A,2023-06-16,0001790982,Arconic Corp,3350,Rolling Drawing & Extruding of  Nonferrous Metals,,Arconic Corp
0001666384-23-000035,0001666384-23-000035,bdc-defm14axbdcmerger6x16x.htm,DEFM14A,2023-06-16,0001666384,"AG Twin Brook BDC, Inc.",,,,"AG Twin Brook BDC, Inc."
0001913724-23-000066,0001913724-23-000066,tcap-defm14axbdcmerger6x15.htm,DEFM14A,2023-06-16,0001913724,AG Twin Brook Capital Income Fund,,,,TPG Twin Brook Capital Income Fund
0001140361-23-030510,0001140361-23-030510,ny20009217x2_defm14a.htm,DEFM14A,2023-06-20,0001755237,"Cyclerion Therapeutics, Inc.",2834,Pharmaceutical Preparations,KRSA,"Korsana Biosciences, Inc."
0001104659-23-074808,0001104659-23-074808,tm2318681-3_defm14a.htm,DEFM14A,2023-06-26,0001827980,"Embark Technology, Inc.",7373,Services-Computer Integrated Systems Design,,"Embark Technology, Inc."
0001654954-23-008406,0001654954-23-008406,isig_defm14a.htm,DEFM14A,2023-06-26,0000875355,INSIGNIA SYSTEMS INC/MN,0100,Agricultural Production-Crops,TULP,"BLOOMIA HOLDINGS, INC."
0001140361-23-031699,0001140361-23-031699,ny20008555x8_defm14a.htm,DEFM14A,2023-06-27,0001824734,"Berkshire Grey, Inc.",3569,"General Industrial Machinery & Equipment, NEC",,"Berkshire Grey, Inc."
0001193125-23-176268,0001193125-23-176268,d450417ddefm14a.htm,DEFM14A,2023-06-27,0001610950,"Syneos Health, Inc.",8731,Services-Commercial Physical & Biological Research,,"Syneos Health, Inc."
0001493152-23-022691,0001493152-23-022691,formdefm14a.htm,DEFM14A,2023-06-28,0000878828,WIRELESS TELECOM GROUP INC,3669,"Communications Equipment, NEC",,WIRELESS TELECOM GROUP INC
0001437749-23-019040,0001437749-23-019040,apgn20230629_defm14a.htm,DEFM14A,2023-06-30,0001814140,"Apexigen, Inc.",2834,Pharmaceutical Preparations,,"Apexigen, Inc."
0001213900-23-054836,0001213900-23-054836,defm14a0723_hainan.htm,DEFM14A,2023-07-05,0001894370,Hainan Manaslu Acquisition Corp.,6770,Blank Checks,,Hainan Manaslu Acquisition Corp.
0001493152-23-023459,0001493152-23-023459,formdefm14a.htm,DEFM14A,2023-07-05,0001853112,Genesis Unicorn Capital Corp.,6770,Blank Checks,,Genesis Unicorn Capital Corp.
0001140361-23-033450,0001140361-23-033450,ny20009488x2_defm14a.htm,DEFM14A,2023-07-06,0001803599,Concentrix Corp,7389,"Services-Business Services, NEC",CNXC,Concentrix Corp
0001193125-23-182844,0001193125-23-182844,d518149ddefm14a.htm,DEFM14A,2023-07-06,0001660734,Triton International Ltd,7359,"Services-Equipment Rental & Leasing, NEC","TRTN-PA,TRTN-PB,TRTN-PC,TRTN-PD,TRTN-PE,TRTN-PF,TRTN-PG",Triton International Ltd
0001193125-23-183845,0001193125-23-183845,d445118ddefm14a.htm,DEFM14A,2023-07-07,0001828608,Compute Health Acquisition Corp.,6770,Blank Checks,,Compute Health Acquisition Corp.
0001193125-23-183879,0001193125-23-183879,d512919ddefm14a.htm,DEFM14A,2023-07-07,0000077877,"PDC ENERGY, INC.",1311,Crude Petroleum & Natural Gas,,"PDC ENERGY, INC."
0001193125-23-184575,0001193125-23-184575,d518592ddefm14a.htm,DEFM14A,2023-07-10,0001435049,"CHINOOK THERAPEUTICS, INC.",2834,Pharmaceutical Preparations,,"CHINOOK THERAPEUTICS, INC."
0001381507-23-000035,0001381507-23-000035,defm14a.htm,DEFM14A,2023-07-10,0001381507,"LIMEADE, INC",7372,Services-Prepackaged Software,,"LIMEADE, INC"
0001193125-23-185357,0001193125-23-185357,d498324ddefm14a.htm,DEFM14A,2023-07-11,0001642985,Mobile Infrastructure Corp,6798,Real Estate Investment Trusts,,Mobile Infrastructure Corp
0001193125-23-185707,0001193125-23-185707,d701314ddefm14a.htm,DEFM14A,2023-07-12,0001029800,URSTADT BIDDLE PROPERTIES INC,6798,Real Estate Investment Trusts,,URSTADT BIDDLE PROPERTIES INC
0001140361-23-034324,0001140361-23-034324,ny20009212x8_defm14a.htm,DEFM14A,2023-07-13,0001282977,GREENHILL & CO INC,6211,"Security Brokers, Dealers & Flotation Companies",,GREENHILL & CO INC
0001104659-23-081018,0001104659-23-081018,tm2317758-7_defm14a.htm,DEFM14A,2023-07-14,0001528930,"Franchise Group, Inc.",6794,Patent Owners & Lessors,,"Franchise Group, Inc."
0001140361-23-034666,0001140361-23-034666,ny20009611x2_defm14a.htm,DEFM14A,2023-07-17,0001091883,CIRCOR INTERNATIONAL INC,3490,Miscellaneous Fabricated Metal Products,,CIRCOR INTERNATIONAL INC
0001104659-23-082040,0001104659-23-082040,tm2320116-8_defm14a.htm,DEFM14A,2023-07-18,0001568162,"Necessity Retail REIT, Inc.",6798,Real Estate Investment Trusts,,"Necessity Retail REIT, Inc."
0001104659-23-082716,0001104659-23-082716,tm2317840-3_defm14a.htm,DEFM14A,2023-07-20,0001046995,EMAGIN CORP,3674,Semiconductors & Related Devices,,EMAGIN CORP
0001140361-23-035323,0001140361-23-035323,ny20006478x10_defm14a.htm,DEFM14A,2023-07-20,0001124105,"CATALYST BIOSCIENCES, INC.",2834,Pharmaceutical Preparations,GYRE,"GYRE THERAPEUTICS, INC."
0001104659-23-082930,0001104659-23-082930,tm2319155-1_defm14a.htm,DEFM14A,2023-07-21,0001075415,DIVERSIFIED HEALTHCARE TRUST,6798,Real Estate Investment Trusts,"DHC,DHCNI,DHCNL",DIVERSIFIED HEALTHCARE TRUST
0001140361-23-035753,0001140361-23-035753,ny20009601x4_defm14a.htm,DEFM14A,2023-07-24,0001305773,Conformis Inc,3842,"Orthopedic, Prosthetic & Surgical Appliances & Supplies",,Conformis Inc
0001213900-23-059403,0001213900-23-059403,defm14a0723_magellanmid.htm,DEFM14A,2023-07-25,0001126975,"Magellan Midstream Partners, L.P.",4610,Pipe Lines (No Natural Gas),,"Magellan Midstream Partners, L.P."
0001193125-23-194691,0001193125-23-194691,d529654ddefm14a.htm,DEFM14A,2023-07-26,0001718108,"Surface Oncology, Inc.",2836,"Biological Products, (No Diagnostic Substances)",,"Surface Oncology, Inc."
0001193125-23-197067,0001193125-23-197067,d529826ddefm14a.htm,DEFM14A,2023-07-28,0001851908,Black Spade Acquisition Co,6770,Blank Checks,,Black Spade Acquisition Co
0001193125-23-199246,0001193125-23-199246,d514905ddefm14a.htm,DEFM14A,2023-07-31,0001115128,Quotient Technology Inc.,7310,Services-Advertising,,Quotient Technology Inc.
0001193125-23-199400,0001193125-23-199400,d501533ddefm14a.htm,DEFM14A,2023-07-31,0001688476,NEXTIER OILFIELD SOLUTIONS INC.,1389,"Oil & Gas Field Services, NEC",,NEXTIER OILFIELD SOLUTIONS INC.
0001193125-23-201788,0001193125-23-201788,d468238ddefm14a.htm,DEFM14A,2023-08-02,0001178711,"Paratek Pharmaceuticals, Inc.",2834,Pharmaceutical Preparations,,"Paratek Pharmaceuticals, Inc."
0001213900-23-063736,0001213900-23-063736,defm14a0823_cfacqui.htm,DEFM14A,2023-08-04,0001839530,CF Acquisition Corp. VIII,7389,"Services-Business Services, NEC","XBP,XBPEW","XBP Global Holdings, Inc."
0001104659-23-088116,0001104659-23-088116,tm2318462-10_defm14a.htm,DEFM14A,2023-08-07,0001144519,BUNGELTD,2070,Fats & Oils,,BUNGELTD
0001104659-23-089839,0001104659-23-089839,tm2321414-3_defm14a.htm,DEFM14A,2023-08-10,0000896262,AMEDISYS INC,8082,Services-Home Health Care Services,,AMEDISYS INC
0001213900-23-065683,0001213900-23-065683,defm14a0823_seqllinc.htm,DEFM14A,2023-08-10,0001605888,"SeqLL, Inc.",7363,Services-Help Supply Services,CIRC,CIRCLE8 GROUP INC
0001213900-23-067037,0001213900-23-067037,defm14a0823_m3brigd3.htm,DEFM14A,2023-08-14,0001856589,M3-Brigade Acquisition III Corp.,6770,Blank Checks,,M3-Brigade Acquisition III Corp.
0001193125-23-215239,0001193125-23-215239,d454793ddefm14a.htm,DEFM14A,2023-08-18,0001719489,"Kaleyra, Inc.",7374,Services-Computer Processing & Data Preparation,,"Kaleyra, Inc."
0001193125-23-217478,0001193125-23-217478,d536160ddefm14a.htm,DEFM14A,2023-08-22,0001358762,REATA PHARMACEUTICALS INC,2834,Pharmaceutical Preparations,,REATA PHARMACEUTICALS INC
0001193125-23-220091,0001193125-23-220091,d496206ddefm14a.htm,DEFM14A,2023-08-24,0001159167,IROBOT CORP,3630,Household Appliances,,IROBOT CORP
0001140361-23-041374,0001140361-23-041374,ny20009779x1_defm14a.htm,DEFM14A,2023-08-28,0001754820,"Desktop Metal, Inc.",3559,"Special Industry Machinery, NEC",,"Desktop Metal, Inc."
0001140361-23-041904,0001140361-23-041904,ny20009924x2_defm14a.htm,DEFM14A,2023-08-31,0000830524,CHASE CORP,3640,Electric Lighting & Wiring Equipment,,CHASE CORP
0001193125-23-226434,0001193125-23-226434,d541818ddefm14a.htm,DEFM14A,2023-08-31,0001403431,"Heritage-Crystal Clean, Inc.",4950,Sanitary Services,,"Heritage-Crystal Clean, Inc."
0001104659-23-098309,0001104659-23-098309,tm2314601-4_defm14a.htm,DEFM14A,2023-09-05,0001164727,NEWMONT Corp /DE/,1040,Gold and Silver Ores,"NEM,NEMCL",NEWMONT Corp /DE/
0001193125-23-230849,0001193125-23-230849,d517828ddefm14a.htm,DEFM14A,2023-09-08,0001853436,Mercato Partners Acquisition Corp,6770,Blank Checks,,Mercato Partners Acquisition Corp
0001140361-23-043402,0001140361-23-043402,ny20010314x1_defm14a.htm,DEFM14A,2023-09-11,0001840353,Twin Ridge Capital Acquisition Corp.,6770,Blank Checks,,Twin Ridge Capital Acquisition Corp.
0001493152-23-032152,0001493152-23-032152,formdefm14a.htm,DEFM14A,2023-09-11,0001931691,Mobiv Acquisition Corp,6770,Blank Checks,,Mobiv Acquisition Corp
0001437749-23-025712,0001437749-23-025712,tmbr20230906_defm14a.htm,DEFM14A,2023-09-12,0001504167,"Timber Pharmaceuticals, Inc.",2834,Pharmaceutical Preparations,,"TREX WIND-DOWN, INC."
0001104659-23-100257,0001104659-23-100257,tm2324805-4_defm14a.htm,DEFM14A,2023-09-13,0001856608,"Sovos Brands, Inc.",2000,Food and Kindred Products,,"Sovos Brands, Inc."
0001193125-23-234764,0001193125-23-234764,d421220ddefm14a.htm,DEFM14A,2023-09-14,0001857518,Jaguar Global Growth Corp I,6770,Blank Checks,,Jaguar Global Growth Corp I
0001193125-23-236205,0001193125-23-236205,d548459ddefm14a.htm,DEFM14A,2023-09-15,0001836056,Ambrx Biopharma Inc.,2836,"Biological Products, (No Diagnostic Substances)",,"Ambrx Biopharma Cayman, Inc."
0001213900-23-077055,0001213900-23-077055,defm14a0923_fastacq.htm,DEFM14A,2023-09-15,0001839824,FAST Acquisition Corp. II,6770,Blank Checks,,FAST Acquisition Corp. II
0001387131-23-011191,0001387131-23-011191,avid-defm14a_091523.htm,DEFM14A,2023-09-15,0000896841,"AVID TECHNOLOGY, INC.",7372,Services-Prepackaged Software,,"AVID TECHNOLOGY, INC."
0001104659-23-101407,0001104659-23-101407,tm2325633-8_defm14a.htm,DEFM14A,2023-09-18,0001599489,Veritiv Corp,5110,Wholesale-Paper & Paper Products,,Veritiv Corp
0001140361-23-044618,0001140361-23-044618,ny20010074x2_defm14a.htm,DEFM14A,2023-09-20,0001530721,Capri Holdings Ltd,3100,Leather & Leather Products,CPRI,Capri Holdings Ltd
0001140361-23-044863,0001140361-23-044863,ny20010089x3_defm14a.htm,DEFM14A,2023-09-22,0001534992,"Fiesta Restaurant Group, Inc.",5812,Retail-Eating  Places,,"Fiesta Restaurant Group, Inc."
0001213900-23-078724,0001213900-23-078724,defm14a0923_athena.htm,DEFM14A,2023-09-22,0001869141,Athena Consumer Acquisition Corp.,6770,Blank Checks,,Athena Consumer Acquisition Corp.
0001193125-23-241385,0001193125-23-241385,d484419ddefm14a.htm,DEFM14A,2023-09-25,0001448056,"NEW RELIC, INC.",7372,Services-Prepackaged Software,,"NEW RELIC, INC."
0001140361-23-045221,0001140361-23-045221,ny20009932x2_defm14a.htm,DEFM14A,2023-09-26,0001065201,AMERINST INSURANCE GROUP LTD,6399,"Insurance Carriers, NEC",,AMERINST INSURANCE GROUP LTD
0001193125-23-241634,0001193125-23-241634,d460039ddefm14a.htm,DEFM14A,2023-09-26,0000010254,EARTHSTONE ENERGY INC,1311,Crude Petroleum & Natural Gas,,EARTHSTONE ENERGY INC
0001193125-23-242474,0001193125-23-242474,d548430ddefm14a.htm,DEFM14A,2023-09-26,0001815086,Bridgetown Holdings Ltd,6770,Blank Checks,,Bridgetown Holdings Ltd
0001104659-23-105311,0001104659-23-105311,tm2327208-1_defm14a.htm,DEFM14A,2023-09-29,0000741516,AMERICAN NATIONAL BANKSHARES INC.,6021,National Commercial Banks,,AMERICAN NATIONAL BANKSHARES INC.
0001140361-23-046033,0001140361-23-046033,ny20010262x2_defm14a.htm,DEFM14A,2023-09-29,0001651561,"Tabula Rasa HealthCare, Inc.",7389,"Services-Business Services, NEC",,"Tabula Rasa HealthCare, Inc."
0001193125-23-247425,0001193125-23-247425,d508095ddefm14a.htm,DEFM14A,2023-09-29,0001628171,"Revolution Medicines, Inc.",2836,"Biological Products, (No Diagnostic Substances)","RVMD,RVMDW","Revolution Medicines, Inc."
0001193125-23-247450,0001193125-23-247450,d528331ddefm14a.htm,DEFM14A,2023-09-29,0001136352,Crestwood Equity Partners LP,4923,Natural Gas Transmisison & Distribution,,Crestwood Equity Partners LP
0001193125-23-247498,0001193125-23-247498,d508095ddefm14a.htm,DEFM14A,2023-09-29,0001843762,"EQRx, Inc.",2834,Pharmaceutical Preparations,,"EQRx, Inc."
0001193125-23-247519,0001193125-23-247519,d537588ddefm14a.htm,DEFM14A,2023-09-29,0000945764,DENBURY INC,1311,Crude Petroleum & Natural Gas,,DENBURY INC
0001628280-23-033306,0001628280-23-033306,wmcdefm14a.htm,DEFM14A,2023-09-29,0001465885,Western Asset Mortgage Capital Corp,6798,Real Estate Investment Trusts,,Western Asset Mortgage Capital Corp
0001193125-23-247738,0001193125-23-247738,d459793ddefm14a.htm,DEFM14A,2023-10-02,0001874495,Forbion European Acquisition Corp.,6770,Blank Checks,,Forbion European Acquisition Corp.
0001013762-23-000700,0001013762-23-000700,defm14a1023_healthwell.htm,DEFM14A,2023-10-03,0001845013,Healthwell Acquisition Corp. I,6770,Blank Checks,,Healthwell Acquisition Corp. I
0001013762-23-001231,0001013762-23-001231,defm14a1023_mountain4.htm,DEFM14A,2023-10-03,0001853774,Mountain Crest Acquisition Corp. IV,6770,Blank Checks,,Mountain Crest Acquisition Corp. IV
0001140361-23-046709,0001140361-23-046709,ny20010221x4_defm14a.htm,DEFM14A,2023-10-03,0001063344,HERSHA HOSPITALITY TRUST,6798,Real Estate Investment Trusts,,HERSHA HOSPITALITY TRUST
0001140361-23-047419,0001140361-23-047419,ny20010960x2_defm14a.htm,DEFM14A,2023-10-06,0000708818,"NEXTGEN HEALTHCARE, INC.",7373,Services-Computer Integrated Systems Design,,"NEXTGEN HEALTHCARE, INC."
0001193125-23-253555,0001193125-23-253555,d540258ddefm14a.htm,DEFM14A,2023-10-10,0001069308,Acer Therapeutics Inc.,2834,Pharmaceutical Preparations,,Acer Therapeutics Inc.
0001104659-23-108400,0001104659-23-108400,tm235906-28_defm14a.htm,DEFM14A,2023-10-11,0001830795,Quantum FinTech Acquisition Corp,6770,Blank Checks,,Quantum FinTech Acquisition Corp
0001104659-23-108594,0001104659-23-108594,tm2327115-1_defm14a.htm,DEFM14A,2023-10-11,0001039828,AMERICAN EQUITY INVESTMENT LIFE HOLDING CO,6311,Life Insurance,ANG-PD,American National Group Inc.
0001140361-23-047968,0001140361-23-047968,ny20009939x12_defm14a.htm,DEFM14A,2023-10-12,0001403256,"Sculptor Capital Management, Inc.",6282,Investment Advice,,"Sculptor Capital Management, Inc."
0001013762-23-003769,0001013762-23-003769,defm14a1023_hnracqcorp.htm,DEFM14A,2023-10-13,0001842556,HNR Acquisition Corp.,1311,Crude Petroleum & Natural Gas,"EONR,EONR-WT",EON Resources Inc.
0001193125-23-256830,0001193125-23-256830,d445480ddefm14a.htm,DEFM14A,2023-10-16,0000811808,"SUMMIT FINANCIAL GROUP, INC.",6022,State Commercial Banks,,"SUMMIT FINANCIAL GROUP, INC."
0001193125-23-256964,0001193125-23-256964,d244114ddefm14a.htm,DEFM14A,2023-10-16,0001068875,"AVANTAX, INC.",6199,Finance Services,,"AVANTAX, INC."
0001140361-23-049098,0001140361-23-049098,ny20010147x1_defm14a.htm,DEFM14A,2023-10-23,0001102112,PACWEST BANCORP,6021,National Commercial Banks,,PACWEST BANCORP
0001493152-23-038290,0001493152-23-038290,formdefm14a.htm,DEFM14A,2023-10-25,0001025561,SharpLink Gaming Ltd.,7372,Services-Prepackaged Software,,SharpLink Gaming Ltd.
0001193125-23-264080,0001193125-23-264080,d547666ddefm14a.htm,DEFM14A,2023-10-26,0001283140,HOLLY ENERGY PARTNERS LP,4610,Pipe Lines (No Natural Gas),,HOLLY ENERGY PARTNERS LP
0001193125-23-265190,0001193125-23-265190,d530891ddefm14a.htm,DEFM14A,2023-10-27,0000866374,FLEX LTD.,3672,Printed Circuit Boards,FLEX,FLEX LTD.
0001140361-23-050211,0001140361-23-050211,ny20011269x2_defm14a.htm,DEFM14A,2023-10-30,0001353283,SPLUNK INC,7372,Services-Prepackaged Software,,SPLUNK INC
0001140361-23-051002,0001140361-23-051002,edge20012673x2_defm14a.htm,DEFM14A,2023-11-02,0001576263,"Mirati Therapeutics, Inc.",2834,Pharmaceutical Preparations,,"Mirati Therapeutics, Inc."
0001104659-23-113886,0001104659-23-113886,tm2329675-1_defm14.htm,DEFM14A,2023-11-03,0001209028,Arlington Asset Investment Corp.,6798,Real Estate Investment Trusts,,Arlington Asset Investment Corp.
0001213900-23-084286,0001213900-23-084286,defm14a1123_duneacqcorp.htm,DEFM14A,2023-11-07,0001817232,Dune Acquisition Corp,2810,Industrial Inorganic Chemicals,"HGAS,HGASW",Global Gas Corp
0001213900-23-084770,0001213900-23-084770,defm14a1123_nubiabrand.htm,DEFM14A,2023-11-08,0001881551,Nubia Brand International Corp.,3690,"Miscellaneous Electrical Machinery, Equipment & Supplies",STI,Solidion Technology Inc.
0001140361-23-052517,0001140361-23-052517,ny20013953x1_defm14a.htm,DEFM14A,2023-11-09,0000842183,RPT Realty,6798,Real Estate Investment Trusts,,RPT Realty
0001193125-23-274482,0001193125-23-274482,d476634ddefm14a.htm,DEFM14A,2023-11-09,0001057083,PC TEL INC,3663,Radio & Tv Broadcasting & Communications Equipment,,PC TEL INC
0001104659-23-116607,0001104659-23-116607,tm235988-15_defm14a.htm,DEFM14A,2023-11-13,0001863990,Sportsmap Tech Acquisition Corp.,3827,Optical Instruments & Lenses,"MSAI,MSAIW","MultiSensor AI Holdings, Inc."
0001104659-23-117330,0001104659-23-117330,tm2231344-21_defm14a.htm,DEFM14A,2023-11-13,0001883984,Clean Earth Acquisitions Corp.,4931,Electric & Other Services Combined,"ALCE,ACLEW,ADIS",Aedis Energy Inc.
0001193125-23-276048,0001193125-23-276048,d446572ddefm14a.htm,DEFM14A,2023-11-13,0001843973,EG Acquisition Corp.,4522,"Air Transportation, Nonscheduled","FLYX,FLYX-WT",FLYEXCLUSIVE INC.
0001213900-23-086229,0001213900-23-086229,defm14a1123_jupiteracq.htm,DEFM14A,2023-11-13,0001817868,Jupiter Acquisition Corp,6770,Blank Checks,,Jupiter Acquisition Corp
0001213900-23-086974,0001213900-23-086974,defm14a1123_nukkleusinc.htm,DEFM14A,2023-11-14,0001592782,Nukkleus Inc.,8742,Services-Management Consulting Services,,Nukkleus Inc.
0001104659-23-118701,0001104659-23-118701,tm2320950-18_defm14a.htm,DEFM14A,2023-11-15,0001849475,Newcourt Acquisition Corp,6770,Blank Checks,,Newcourt Acquisition Corp
0001193125-23-278885,0001193125-23-278885,d873327ddefm14a.htm,DEFM14A,2023-11-16,0001748907,Orchard Therapeutics plc,2836,"Biological Products, (No Diagnostic Substances)",,Orchard Therapeutics plc
0001104659-23-119284,0001104659-23-119284,tm2329683-3_defm14a.htm,DEFM14A,2023-11-17,0000075340,P&F INDUSTRIES INC,3540,Metalworkg Machinery & Equipment,,P&F INDUSTRIES INC
0001140361-23-054021,0001140361-23-054021,ny20009544x17_defm14a.htm,DEFM14A,2023-11-20,0001742924,Livent Corp.,2800,Chemicals & Allied Products,,Livent Corp.
0001437749-23-032700,0001437749-23-032700,amti20231115_defm14a.htm,DEFM14A,2023-11-21,0001801777,Applied Molecular Transport Inc.,2834,Pharmaceutical Preparations,,Applied Molecular Transport Inc.
0001104659-23-120710,0001104659-23-120710,tm2330954-1_defm14a.htm,DEFM14A,2023-11-22,0001854458,Nabors Energy Transition Corp.,6770,Blank Checks,,Nabors Energy Transition Corp.
0001140361-23-055244,0001140361-23-055244,ny20012235x2_defm14a.htm,DEFM14A,2023-11-29,0000897429,"CHICO'S FAS, INC.",5621,Retail-Women's Clothing Stores,,"CHICO'S FAS, INC."
0001213900-23-091383,0001213900-23-091383,defm14a1123_national.htm,DEFM14A,2023-11-30,0001635984,"National Western Life Group, Inc.",6311,Life Insurance,,"National Western Life Group, Inc."
0001104659-23-122894,0001104659-23-122894,tm2331941-1_defm14a.htm,DEFM14A,2023-12-01,0001837412,"SomaLogic, Inc.",8731,Services-Commercial Physical & Biological Research,,"SomaLogic, Inc."
0001140361-23-055837,0001140361-23-055837,ny20014075x2_defm14a.htm,DEFM14A,2023-12-01,0001616741,"PATRIOT TRANSPORTATION HOLDING, INC.",4210,Trucking & Courier Services (No Air),,"PATRIOT TRANSPORTATION HOLDING, INC."
0001193125-23-287940,0001193125-23-287940,d565409ddefm14a.htm,DEFM14A,2023-12-04,0001635650,Green Plains Partners LP,2860,Industrial Organic Chemicals,,Green Plains Partners LP
0001213900-23-092701,0001213900-23-092701,defm14a1223_prospector.htm,DEFM14A,2023-12-04,0001825473,Prospector Capital Corp.,6770,Blank Checks,,Prospector Capital Corp.
0001193125-23-292687,0001193125-23-292687,d932345ddefm14a.htm,DEFM14A,2023-12-11,0000315858,Bluegreen Vacations Holding Corp,6500,Real Estate,,Bluegreen Vacations Holding Corp
0001140361-23-057272,0001140361-23-057272,ny20012217x7_defm14a.htm,DEFM14A,2023-12-12,0001621563,"Summit Materials, Inc.",1400,Mining & Quarrying of  Nonmetallic Minerals (No Fuels),,"Summit Materials, Inc."
0001104659-23-126223,0001104659-23-126223,tm2332707-1_defm14a.htm,DEFM14A,2023-12-15,0001913577,Denali Capital Acquisition Corp.,2834,Pharmaceutical Preparations,"SMNR,SMNRW","Semnur Pharmaceuticals, Inc."
0001104659-23-126524,0001104659-23-126524,tm2328485-15_defm14a.htm,DEFM14A,2023-12-18,0001304421,"Consolidated Communications Holdings, Inc.",4813,Telephone Communications (No Radiotelephone),,"Consolidated Communications Holdings, Inc."
0001104659-23-127321,0001104659-23-127321,tm2332600-1_defm14a.htm,DEFM14A,2023-12-19,0001308606,"SPIRIT REALTY CAPITAL, INC.",6512,Opeators of  Nonresidential Buildings,,"SPIRIT REALTY CAPITAL, INC."
0001193125-23-298094,0001193125-23-298094,d564969ddefm14a.htm,DEFM14A,2023-12-19,0001863105,"EngageSmart, Inc.",7372,Services-Prepackaged Software,,"EngageSmart, Inc."
0001213900-23-099048,0001213900-23-099048,defm14a1223_sizzle.htm,DEFM14A,2023-12-28,0001829322,Sizzle Acquisition Corp.,6770,Blank Checks,,Sizzle Acquisition Corp.
0001104659-24-000347,0001104659-24-000347,tm2332464-4_defm14a.htm,DEFM14A,2024-01-02,0000855654,"ImmunoGen, Inc.",2834,Pharmaceutical Preparations,,"ImmunoGen, Inc."
0001174947-24-000002,0001174947-24-000002,defm14a1223_community.htm,DEFM14A,2024-01-02,0001051343,COMMUNITY WEST BANCSHARES /,6022,State Commercial Banks,,COMMUNITY WEST BANCSHARES /
0001731122-24-000002,0001731122-24-000002,e5304_defm14a.htm,DEFM14A,2024-01-03,0001527728,RENOVARO BIOSCIENCES INC.,2834,Pharmaceutical Preparations,LNAI,Lunai Bioworks Inc.
0001193125-24-003822,0001193125-24-003822,d558063ddefm14a.htm,DEFM14A,2024-01-08,0001038357,PIONEER NATURAL RESOURCES CO,1311,Crude Petroleum & Natural Gas,,PIONEER NATURAL RESOURCES CO
0001193125-24-004804,0001193125-24-004804,d585124ddefm14a.htm,DEFM14A,2024-01-09,0001172222,HAWAIIAN HOLDINGS INC,4512,"Air Transportation, Scheduled",,HAWAIIAN HOLDINGS INC
0001493152-24-001777,0001493152-24-001777,formdefm14a.htm,DEFM14A,2024-01-09,0001799332,GAN Ltd,7370,"Services-Computer Programming, Data Processing, Etc.",,GAN Ltd
0001193125-24-005660,0001193125-24-005660,d152391ddefm14a.htm,DEFM14A,2024-01-10,0001059262,SP Plus Corp,7510,Services-Auto Rental & Leasing (No Drivers),,SP Plus Corp
0001104659-24-003346,0001104659-24-003346,tm243061-1_defm14a.htm,DEFM14A,2024-01-11,0001574540,Physicians Realty Trust,6798,Real Estate Investment Trusts,,"DOC DR Holdco, LLC"
0001140361-24-001904,0001140361-24-001904,ny20013239x6_defm14a.htm,DEFM14A,2024-01-11,0001326003,BlackRock Capital Investment Corp,,,,BlackRock Capital Investment Corp
0001104659-24-003694,0001104659-24-003694,tm236957-38_defm14a.htm,DEFM14A,2024-01-12,0001841024,L Catterton Asia Acquisition Corp,6770,Blank Checks,,L Catterton Asia Acquisition Corp
0001140361-24-002362,0001140361-24-002362,ny20014378x11_defm14a.htm,DEFM14A,2024-01-16,0001719395,"Eargo, Inc.",3842,"Orthopedic, Prosthetic & Surgical Appliances & Supplies",,"Eargo, Inc."
0001193125-24-008601,0001193125-24-008601,d723856ddefm14a.htm,DEFM14A,2024-01-16,0000711772,CAMBRIDGE BANCORP,6022,State Commercial Banks,,CAMBRIDGE BANCORP
0001437749-24-001391,0001437749-24-001391,sofo20240115_defm14a.htm,DEFM14A,2024-01-16,0001029744,SONIC FOUNDRY INC,3663,Radio & Tv Broadcasting & Communications Equipment,,SONIC FOUNDRY INC
0001193125-24-009698,0001193125-24-009698,d649735ddefm14a.htm,DEFM14A,2024-01-18,0001805387,"Cerevel Therapeutics Holdings, Inc.",2834,Pharmaceutical Preparations,,"Cerevel Therapeutics Holdings, Inc."
0001140361-24-002983,0001140361-24-002983,ny20018318x2_defm14a.htm,DEFM14A,2024-01-22,0001417663,"SANUWAVE Health, Inc.",3841,Surgical & Medical Instruments & Apparatus,SNWV,"SANUWAVE Health, Inc."
0001213900-24-005378,0001213900-24-005378,defm14a0124_phoenix.htm,DEFM14A,2024-01-22,0001870404,PHOENIX BIOTECH ACQUISITION CORP.,2836,"Biological Products, (No Diagnostic Substances)","CERO,CEROW","CERO THERAPEUTICS HOLDINGS, INC."
0001628280-24-001811,0001628280-24-001811,rover-definitiveproxystate.htm,DEFM14A,2024-01-22,0001826018,"ROVER GROUP, INC.",7200,Services-Personal Services,,"ROVER GROUP, INC."
0001193125-24-013016,0001193125-24-013016,d813099ddefm14a.htm,DEFM14A,2024-01-23,0001604477,SQZ Biotechnologies Co,2836,"Biological Products, (No Diagnostic Substances)",,SQZ Biotechnologies Co
0001104659-24-006293,0001104659-24-006293,tm2330661-7_defm14a.htm,DEFM14A,2024-01-24,0001035976,"FNCB Bancorp, Inc.",6021,National Commercial Banks,,"FNCB Bancorp, Inc."
0001193125-24-013508,0001193125-24-013508,d862393ddefm14a.htm,DEFM14A,2024-01-24,0001770141,"UpHealth, Inc.",8000,Services-Health Services,,"UpHealth, Inc."
0001493152-24-003660,0001493152-24-003660,formdefm14a.htm,DEFM14A,2024-01-24,0001576914,MiX Telematics Ltd,7372,Services-Prepackaged Software,,MiX Telematics Ltd
0001104659-24-006495,0001104659-24-006495,tm243906-1_defm14a.htm,DEFM14A,2024-01-25,0001676479,"CapStar Financial Holdings, Inc.",6022,State Commercial Banks,,"CapStar Financial Holdings, Inc."
0001213900-24-007071,0001213900-24-007071,defm14a0124_faze.htm,DEFM14A,2024-01-26,0001839360,FaZe Holdings Inc.,7990,Services-Miscellaneous Amusement & Recreation,,FaZe Holdings Inc.
0001193125-24-017579,0001193125-24-017579,d541497ddefm14a.htm,DEFM14A,2024-01-29,0001836981,"BigBear.ai Holdings, Inc.",7372,Services-Prepackaged Software,"BBAI,BBAI-WT","BigBear.ai Holdings, Inc."
0001193125-24-017817,0001193125-24-017817,d35957ddefm14a.htm,DEFM14A,2024-01-29,0001990550,"Ambrx Biopharma, Inc.",2836,"Biological Products, (No Diagnostic Substances)",,"Ambrx Biopharma, Inc."
0001193125-24-020916,0001193125-24-020916,d377586ddefm14a.htm,DEFM14A,2024-01-31,0001831481,Flame Acquisition Corp.,1311,Crude Petroleum & Natural Gas,SOC,Sable Offshore Corp.
0001193125-24-021002,0001193125-24-021002,d574523ddefm14a.htm,DEFM14A,2024-01-31,0000701374,Six Flags Entertainment Corp,7990,Services-Miscellaneous Amusement & Recreation,,Six Flags Entertainment Corp/OLD
0001213900-24-009331,0001213900-24-009331,defm14a0124_lakeshoreacq2.htm,DEFM14A,2024-02-02,0001867287,Lakeshore Acquisition II Corp.,6770,Blank Checks,,Lakeshore Acquisition II Corp.
0001477932-24-000522,0001477932-24-000522,gmgi_defm14a.htm,DEFM14A,2024-02-02,0001437925,"Golden Matrix Group, Inc.",7372,Services-Prepackaged Software,MRDN,Meridian Holdings Inc./NV
0001140361-24-005655,0001140361-24-005655,ny20017467x2_defm14a.htm,DEFM14A,2024-02-05,0001771917,"Karuna Therapeutics, Inc.",2834,Pharmaceutical Preparations,,"Karuna Therapeutics, Inc."
0001193125-24-027505,0001193125-24-027505,d734477ddefm14a.htm,DEFM14A,2024-02-08,0001708493,"Harpoon Therapeutics, Inc.",2836,"Biological Products, (No Diagnostic Substances)",,"Harpoon Therapeutics, Inc."
0001213900-24-011224,0001213900-24-011224,defm14a0224_edocacq.htm,DEFM14A,2024-02-08,0001824884,Edoc Acquisition Corp.,2070,Fats & Oils,,Edoc Acquisition Corp.
0001193125-24-029921,0001193125-24-029921,d659085ddefm14a.htm,DEFM14A,2024-02-09,0001689923,"Alteryx, Inc.",7372,Services-Prepackaged Software,,"Alteryx, Inc."
0001193125-24-032059,0001193125-24-032059,d657998ddefm14a.htm,DEFM14A,2024-02-12,0001322439,Eagle Bulk Shipping Inc.,4412,Deep Sea Foreign Transportation of  Freight,,Eagle Bulk Shipping Inc.
0001140361-24-007420,0001140361-24-007420,ny20019231x4_defm14a.htm,DEFM14A,2024-02-13,0001819493,"Xos, Inc.",3714,Motor Vehicle Parts & Accessories,XOS,"Xos, Inc."
0001140361-24-007434,0001140361-24-007434,ny20018918x2_defm14a.htm,DEFM14A,2024-02-13,0001637736,ELECTRAMECCANICA VEHICLES CORP.,3711,Motor Vehicles & Passenger Car Bodies,,ELECTRAMECCANICA VEHICLES CORP.
0001193125-24-033933,0001193125-24-033933,d397281ddefm14a.htm,DEFM14A,2024-02-13,0001865506,ESGEN Acquisition Corp,1700,Construction - Special Trade Contractors,"ZEO,ZEOWW",Zeo Energy Corp.
0001193125-24-036596,0001193125-24-036596,d728177ddefm14a.htm,DEFM14A,2024-02-14,0001354327,"PGT Innovations, Inc.",3442,"Metal Doors, Sash, Frames, Moldings & Trim",,"PGT Innovations, Inc."
0001213900-24-014062,0001213900-24-014062,defm14a0224_aspaci.htm,DEFM14A,2024-02-14,0001868775,ASPAC I Acquisition Corp.,6770,Blank Checks,,ASPAC I Acquisition Corp.
0001104659-24-024147,0001104659-24-024147,tm2232968-26_defm14a.htm,DEFM14A,2024-02-15,0001823086,Kingswood Acquisition Corp.,6770,Blank Checks,,Kingswood Acquisition Corp.
0001193125-24-037649,0001193125-24-037649,d503606ddefm14a.htm,DEFM14A,2024-02-15,0001838293,Catcha Investment Corp,6770,Blank Checks,,Catcha Investment Corp
0001213900-24-014633,0001213900-24-014633,defm14a0224_daseke.htm,DEFM14A,2024-02-15,0001642453,"Daseke, Inc.",4700,Transportation Services,,"Daseke, Inc."
0001193125-24-038126,0001193125-24-038126,d694457ddefm14a.htm,DEFM14A,2024-02-16,0000928022,Callon Petroleum Co,1311,Crude Petroleum & Natural Gas,,Callon Petroleum Co
0001140361-24-008813,0001140361-24-008813,ny20018966x6_defm14a.htm,DEFM14A,2024-02-21,0001689382,Trilogy International Partners Inc.,4812,Radiotelephone Communications,,Trilogy International Partners Inc.
0001193125-24-041444,0001193125-24-041444,d766329ddefm14a.htm,DEFM14A,2024-02-21,0001449488,CSI Compressco LP,1389,"Oil & Gas Field Services, NEC",,CSI Compressco LP
0001140361-24-008938,0001140361-24-008938,ny20018730x2_defm14a.htm,DEFM14A,2024-02-22,0001603756,"Axonics, Inc.",3841,Surgical & Medical Instruments & Apparatus,,"Axonics, Inc."
0001140361-24-009317,0001140361-24-009317,ny20013234x8_defm14a.htm,DEFM14A,2024-02-26,0001845368,HCM Acquisition Corp,6770,Blank Checks,,HCM Acquisition Corp
0001193125-24-046175,0001193125-24-046175,d84254ddefm14a.htm,DEFM14A,2024-02-26,0001043604,JUNIPER NETWORKS INC,3576,Computer Communications Equipment,,JUNIPER NETWORKS INC
0001140361-24-011076,0001140361-24-011076,ny20020698x2_defm14a.htm,DEFM14A,2024-03-04,0000773141,"M.D.C. HOLDINGS, INC.",1531,Operative Builders,,"SEKISUI HOUSE U.S., INC."
0001193125-24-058005,0001193125-24-058005,d585789ddefm14a.htm,DEFM14A,2024-03-04,0001715768,"Transphorm, Inc.",3674,Semiconductors & Related Devices,,"Transphorm, Inc."
0001213900-24-019635,0001213900-24-019635,ea0201086-01.htm,DEFM14A,2024-03-04,0001879297,LAMF Global Ventures Corp. I,6770,Blank Checks,,LAMF Global Ventures Corp. I
0001213900-24-020504,0001213900-24-020504,ea0200972-04.htm,DEFM14A,2024-03-06,0001007019,COFFEE HOLDING CO INC,2090,Miscellaneous Food Preparations & Kindred Products,JVA,COFFEE HOLDING CO INC
0001140361-24-012403,0001140361-24-012403,ny20021849x2_defm14a.htm,DEFM14A,2024-03-08,0000054381,KAMAN Corp,3760,Guided Missiles & Space Vehicles & Parts,,KAMAN Corp
0001104659-24-033546,0001104659-24-033546,tm243679-12_defm14a.htm,DEFM14A,2024-03-12,0001163302,UNITED STATES STEEL CORP,3312,"Steel Works, Blast Furnaces & Rolling Mills (Coke Ovens)",,UNITED STATES STEEL CORP
0001493152-24-009757,0001493152-24-009757,defm14a.htm,DEFM14A,2024-03-13,0001843988,two,6770,Blank Checks,,two
0001213900-24-023118,0001213900-24-023118,ea0201011-02.htm,DEFM14A,2024-03-15,0001822250,ContextLogic Inc.,5961,Retail-Catalog & Mail-Order Houses,,ContextLogic Inc.
0001104659-24-035231,0001104659-24-035231,tm248086-1_defm14a.htm,DEFM14A,2024-03-18,0000858655,HAYNES INTERNATIONAL INC,3310,"Steel Works, Blast Furnaces & Rolling & Finishing Mills",,HAYNES INTERNATIONAL INC
0001193125-24-070237,0001193125-24-070237,d764784ddefm14a.htm,DEFM14A,2024-03-18,0001823575,"ZeroFox Holdings, Inc.",7389,"Services-Business Services, NEC",,"ZeroFox Holdings, Inc."
0001213900-24-023659,0001213900-24-023659,ea0201986-01.htm,DEFM14A,2024-03-19,0001865701,Keyarch Acquisition Corp,6770,Blank Checks,,Keyarch Acquisition Corp
0001213900-24-024109,0001213900-24-024109,ea0200051-04.htm,DEFM14A,2024-03-19,0001847241,Project Energy Reimagined Acquisition Corp.,6770,Blank Checks,,Project Energy Reimagined Acquisition Corp.
0001193125-24-073284,0001193125-24-073284,d809325ddefm14a.htm,DEFM14A,2024-03-21,0001437352,"EVERBRIDGE, INC.",7372,Services-Prepackaged Software,,"EVERBRIDGE, INC."
0001193125-24-075345,0001193125-24-075345,d771808ddefm14a.htm,DEFM14A,2024-03-22,0000893691,MASONITE INTERNATIONAL CORP,2430,"Millwood, Veneer, Plywood, & Structural Wood Members",,MASONITE INTERNATIONAL CORP
0001140361-24-016156,0001140361-24-016156,ny20020120x10_defm14a.htm,DEFM14A,2024-03-28,0001606268,"Via Renewables, Inc.",4931,Electric & Other Services Combined,,"Via Renewables, Inc."
0001213900-24-027217,0001213900-24-027217,ea0202831-01.htm,DEFM14A,2024-03-28,0001878074,Blue World Acquisition Corp,6770,Blank Checks,,Blue World Acquisition Corp
0001213900-24-027217,0001213900-24-041520,ea0205756-01.htm,DEFM14A,2024-05-10,0001878074,Blue World Acquisition Corp,6770,Blank Checks,,Blue World Acquisition Corp
0001104659-24-040773,0001104659-24-040773,tm242915-1_defm14a.htm,DEFM14A,2024-03-29,0001861541,Pegasus Digital Mobility Acquisition Corp.,6770,Blank Checks,,Pegasus Digital Mobility Acquisition Corp.
0001140361-24-016439,0001140361-24-016439,ny20021341x14_defm14a.htm,DEFM14A,2024-03-29,0001539838,"Diamondback Energy, Inc.",1311,Crude Petroleum & Natural Gas,FANG,"Diamondback Energy, Inc."
0001628280-24-014367,0001628280-24-014367,vistaoutdoorsdefm14a.htm,DEFM14A,2024-04-02,0001616318,Vista Outdoor Inc.,3480,"Ordnance & Accessories, (No Vehicles/Guided Missiles)",,Vista Outdoor Inc.
0001628280-24-014367,0001628280-24-043191,vistaoutdoordefm14a10212024.htm,DEFM14A,2024-10-21,0001616318,Vista Outdoor Inc.,3480,"Ordnance & Accessories, (No Vehicles/Guided Missiles)",,Vista Outdoor Inc.
0001193125-24-086017,0001193125-24-086017,d464008ddefm14a.htm,DEFM14A,2024-04-03,0001110805,NuStar Energy L.P.,4610,Pipe Lines (No Natural Gas),,NuStar Energy L.P.
0001213900-24-030423,0001213900-24-030423,ea0200189-09.htm,DEFM14A,2024-04-04,0001929231,Plutonian Acquisition Corp.,6770,Blank Checks,,Plutonian Acquisition Corp.
0001104659-24-045026,0001104659-24-045026,tm2411415-1_defm14a.htm,DEFM14A,2024-04-09,0001831270,Bite Acquisition Corp.,6770,Blank Checks,,Bite Acquisition Corp.
0001193125-24-090955,0001193125-24-090955,d816012ddefm14a.htm,DEFM14A,2024-04-09,0001486159,Chord Energy Corp,1311,Crude Petroleum & Natural Gas,CHRD,Chord Energy Corp
0001213900-24-031955,0001213900-24-031955,ea0203661-01.htm,DEFM14A,2024-04-11,0001490054,"VERDE BIO HOLDINGS, INC.",1311,Crude Petroleum & Natural Gas,APHD,"VERDE BIO HOLDINGS, INC."
0001213900-24-032535,0001213900-24-032535,ea0200829-03.htm,DEFM14A,2024-04-12,0000809248,"CARROLS RESTAURANT GROUP, INC.",5812,Retail-Eating  Places,,"CARROLS RESTAURANT GROUP, INC."
0001437749-24-011842,0001437749-24-011842,scx20240411_defm14a.htm,DEFM14A,2024-04-12,0000093676,STARRETT L S CO,3420,"Cutlery, Handtools & General Hardware",,STARRETT L S CO
0001104659-24-047364,0001104659-24-047364,tm2411812d1_defm14a.htm,DEFM14A,2024-04-15,0001715268,"Golub Capital BDC 3, Inc.",,,,"Golub Capital BDC 3, Inc."
0001193125-24-095515,0001193125-24-095515,d766260ddefm14a.htm,DEFM14A,2024-04-15,0001596783,"Catalent, Inc.",2834,Pharmaceutical Preparations,,"Catalent, Inc."
0001140361-24-020334,0001140361-24-020334,ny20025601x1_defm14a.htm,DEFM14A,2024-04-17,0001013462,ANSYS INC,7372,Services-Prepackaged Software,,ANSYS INC
0001193125-24-100105,0001193125-24-100105,d795458ddefm14a.htm,DEFM14A,2024-04-18,0001832433,Ferguson plc,5070,Wholesale-Hardware & Plumbing & Heating Equipment & Supplies,,Ferguson (Jersey) Ltd
0001193125-24-100949,0001193125-24-100949,d796534ddefm14a.htm,DEFM14A,2024-04-18,0001893325,Screaming Eagle Acquisition Corp.,6770,Blank Checks,,Screaming Eagle Acquisition Corp.
0001193125-24-101740,0001193125-24-101740,d804247ddefm14a.htm,DEFM14A,2024-04-19,0001836176,Fathom Digital Manufacturing Corp,3440,Fabricated Structural Metal Products,,Fathom Digital Manufacturing Corp
0001193125-24-113909,0001193125-24-113909,d794805ddefm14a.htm,DEFM14A,2024-04-25,0001805890,Fusion Pharmaceuticals Inc.,2836,"Biological Products, (No Diagnostic Substances)",,Fusion Pharmaceuticals Inc.
0001193125-24-114268,0001193125-24-114268,d752872ddefm14a.htm,DEFM14A,2024-04-25,0001785345,"Landos Biopharma, Inc.",2834,Pharmaceutical Preparations,,"Landos Biopharma, Inc."
0001104659-24-052918,0001104659-24-052918,tm247409-4_defm14a.htm,DEFM14A,2024-04-26,0001739614,"Inhibrx, Inc.",2836,"Biological Products, (No Diagnostic Substances)",,"Inhibrx, Inc."
0001104659-24-053001,0001104659-24-053001,tm243828-20_defm14a.htm,DEFM14A,2024-04-26,0001732845,WestRock Co,2650,Paperboard Containers & Boxes,,WestRock Co
0001193125-24-118240,0001193125-24-118240,d821055ddefm14a.htm,DEFM14A,2024-04-26,0000004447,HESS CORP,2911,Petroleum Refining,,HESS CORP
0001193125-24-122373,0001193125-24-122373,d792278ddefm14a.htm,DEFM14A,2024-04-29,0001642545,"Shockwave Medical, Inc.",3841,Surgical & Medical Instruments & Apparatus,,"Shockwave Medical, Inc."
0001140361-24-023245,0001140361-24-023245,ny20026086x1_defm14a.htm,DEFM14A,2024-04-30,0000806279,CODORUS VALLEY BANCORP INC,6035,"Savings Institution, Federally Chartered",,CODORUS VALLEY BANCORP INC
0001193125-24-133144,0001193125-24-133144,d799428ddefm14a.htm,DEFM14A,2024-05-07,0001609253,California Resources Corp,1311,Crude Petroleum & Natural Gas,CRC,California Resources Corp
0001213900-24-041840,0001213900-24-041840,ea0202159-07.htm,DEFM14A,2024-05-10,0001865697,Genesis Growth Tech Acquisition Corp.,6770,Blank Checks,,NeuroMind AI Corp.
0001193125-24-137212,0001193125-24-137212,d823672ddefm14a.htm,DEFM14A,2024-05-13,0001036044,"Identiv, Inc.",3577,"Computer Peripheral Equipment, NEC",INVE,"INVE Technologies, Inc."
0001104659-24-060892,0001104659-24-060892,tm2411289-5_defm14a.htm,DEFM14A,2024-05-14,0000719494,"Inrad Optics, Inc.",3679,"Electronic Components, NEC",,"Inrad Optics, Inc."
0001193125-24-138940,0001193125-24-138940,d823552ddefm14a.htm,DEFM14A,2024-05-15,0001118417,"MODEL N, INC.",7370,"Services-Computer Programming, Data Processing, Etc.",,"MODEL N, INC."
0001193125-24-139432,0001193125-24-139432,d725849ddefm14a.htm,DEFM14A,2024-05-15,0001723089,ChampionX Corp,3530,"Construction, Mining & Materials Handling Machinery & Equip",,ChampionX Corp
0001552781-24-000348,0001552781-24-000348,e24254_hmst-defm14a.htm,DEFM14A,2024-05-16,0001518715,"HomeStreet, Inc.",6022,State Commercial Banks,MCHB,Mechanics Bancorp
0001140361-24-026597,0001140361-24-026597,ny20023448x9_defm14a.htm,DEFM14A,2024-05-17,0001859285,HireRight Holdings Corp,7389,"Services-Business Services, NEC",,HireRight Holdings Corp
0001104659-24-063128,0001104659-24-063128,tm2414886-1_defm14a.htm,DEFM14A,2024-05-20,0000007332,SOUTHWESTERN ENERGY CO,1311,Crude Petroleum & Natural Gas,,SOUTHWESTERN ENERGY CO
0001140361-24-026771,0001140361-24-026771,ny20027412x2_defm14a.htm,DEFM14A,2024-05-20,0001838672,"AdTheorent Holding Company, Inc.",7370,"Services-Computer Programming, Data Processing, Etc.",,"AdTheorent Holding Company, Inc."
0001829126-24-003493,0001829126-24-003493,goldenstaracq_defm14a.htm,DEFM14A,2024-05-20,0001895144,Golden Star Acquisition Corp,6770,Blank Checks,,Golden Star Acquisition Corp
0001829126-24-003493,0001493152-24-052185,formdefm14a.htm,DEFM14A,2024-12-27,0001895144,Golden Star Acquisition Corp,6770,Blank Checks,,Golden Star Acquisition Corp
0001140361-24-026959,0001140361-24-026959,ny20027469x6_defm14a.htm,DEFM14A,2024-05-21,0001820877,Apartment Income REIT Corp.,6798,Real Estate Investment Trusts,,Apartment Income REIT Corp.
0001104659-24-064083,0001104659-24-064083,tm2412615-3_defm14a.htm,DEFM14A,2024-05-22,0000850460,ENCORE WIRE CORP,3350,Rolling Drawing & Extruding of  Nonferrous Metals,,ENCORE WIRE CORP
0001193125-24-145520,0001193125-24-145520,d656463ddefm14a.htm,DEFM14A,2024-05-23,0001831979,Global Partner Acquisition Corp II,3330,Primary Smelting & Refining of  Nonferrous Metals,"SDST,SDSTW",Stardust Power Inc.
0001104659-24-066291,0001104659-24-066291,tm2415779-1_defm14a.htm,DEFM14A,2024-05-30,0001829953,Corner Growth Acquisition Corp.,6770,Blank Checks,,Corner Growth Acquisition Corp.
0001140361-24-028382,0001140361-24-028382,ny20028649x2_defm14a.htm,DEFM14A,2024-05-31,0001505611,"DecisionPoint Systems, Inc.",7370,"Services-Computer Programming, Data Processing, Etc.",,"DecisionPoint Systems, Inc."
0001193125-24-153666,0001193125-24-153666,d787069ddefm14a.htm,DEFM14A,2024-06-04,0001768446,"Eliem Therapeutics, Inc.",2834,Pharmaceutical Preparations,CLYM,"Climb Bio, Inc."
0001104659-24-068732,0001104659-24-068732,tm2416404-1_defm14a.htm,DEFM14A,2024-06-05,0001747009,Equitrans Midstream Corp,4922,Natural Gas Transmission,,Midstream Co LLC
0001104659-24-068913,0001104659-24-068913,tm2414631-3_defm14a.htm,DEFM14A,2024-06-06,0001423221,Quanex Building Products CORP,3350,Rolling Drawing & Extruding of  Nonferrous Metals,NX,Quanex Building Products CORP
0001193125-24-156116,0001193125-24-156116,d827161ddefm14a.htm,DEFM14A,2024-06-06,0001675149,Alcoa Corp,3334,Primary Production of  Aluminum,AA,Alcoa Corp
0001104659-24-069610,0001104659-24-069610,tm2411980-3_defm14a.htm,DEFM14A,2024-06-07,0001401564,"First Financial Northwest, Inc.",6022,State Commercial Banks,,"First Financial Northwest, Inc."
0001193125-24-157540,0001193125-24-157540,d841485ddefm14a.htm,DEFM14A,2024-06-07,0001340122,"Calumet Specialty Products Partners, L.P.",2911,Petroleum Refining,,"Calumet Specialty Products Partners, L.P."
0001493152-24-023033,0001493152-24-023033,formdefm14a.htm,DEFM14A,2024-06-07,0001752036,California BanCorp,6022,State Commercial Banks,,California BanCorp
0001193125-24-157836,0001193125-24-157836,d824303ddefm14a.htm,DEFM14A,2024-06-10,0000752714,MCGRATH RENTCORP,7359,"Services-Equipment Rental & Leasing, NEC",MGRC,MCGRATH RENTCORP
0001193125-24-158348,0001193125-24-158348,d827929ddefm14a.htm,DEFM14A,2024-06-10,0001819394,"Matterport, Inc./DE",7372,Services-Prepackaged Software,,"Matterport, Inc./DE"
0001193125-24-158702,0001193125-24-158702,d813403ddefm14a.htm,DEFM14A,2024-06-11,0001524741,"U.S. SILICA HOLDINGS, INC.",1400,Mining & Quarrying of  Nonmetallic Minerals (No Fuels),,"U.S. SILICA HOLDINGS, INC."
0001493152-24-023603,0001493152-24-023603,formdefm14a.htm,DEFM14A,2024-06-12,0001936702,Cetus Capital Acquisition Corp.,6770,Blank Checks,,Cetus Capital Acquisition Corp.
0001140361-24-029939,0001140361-24-029939,ny20028706x3_defm14a.htm,DEFM14A,2024-06-13,0001720671,"HashiCorp, Inc.",7371,Services-Computer Programming Services,,"HashiCorp, Inc."
0001140361-24-030010,0001140361-24-030010,ny20028621x2_defm14a.htm,DEFM14A,2024-06-13,0001017480,HIBBETT INC,5940,Retail-Miscellaneous Shopping Goods Stores,,HIBBETT INC
0001213900-24-052928,0001213900-24-052928,ea0207799-01.htm,DEFM14A,2024-06-14,0001549922,"Summit Midstream Partners, LP",4922,Natural Gas Transmission,,"Summit Midstream Partners, LP"
0001104659-24-072506,0001104659-24-072506,tm2417437-1_defm14a.htm,DEFM14A,2024-06-18,0001053584,MACATAWA BANK CORP,6022,State Commercial Banks,,MACATAWA BANK CORP
0001104659-24-073479,0001104659-24-073479,tm2417668-1_defm14a.htm,DEFM14A,2024-06-20,0001828248,Churchill Capital Corp VII,6770,Blank Checks,,Churchill Capital Corp VII
0001104659-24-073975,0001104659-24-073975,tm2415667-3_defm14a.htm,DEFM14A,2024-06-21,0001825590,SL Investment Corp.,,,,SL Investment Corp.
0001140361-24-031141,0001140361-24-031141,ny20024121x13_defm14a.htm,DEFM14A,2024-06-24,0001753706,"Whole Earth Brands, Inc.",2060,Sugar & Confectionery Products,,"Whole Earth Brands, Inc."
0001213900-24-055001,0001213900-24-055001,ea0208346-01.htm,DEFM14A,2024-06-24,0001882963,AIB Acquisition Corp,6770,Blank Checks,,AIB Acquisition Corp
0001193125-24-169200,0001193125-24-169200,d834503ddefm14a.htm,DEFM14A,2024-06-26,0001085869,PERFICIENT INC,7371,Services-Computer Programming Services,,PERFICIENT INC
0001628280-24-030396,0001628280-24-030396,silverbow-defm14a.htm,DEFM14A,2024-06-28,0000351817,"SILVERBOW RESOURCES, INC.",1311,Crude Petroleum & Natural Gas,,"SILVERBOW RESOURCES, INC."
0001193125-24-173274,0001193125-24-173274,d822419ddefm14a.htm,DEFM14A,2024-07-01,0001593548,"PlayAGS, Inc.",3990,Miscellaneous Manufacturing Industries,,"PlayAGS, Inc."
0001193125-24-174382,0001193125-24-174382,d824632ddefm14a.htm,DEFM14A,2024-07-02,0001600422,"Superior Drilling Products, Inc.",3533,Oil & Gas Field Machinery & Equipment,,"Superior Drilling Products, Inc."
0001193125-24-175616,0001193125-24-175616,d771152ddefm14a.htm,DEFM14A,2024-07-05,0000920112,HEARTLAND FINANCIAL USA INC,6022,State Commercial Banks,,HEARTLAND FINANCIAL USA INC
0001437749-24-022218,0001437749-24-022218,asxc20240701_defm14a.htm,DEFM14A,2024-07-05,0000876378,"ASENSUS SURGICAL, INC.",3841,Surgical & Medical Instruments & Apparatus,,"ASENSUS SURGICAL, INC."
0001140361-24-032682,0001140361-24-032682,ny20030523x2_defm14a.htm,DEFM14A,2024-07-08,0000924717,SURMODICS INC,3841,Surgical & Medical Instruments & Apparatus,,SURMODICS INC
0001929980-24-000292,0001929980-24-000292,tris_defm14a.htm,DEFM14A,2024-07-09,0001852736,Tristar Acquisition I Corp.,6770,Blank Checks,,Tristar Acquisition I Corp.
0001140361-24-032849,0001140361-24-032849,ny20029448x3_defm14a.htm,DEFM14A,2024-07-10,0000066756,ALLETE INC,4931,Electric & Other Services Combined,,ALLETE INC
0001193125-24-177226,0001193125-24-177226,d670164ddefm14a.htm,DEFM14A,2024-07-10,0001844817,Armada Acquisition Corp. I,6770,Blank Checks,,Armada Acquisition Corp. I
0001193125-24-177292,0001193125-24-177292,d768297ddefm14a.htm,DEFM14A,2024-07-10,0000861878,STERICYCLE INC,4955,Hazardous Waste Management,,STERICYCLE INC
0001493152-24-026751,0001493152-24-026751,formdefm14a.htm,DEFM14A,2024-07-10,0001832950,"Kernel Group Holdings, Inc.",6770,Blank Checks,,"Kernel Group Holdings, Inc."
0001104659-24-079694,0001104659-24-079694,tm2417272-3_defm14a.htm,DEFM14A,2024-07-15,0000701288,ATRION CORP,3841,Surgical & Medical Instruments & Apparatus,,ATRION CORP
0001140361-24-033082,0001140361-24-033082,ny20020899x33_defm14a.htm,DEFM14A,2024-07-15,0001838821,ARYA Sciences Acquisition Corp IV,6770,Blank Checks,,ARYA Sciences Acquisition Corp IV
0001104659-24-080226,0001104659-24-080226,tm2417792-7_defm14a.htm,DEFM14A,2024-07-16,0001564618,"Independent Bank Group, Inc.",6022,State Commercial Banks,,"Independent Bank Group, Inc."
0001213900-24-061956,0001213900-24-061956,ea0209519-01.htm,DEFM14A,2024-07-17,0001835416,Moringa Acquisition Corp,6770,Blank Checks,,Moringa Acquisition Corp
0001437749-24-022986,0001437749-24-022986,doma20240716_defm14a.htm,DEFM14A,2024-07-18,0001722438,"Doma Holdings, Inc.",6361,Title Insurance,,"Doma Holdings, Inc."
0001104659-24-081952,0001104659-24-081952,tm243546-9_defm14a.htm,DEFM14A,2024-07-23,0001560385,Liberty Media Corp,4833,Television Broadcasting Stations,"FWONA,FWONK,FWONB",Liberty Media Corp
0001193125-24-184859,0001193125-24-184859,d849201ddefm14a.htm,DEFM14A,2024-07-25,0000949039,"DIAMOND OFFSHORE DRILLING, INC.",1381,Drilling Oil & Gas Wells,,"DIAMOND OFFSHORE DRILLING, INC."
0001558370-24-010098,0001558370-24-010098,tmb-20240731xdefm14a.htm,DEFM14A,2024-07-25,0001261249,AGILE THERAPEUTICS INC,2834,Pharmaceutical Preparations,,AGILE THERAPEUTICS INC
0001013762-24-002169,0001013762-24-002169,ea0210214-01.htm,DEFM14A,2024-07-29,0001914023,Acri Capital Acquisition Corp,6770,Blank Checks,,Acri Capital Acquisition Corp
0001104659-24-083181,0001104659-24-083181,tm2419062-1_defm14a.htm,DEFM14A,2024-07-29,0000101778,MARATHON OIL CORP,1311,Crude Petroleum & Natural Gas,,MARATHON OIL CORP
0001140361-24-034482,0001140361-24-034482,ny20031663x2_defm14a.htm,DEFM14A,2024-07-29,0001397702,Silk Road Medical Inc,3841,Surgical & Medical Instruments & Apparatus,,Silk Road Medical Inc
0001013762-24-003265,0001013762-24-003265,ea0204033-16.htm,DEFM14A,2024-07-31,0001849058,Clover Leaf Capital Corp.,7990,Services-Miscellaneous Amusement & Recreation,,Clover Leaf Capital Corp.
0001104659-24-084536,0001104659-24-084536,tm2414377-1_defm14a.htm,DEFM14A,2024-08-01,0000921183,HMN FINANCIAL INC,6035,"Savings Institution, Federally Chartered",,HMN FINANCIAL INC
0001193125-24-196062,0001193125-24-196062,d869453ddefm14a.htm,DEFM14A,2024-08-07,0001697500,"Solaris Oilfield Infrastructure, Inc.",3533,Oil & Gas Field Machinery & Equipment,SEI,"Solaris Energy Infrastructure, Inc."
0001104659-24-087307,0001104659-24-087307,tm2419772-3_defm14a.htm,DEFM14A,2024-08-08,0001267602,ALIMERA SCIENCES INC,2834,Pharmaceutical Preparations,,ALIMERA SCIENCES INC
0001213900-24-067438,0001213900-24-067438,ea0204257-11.htm,DEFM14A,2024-08-12,0001930313,"Pono Capital Two, Inc.",8011,Services-Offices & Clinics of  Doctors of  Medicine,"SBC,SBCWW",SBC Medical Group Holdings Inc
0001193125-24-199465,0001193125-24-199465,d816734ddefm14a.htm,DEFM14A,2024-08-13,0001821393,"Aaron's Company, Inc.",7359,"Services-Equipment Rental & Leasing, NEC",,"Aaron's Company, Inc."
0001493152-24-031406,0001493152-24-031406,formdefm14a.htm,DEFM14A,2024-08-13,0001893448,"Strong Global Entertainment, Inc.",3861,Photographic Equipment & Supplies,,"Strong Global Entertainment, Inc."
0001104659-24-089909,0001104659-24-089909,tm2420443-3_defm14a.htm,DEFM14A,2024-08-15,0001754820,"Desktop Metal, Inc.",3559,"Special Industry Machinery, NEC",,"Desktop Metal, Inc."
0001437749-24-026948,0001437749-24-026948,vapo20240809_defm14a.htm,DEFM14A,2024-08-15,0001253176,VAPOTHERM INC,3841,Surgical & Medical Instruments & Apparatus,,VAPOTHERM INC
0001193125-24-203187,0001193125-24-203187,d846532ddefm14a.htm,DEFM14A,2024-08-20,0001634997,"Avangrid, Inc.",4911,Electric Services,,"Avangrid, Inc."
0001193125-24-204422,0001193125-24-204422,d869482ddefm14a.htm,DEFM14A,2024-08-21,0001138639,Infinera Corp,3661,Telephone & Telegraph Apparatus,,Infinera Corp
0001140361-24-038138,0001140361-24-038138,ny20030653x9_defm14a.htm,DEFM14A,2024-08-22,0001496963,"Squarespace, Inc.",7372,Services-Prepackaged Software,,"Squarespace, Inc."
0001193125-24-206267,0001193125-24-206267,d863018ddefm14a.htm,DEFM14A,2024-08-23,0001337619,"ENVESTNET, INC.",7389,"Services-Business Services, NEC",,"ENVESTNET, INC."
0001140361-24-038575,0001140361-24-038575,ny20030749x10_defm14a.htm,DEFM14A,2024-08-26,0001609809,"Seres Therapeutics, Inc.",2834,Pharmaceutical Preparations,MCRB,"Seres Therapeutics, Inc."
0001104659-24-093416,0001104659-24-093416,tm2420118-2_defm14a.htm,DEFM14A,2024-08-27,0000061398,TELLURIAN INC. /DE/,1311,Crude Petroleum & Natural Gas,,TELLURIAN INC. /DE/
0001193125-24-209372,0001193125-24-209372,d882127ddefm14a.htm,DEFM14A,2024-08-29,0001769804,"Augmedix, Inc.",7389,"Services-Business Services, NEC",,"Augmedix, Inc."
0001104659-24-097398,0001104659-24-097398,tm2423377-1_defm14a.htm,DEFM14A,2024-09-05,0001852749,ExcelFin Acquisition Corp.,6770,Blank Checks,,ExcelFin Acquisition Corp.
0001193125-24-214205,0001193125-24-214205,d735708ddefm14a.htm,DEFM14A,2024-09-05,0001524931,"CHUY'S HOLDINGS, INC.",5812,Retail-Eating  Places,,"CHUY'S HOLDINGS, INC."
0001104659-24-097754,0001104659-24-097754,tm2421618-2_defm14a.htm,DEFM14A,2024-09-06,0001570827,"Victory Capital Holdings, Inc.",6282,Investment Advice,VCTR,"Victory Capital Holdings, Inc."
0001193125-24-214664,0001193125-24-214664,d844490ddefm14a.htm,DEFM14A,2024-09-06,0000874501,AMBAC FINANCIAL GROUP INC,6351,Surety Insurance,OSG,OCTAVE SPECIALTY GROUP INC
0001140361-24-040745,0001140361-24-040745,ny20012992x34_defm14a.htm,DEFM14A,2024-09-10,0001847577,Learn CW Investment Corp,6770,Blank Checks,,Learn CW Investment Corp
0001193125-24-217561,0001193125-24-217561,d820554ddefm14a.htm,DEFM14A,2024-09-12,0000051434,INTERNATIONAL PAPER CO /NEW/,2621,Paper Mills,"IP,INPAP",INTERNATIONAL PAPER CO /NEW/
0001104659-24-099971,0001104659-24-099971,tm2422180-3_defm14a.htm,DEFM14A,2024-09-16,0001668673,"PetIQ, Inc.",5122,"Wholesale-Drugs, Proprietaries & Druggists' Sundries",,"PetIQ, Inc."
0001104659-24-099971,0001104659-24-100542,tm2422180-4_defm14a.htm,DEFM14A,2024-09-17,0001668673,"PetIQ, Inc.",5122,"Wholesale-Drugs, Proprietaries & Druggists' Sundries",,"PetIQ, Inc."
0001140361-24-041168,0001140361-24-041168,ny20032892x3_defm14a.htm,DEFM14A,2024-09-16,0000944480,GSE SYSTEMS INC,7372,Services-Prepackaged Software,,GSE SYSTEMS INC
0001140361-24-041168,0001140361-24-041342,ny20032892x4_defm14a.htm,DEFM14A,2024-09-18,0000944480,GSE SYSTEMS INC,7372,Services-Prepackaged Software,,GSE SYSTEMS INC
0001104659-24-100688,0001104659-24-100688,tm2419873-8_defm14a.htm,DEFM14A,2024-09-17,0001816233,"Sharecare, Inc.",8000,Services-Health Services,,"Sharecare, Inc."
0001193125-24-220093,0001193125-24-220093,d874151ddefm14a.htm,DEFM14A,2024-09-17,0000944148,"CBIZ, Inc.",7389,"Services-Business Services, NEC",CBZ,"CBIZ, Inc."
0001193125-24-220616,0001193125-24-220616,d877680ddefm14a.htm,DEFM14A,2024-09-17,0000947559,FIRST BANCSHARES INC /MS/,6021,National Commercial Banks,,FIRST BANCSHARES INC /MS/
0001193125-24-221483,0001193125-24-221483,d862209ddefm14a.htm,DEFM14A,2024-09-18,0001823406,"Affinity Bancshares, Inc.",6036,"Savings Institutions, Not Federally Chartered",,"Affinity Bancshares, Inc."
0001140361-24-041589,0001140361-24-041589,ny20034699x2_defm14a.htm,DEFM14A,2024-09-20,0000350868,"ITERIS, INC.",3669,"Communications Equipment, NEC",,"ITERIS, INC."
0001193125-24-222946,0001193125-24-222946,d836957ddefm14a.htm,DEFM14A,2024-09-20,0001570585,Liberty Global Ltd.,4841,Cable & Other Pay Television Services,"LBTYA,LBTYB,LBTYK",Liberty Global Ltd.
0001193125-24-223759,0001193125-24-223759,d888816ddefm14a.htm,DEFM14A,2024-09-23,0001830029,GRIID Infrastructure Inc.,6199,Finance Services,,GRIID Infrastructure Inc.
0001193125-24-226433,0001193125-24-226433,d858569ddefm14a.htm,DEFM14A,2024-09-26,0000013156,"Galaxy Gaming, Inc.",7900,Services-Amusement & Recreation Services,GLXZ,"Galaxy Gaming, Inc."
0001193125-24-226970,0001193125-24-226970,d893453ddefm14a.htm,DEFM14A,2024-09-26,0000055067,KELLANOVA,2040,Grain Mill Products,,KELLANOVA
0001437749-24-030447,0001437749-24-030447,sgrp20240926_defm14a.htm,DEFM14A,2024-10-02,0001004989,"SPAR Group, Inc.",7389,"Services-Business Services, NEC",SGRP,"SPAR Group, Inc."
0001493152-24-039083,0001493152-24-039083,formdefm14a.htm,DEFM14A,2024-10-02,0001879851,TMT Acquisition Corp.,6770,Blank Checks,,TMT Acquisition Corp.
0001140361-24-042817,0001140361-24-042817,ny20035727x2_defm14a.htm,DEFM14A,2024-10-04,0001227636,"Neuronetics, Inc.",3841,Surgical & Medical Instruments & Apparatus,STIM,"Neuronetics, Inc."
0001193125-24-232547,0001193125-24-232547,d844462ddefm14a.htm,DEFM14A,2024-10-04,0001318568,Everi Holdings Inc.,7990,Services-Miscellaneous Amusement & Recreation,,Everi Holdings Inc.
0001193125-24-232740,0001193125-24-232740,d887705ddefm14a.htm,DEFM14A,2024-10-04,0001835512,Terran Orbital Corp,3760,Guided Missiles & Space Vehicles & Parts,,Terran Orbital Corp
0001140361-24-042935,0001140361-24-042935,ny20033475x5_defm14a.htm,DEFM14A,2024-10-07,0000884713,Primo Water Corp /CN/,2086,Bottled & Canned Soft Drinks & Carbonated Waters,,Primo Water Corp /CN/
0001140361-24-042981,0001140361-24-042981,ny20035822x3_defm14a.htm,DEFM14A,2024-10-07,0000020520,"Frontier Communications Parent, Inc.",4813,Telephone Communications (No Radiotelephone),,"Frontier Communications Parent, Inc."
0001104659-24-107438,0001104659-24-107438,tm2423587-2_defm14a.htm,DEFM14A,2024-10-10,0001601830,"RECURSION PHARMACEUTICALS, INC.",2836,"Biological Products, (No Diagnostic Substances)",RXRX,"RECURSION PHARMACEUTICALS, INC."
0001104659-24-108102,0001104659-24-108102,tm2420342-21_defm14a.htm,DEFM14A,2024-10-11,0001363829,Enstar Group LTD,6331,"Fire, Marine & Casualty Insurance",,Enstar Group LTD
0001193125-24-236786,0001193125-24-236786,d872579ddefm14a.htm,DEFM14A,2024-10-11,0001834645,"Peak Bio, Inc.",2836,"Biological Products, (No Diagnostic Substances)",,"Peak Bio, Inc."
0001140361-24-043469,0001140361-24-043469,ny20035563x8_defm14a.htm,DEFM14A,2024-10-16,0001305168,"ARC DOCUMENT SOLUTIONS, INC.",7330,"Services-Mailing, Reproduction, Commercial Art & Photography",,"ARC DOCUMENT SOLUTIONS, INC."
0001193125-24-238130,0001193125-24-238130,d837225ddefm14a.htm,DEFM14A,2024-10-16,0001910851,R1 RCM Inc. /DE,8741,Services-Management Services,,R1 RCM Inc. /DE
0001437749-24-031358,0001437749-24-031358,nby20241012_defm14a.htm,DEFM14A,2024-10-16,0001389545,"NovaBay Pharmaceuticals, Inc.",6199,Finance Services,SDEV,Stablecoin Development Corp
0001213900-24-088313,0001213900-24-088313,ea0212364-06.htm,DEFM14A,2024-10-17,0001747079,Bally's Corp,7011,Hotels & Motels,BALY,Bally's Corp
0001104659-24-110074,0001104659-24-110074,tm242459-14_defm14a.htm,DEFM14A,2024-10-21,0001282648,BATTALION OIL CORP,1311,Crude Petroleum & Natural Gas,BATL,BATTALION OIL CORP
0001628280-24-043210,0001628280-24-043210,blueowlobde-defm14a.htm,DEFM14A,2024-10-21,0001807427,Blue Owl Capital Corp III,,,,Blue Owl Capital Corp III
0001193125-24-244395,0001193125-24-244395,d902723ddefm14a.htm,DEFM14A,2024-10-28,0001293282,TechTarget Inc,4822,Telegraph & Other Message Communications,,TechTarget Holdings Inc.
0001437749-24-032303,0001437749-24-032303,icch20241022_defm14a.htm,DEFM14A,2024-10-28,0001681903,"ICC Holdings, Inc.",6331,"Fire, Marine & Casualty Insurance",,"ICC Holdings, Inc."
0001193125-24-245977,0001193125-24-245977,d898472ddefm14a.htm,DEFM14A,2024-10-29,0000946647,PREMIER FINANCIAL CORP,6022,State Commercial Banks,,PREMIER FINANCIAL CORP
0001140361-24-044797,0001140361-24-044797,ny20036117x2_defm14a.htm,DEFM14A,2024-10-31,0001454938,Outbrain Inc.,7370,"Services-Computer Programming, Data Processing, Etc.",TEAD,Teads Holding Co.
0001213900-24-092761,0001213900-24-092761,ea0217732-02.htm,DEFM14A,2024-10-31,0002024218,Summit Midstream Corp,4922,Natural Gas Transmission,SMC,Summit Midstream Corp
0001628280-24-044846,0001628280-24-044846,smartsheetdefm14a1142024.htm,DEFM14A,2024-11-04,0001366561,SMARTSHEET INC,7372,Services-Prepackaged Software,,SMARTSHEET INC
0001104659-24-114916,0001104659-24-114916,tm245254-36_defm14a.htm,DEFM14A,2024-11-07,0001885998,Roth CH Acquisition V Co.,1311,Crude Petroleum & Natural Gas,,Roth CH Acquisition V Co.
0001140361-24-045679,0001140361-24-045679,ny20037539x5_defm14a.htm,DEFM14A,2024-11-07,0000842518,EVANS BANCORP INC,6021,National Commercial Banks,,EVANS BANCORP INC
0001213900-24-095498,0001213900-24-095498,ea0220326-01.htm,DEFM14A,2024-11-07,0001856961,Blue Ocean Acquisition Corp,6770,Blank Checks,,Blue Ocean Acquisition Corp
0001104659-24-115597,0001104659-24-115597,tm2425928-3_defm14a.htm,DEFM14A,2024-11-08,0001680379,"Sterling Bancorp, Inc.",6035,"Savings Institution, Federally Chartered",,"Sterling Bancorp, Inc."
0001213900-24-096942,0001213900-24-096942,ea0220890-01.htm,DEFM14A,2024-11-12,0001843993,"Thunder Bridge Capital Partners IV, Inc.",6770,Blank Checks,,"Thunder Bridge Capital Partners IV, Inc."
0001104659-24-117824,0001104659-24-117824,tm2428188-1_defm14a.htm,DEFM14A,2024-11-13,0001458412,"CROSSFIRST BANKSHARES, INC.",6022,State Commercial Banks,,"CROSSFIRST BANKSHARES, INC."
0001193125-24-256626,0001193125-24-256626,d871746ddefm14a.htm,DEFM14A,2024-11-13,0001816613,Markforged Holding Corp,3577,"Computer Peripheral Equipment, NEC",,Markforged Holding Corp
0001104659-24-119232,0001104659-24-119232,tm2326904-24_defm14a.htm,DEFM14A,2024-11-14,0001892922,Mars Acquisition Corp.,6770,Blank Checks,,Mars Acquisition Corp.
0001558370-24-015703,0001558370-24-015703,tmb-20241114xdefm14a.htm,DEFM14A,2024-11-14,0001290476,Village Bank & Trust Financial Corp.,6022,State Commercial Banks,,Village Bank & Trust Financial Corp.
0001140361-24-047360,0001140361-24-047360,ny20037121x2_defm14a.htm,DEFM14A,2024-11-20,0001977303,Arcadium Lithium plc,2810,Industrial Inorganic Chemicals,,Arcadium Lithium plc
0001193125-24-262120,0001193125-24-262120,d887136ddefm14a.htm,DEFM14A,2024-11-20,0001302028,"Manitex International, Inc.",3559,"Special Industry Machinery, NEC",,"Manitex International, Inc."
0001213900-24-100680,0001213900-24-100680,ea0215460-06.htm,DEFM14A,2024-11-21,0001498233,"Cepton, Inc.",3714,Motor Vehicle Parts & Accessories,,"Cepton, Inc."
0001193125-24-264005,0001193125-24-264005,d816541ddefm14a.htm,DEFM14A,2024-11-22,0001674760,Goldman Sachs Private Middle Market Credit LLC,,,,Silver Capital Holdings LLC
0001193125-24-266190,0001193125-24-266190,d877490ddefm14a.htm,DEFM14A,2024-11-26,0001037676,"ARCH RESOURCES, INC.",1221,Bituminous Coal & Lignite Surface Mining,,"ARCH RESOURCES, INC."
0001213900-24-102948,0001213900-24-102948,ea0220473-02.htm,DEFM14A,2024-11-26,0001355839,"PALTALK, INC.",7370,"Services-Computer Programming, Data Processing, Etc.",IPM,INTELLIGENT PROTECTION MANAGEMENT CORP.
0001193125-24-266505,0001193125-24-266505,d912670ddefm14a.htm,DEFM14A,2024-11-27,0001176334,MARTIN MIDSTREAM PARTNERS L.P.,5171,Wholesale-Petroleum Bulk Stations & Terminals,MMLP,MARTIN MIDSTREAM PARTNERS L.P.
0001193125-24-267249,0001193125-24-267249,d842335ddefm14a.htm,DEFM14A,2024-11-27,0000931584,UNIVERSAL STAINLESS & ALLOY PRODUCTS INC,3312,"Steel Works, Blast Furnaces & Rolling Mills (Coke Ovens)",,UNIVERSAL STAINLESS & ALLOY PRODUCTS INC
0001104659-24-124698,0001104659-24-124698,tm2418197-18_defm14a.htm,DEFM14A,2024-12-02,0001871638,BurTech Acquisition Corp.,3674,Semiconductors & Related Devices,"BZAI,BZAIW","Blaize Holdings, Inc."
0001193125-24-268428,0001193125-24-268428,d852182ddefm14a.htm,DEFM14A,2024-12-02,0001835256,"Duckhorn Portfolio, Inc.",2080,Beverages,,"Duckhorn Portfolio, Inc."
0001193125-24-270043,0001193125-24-270043,d904721ddefm14a.htm,DEFM14A,2024-12-03,0001517006,"Gatos Silver, Inc.",1040,Gold and Silver Ores,,"Gatos Silver, Inc."
0001213900-24-105119,0001213900-24-105119,ea0220276-02.htm,DEFM14A,2024-12-03,0001725872,"BM Technologies, Inc.",6022,State Commercial Banks,,"BM Technologies, Inc."
0001140361-24-048581,0001140361-24-048581,ny20037086x2_defm14a.htm,DEFM14A,2024-12-06,0000009984,BARNES GROUP INC,3490,Miscellaneous Fabricated Metal Products,,BARNES GROUP INC
0001104659-24-127033,0001104659-24-127033,tm2417797-21_defm14a.htm,DEFM14A,2024-12-10,0001847440,Coliseum Acquisition Corp.,6770,Blank Checks,,Coliseum Acquisition Corp.
0001104659-24-129292,0001104659-24-129292,tm2428626-8_defm14a.htm,DEFM14A,2024-12-17,0000824410,SANDY SPRING BANCORP INC,6021,National Commercial Banks,,SANDY SPRING BANCORP INC
0001140361-24-049823,0001140361-24-049823,ny20038150x5_defm14a.htm,DEFM14A,2024-12-18,0000704562,"Avid Bioservices, Inc.",2834,Pharmaceutical Preparations,,"Avid Bioservices, Inc."
0001193125-24-281324,0001193125-24-281324,d866329ddefm14a.htm,DEFM14A,2024-12-18,0001701732,Altair Engineering Inc.,7372,Services-Prepackaged Software,,Altair Engineering Inc.
0001193125-24-283241,0001193125-24-283241,d883439ddefm14a.htm,DEFM14A,2024-12-20,0001364885,"Spirit AeroSystems Holdings, Inc.",3728,"Aircraft Parts & Auxiliary Equipment, NEC",,"Spirit AeroSystems Holdings, Inc."
0001213900-24-111223,0001213900-24-111223,ea0223519-02.htm,DEFM14A,2024-12-20,0000002178,"ADAMS RESOURCES & ENERGY, INC.",5172,Wholesale-Petroleum & Petroleum Products (No Bulk Stations),,"ADAMS RESOURCES & ENERGY, INC."
0001104659-24-131120,0001104659-24-131120,tm2429675-4_defm14a.htm,DEFM14A,2024-12-23,0000102109,UNIVERSAL SECURITY INSTRUMENTS INC,5065,"Wholesale-Electronic Parts & Equipment, NEC",UUU,"UNIVERSAL SAFETY PRODUCTS, INC."
0001140361-24-050610,0001140361-24-050610,ny20039353x2_defm14a.htm,DEFM14A,2024-12-30,0001621563,"Summit Materials, Inc.",1400,Mining & Quarrying of  Nonmetallic Minerals (No Fuels),,"Summit Materials, Inc."
0001140361-24-050613,0001140361-24-050613,ny20036778x6_defm14a.htm,DEFM14A,2024-12-30,0000215466,"Coeur Mining, Inc.",1040,Gold and Silver Ores,CDE,"Coeur Mining, Inc."
0001104659-24-132616,0001104659-24-132616,tm2432019-1_defm14a.htm,DEFM14A,2024-12-31,0001847607,RF Acquisition Corp.,6770,Blank Checks,,RF Acquisition Corp.
0001104659-24-132717,0001104659-24-132717,tm2430419-7_defm14a.htm,DEFM14A,2024-12-31,0000740663,FIRST OF LONG ISLAND CORP,6021,National Commercial Banks,,FIRST OF LONG ISLAND CORP
0001193125-24-287076,0001193125-24-287076,d902047ddefm14a.htm,DEFM14A,2024-12-31,0001313275,BRIGHTCOVE INC,7374,Services-Computer Processing & Data Preparation,,BRIGHTCOVE INC
0001193125-24-287171,0001193125-24-287171,d765772ddefm14a.htm,DEFM14A,2024-12-31,0001423774,ZUORA INC,7372,Services-Prepackaged Software,,ZUORA INC
0001213900-24-113605,0001213900-24-113605,ea0223893-04.htm,DEFM14A,2024-12-31,0001592000,"EnLink Midstream, LLC",4922,Natural Gas Transmission,,"EnLink Midstream, LLC"
0001140361-25-000356,0001140361-25-000356,ny20038689x2_defm14a.htm,DEFM14A,2025-01-06,0000894081,"Air Transport Services Group, Inc.",4513,Air Courier Services,,"Air Transport Services Group, Inc."
0001193125-25-001782,0001193125-25-001782,d900302ddefm14a.htm,DEFM14A,2025-01-06,0001407623,RETAIL OPPORTUNITY INVESTMENTS CORP,6798,Real Estate Investment Trusts,,RETAIL OPPORTUNITY INVESTMENTS CORP
0001193125-25-002190,0001193125-25-002190,d896014ddefm14a.htm,DEFM14A,2025-01-06,0001393612,Discover Financial Services,6141,Personal Credit Institutions,,Discover Financial Services
0001213900-25-001247,0001213900-25-001247,ea0226944-01.htm,DEFM14A,2025-01-06,0001857855,Finnovate Acquisition Corp.,6770,Blank Checks,,Finnovate Acquisition Corp.
0001829126-25-000117,0001829126-25-000117,globalstaracq_defm14a.htm,DEFM14A,2025-01-08,0001922331,Global Star Acquisition Inc.,6770,Blank Checks,,Global Star Acquisition Inc.
0001140361-25-000684,0001140361-25-000684,ny20040318x2_defm14a.htm,DEFM14A,2025-01-10,0001835378,Innovid Corp.,7372,Services-Prepackaged Software,,Innovid Corp.
0001193125-25-006292,0001193125-25-006292,d916382ddefm14a.htm,DEFM14A,2025-01-15,0001850906,"Singular Genomics Systems, Inc.",3826,Laboratory Analytical Instruments,,"Singular Genomics Systems, Inc."
0001829126-25-000192,0001829126-25-000192,rigelresource_defm14a.htm,DEFM14A,2025-01-15,0001860879,Rigel Resource Acquisition Corp.,6770,Blank Checks,,Rigel Resource Acquisition Corp.
0001213900-25-004491,0001213900-25-004491,ea0208059-18.htm,DEFM14A,2025-01-17,0001885461,ShoulderUP Technology Acquisition Corp.,6770,Blank Checks,,ShoulderUP Technology Acquisition Corp.
0001628280-25-001845,0001628280-25-001845,otfii-defm14a.htm,DEFM14A,2025-01-17,0001889668,Blue Owl Technology Finance Corp. II,,,,Blue Owl Technology Finance Corp. II
0001140361-25-001609,0001140361-25-001609,ny20039430x4_defm14a.htm,DEFM14A,2025-01-22,0001611983,Liberty Broadband Corp,4841,Cable & Other Pay Television Services,,Liberty Broadband Corp
0001140361-25-001610,0001140361-25-001610,ny20039917x3_defm14a.htm,DEFM14A,2025-01-22,0001141103,CROSS COUNTRY HEALTHCARE INC,7363,Services-Help Supply Services,,CROSS COUNTRY HEALTHCARE INC
0001104659-25-005608,0001104659-25-005608,tm254177-1_defm14a.htm,DEFM14A,2025-01-23,0001378992,"BERRY GLOBAL GROUP, INC.",3089,"Plastics Products, NEC",,"BERRY GLOBAL GROUP, INC."
0001193125-25-012197,0001193125-25-012197,d834968ddefm14a.htm,DEFM14A,2025-01-24,0000808326,EMCORE CORP,3674,Semiconductors & Related Devices,,EMCORE CORP
0001493152-25-003664,0001493152-25-003664,formdefm14a.htm,DEFM14A,2025-01-27,0001499717,"Staffing 360 Solutions, Inc.",7363,Services-Help Supply Services,,"Staffing 360 Solutions, Inc."
0001104659-25-006774,0001104659-25-006774,tm2429853-9_defm14a.htm,DEFM14A,2025-01-28,0001512762,"Coherus BioSciences, Inc.",2836,"Biological Products, (No Diagnostic Substances)",CHRS,"Coherus Oncology, Inc."
0001193125-25-017296,0001193125-25-017296,d892584ddefm14a.htm,DEFM14A,2025-01-30,0000051644,"INTERPUBLIC GROUP OF COMPANIES, INC.",7311,Services-Advertising Agencies,,"INTERPUBLIC GROUP OF COMPANIES, INC."
0001104659-25-007784,0001104659-25-007784,tm253498-3_defm14a.htm,DEFM14A,2025-01-31,0001944558,"Vitesse Energy, Inc.",1311,Crude Petroleum & Natural Gas,VTS,"Vitesse Energy, Inc."
0001193125-25-018470,0001193125-25-018470,d923919ddefm14a.htm,DEFM14A,2025-01-31,0001422142,"Aadi Bioscience, Inc.",2834,Pharmaceutical Preparations,WHWK,"Whitehawk Therapeutics, Inc."
0001493152-25-004450,0001493152-25-004450,formdefm14a.htm,DEFM14A,2025-01-31,0001865120,Broad Capital Acquisition Corp,6770,Blank Checks,,Broad Capital Acquisition Corp
0001140361-25-003462,0001140361-25-003462,ny20042059x1_defm14a.htm,DEFM14A,2025-02-06,0001851612,Focus Impact BH3 Acquisition Co,6770,Blank Checks,,Focus Impact BH3 Acquisition Co
0001213900-25-010950,0001213900-25-010950,ea0230128-01.htm,DEFM14A,2025-02-06,0001856028,"Stronghold Digital Mining, Inc.",6199,Finance Services,,"Stronghold Digital Mining, Inc."
0001193125-25-024366,0001193125-25-024366,d518638ddefm14a.htm,DEFM14A,2025-02-11,0001828376,William Penn Bancorporation,6036,"Savings Institutions, Not Federally Chartered",,William Penn Bancorporation
0001104659-25-012218,0001104659-25-012218,tm2412846-31_defm14a.htm,DEFM14A,2025-02-12,0001620280,Uniti Group Inc.,6798,Real Estate Investment Trusts,,Uniti Group LLC
0001213900-25-013484,0001213900-25-013484,ea0230987-01.htm,DEFM14A,2025-02-13,0001870143,Perception Capital Corp. IV,1040,Gold and Silver Ores,,Perception Capital Corp. IV
0001493152-25-006854,0001493152-25-006854,formdefm14a.htm,DEFM14A,2025-02-14,0001289850,"NeuroMetrix, Inc.",3841,Surgical & Medical Instruments & Apparatus,,"NeuroMetrix, Inc."
0001193125-25-028672,0001193125-25-028672,d921418ddefm14a.htm,DEFM14A,2025-02-18,0001567514,"Intra-Cellular Therapies, Inc.",2834,Pharmaceutical Preparations,,"Intra-Cellular Therapies, Inc."
0001193125-25-029668,0001193125-25-029668,d843045ddefm14a.htm,DEFM14A,2025-02-19,0001018399,ENTERPRISE BANCORP INC /MA/,6022,State Commercial Banks,,ENTERPRISE BANCORP INC /MA/
0001140361-25-005277,0001140361-25-005277,ny20041213x9_defm14a.htm,DEFM14A,2025-02-20,0001481646,"Accolade, Inc.",7389,"Services-Business Services, NEC",,"Accolade, Inc."
0001193125-25-033492,0001193125-25-033492,d904989ddefm14a.htm,DEFM14A,2025-02-24,0000716605,PENNS WOODS BANCORP INC,6022,State Commercial Banks,,PENNS WOODS BANCORP INC
0001193125-25-037577,0001193125-25-037577,d908909ddefm14a.htm,DEFM14A,2025-02-27,0000891024,"PATTERSON COMPANIES, INC.",5047,"Wholesale-Medical, Dental & Hospital Equipment & Supplies",,"PATTERSON COMPANIES, INC."
0001104659-25-019805,0001104659-25-019805,tm252893-6_defm14a.htm,DEFM14A,2025-03-03,0000807707,VOXX International Corp,5065,"Wholesale-Electronic Parts & Equipment, NEC",,VOXX International Corp
0001104659-25-020037,0001104659-25-020037,tm256735-3_defm14a.htm,DEFM14A,2025-03-04,0001533924,Amplify Energy Corp.,1311,Crude Petroleum & Natural Gas,AMPY,Amplify Energy Corp.
0001140361-25-006872,0001140361-25-006872,ny20042527x2_defm14a.htm,DEFM14A,2025-03-04,0000713425,"LOGILITY SUPPLY CHAIN SOLUTIONS, INC",7372,Services-Prepackaged Software,,"LOGILITY SUPPLY CHAIN SOLUTIONS, INC"
0001140361-25-007220,0001140361-25-007220,ny20041772x1_defm14a.htm,DEFM14A,2025-03-05,0001807846,MONEYLION INC.,6199,Finance Services,,MONEYLION INC.
0001213900-25-021001,0001213900-25-021001,ea0205647-13.htm,DEFM14A,2025-03-06,0001903464,Aimfinity Investment Corp. I,6770,Blank Checks,,Aimfinity Investment Corp. I
0000950170-25-035541,0000950170-25-035541,integral_defm14a.htm,DEFM14A,2025-03-07,0001850262,Integral Acquisition Corp 1,6770,Blank Checks,,Integral Acquisition Corp 1
0001193125-25-049000,0001193125-25-049000,d895315ddefm14a.htm,DEFM14A,2025-03-07,0001382230,"ESSA Bancorp, Inc.",6036,"Savings Institutions, Not Federally Chartered",,"ESSA Bancorp, Inc."
0001193125-25-050445,0001193125-25-050445,d857684ddefm14a.htm,DEFM14A,2025-03-10,0001444380,NEVRO CORP,3841,Surgical & Medical Instruments & Apparatus,,NEVRO CORP
0001213900-25-022264,0001213900-25-022264,ea0233691-01.htm,DEFM14A,2025-03-10,0001912461,SK Growth Opportunities Corp,6770,Blank Checks,,SK Growth Opportunities Corp
0001929980-25-000118,0001929980-25-000118,buja_defm14a.htm,DEFM14A,2025-03-12,0001956055,Bukit Jalil Global Acquisition 1 Ltd.,6770,Blank Checks,,Bukit Jalil Global Acquisition 1 Ltd.
0001193125-25-054018,0001193125-25-054018,d832654ddefm14a.htm,DEFM14A,2025-03-13,0001828723,"Altus Power, Inc.",4911,Electric Services,,"Altus Power, Inc."
0001193125-25-054902,0001193125-25-054902,d925050ddefm14a.htm,DEFM14A,2025-03-14,0002006191,Lionsgate Studios Corp.,7812,Services-Motion Picture & Video Tape Production,,Lionsgate Studios Holding Corp.
0001193125-25-055299,0001193125-25-055299,d835162ddefm14a.htm,DEFM14A,2025-03-17,0001556898,"Techpoint, Inc.",3674,Semiconductors & Related Devices,,"Techpoint, Inc."
0001213900-25-024290,0001213900-25-024290,ea0234560-01.htm,DEFM14A,2025-03-17,0001842937,Hennessy Capital Investment Corp. VI,6770,Blank Checks,,Red Rock Acquisition Corp.
0001213900-25-024290,0001213900-25-034393,ea0239191-01.htm,DEFM14A,2025-04-23,0001842937,Hennessy Capital Investment Corp. VI,6770,Blank Checks,,Red Rock Acquisition Corp.
0001140361-25-009097,0001140361-25-009097,ny20044078x2_defm14a.htm,DEFM14A,2025-03-18,0001531978,"Paragon 28, Inc.",3841,Surgical & Medical Instruments & Apparatus,,"Paragon 28, Inc."
0001503707-25-000024,0001503707-25-000024,nshi2025proxystatement.htm,DEFM14A,2025-03-18,0001503707,"NorthStar Healthcare Income, Inc.",6798,Real Estate Investment Trusts,,"NorthStar Healthcare Income, Inc."
0001140361-25-009470,0001140361-25-009470,ny20043780x2_defm14a.htm,DEFM14A,2025-03-19,0001021162,TRIUMPH GROUP INC,3720,Aircraft & Parts,,TRIUMPH GROUP INC
0001193125-25-058984,0001193125-25-058984,d849626ddefm14a.htm,DEFM14A,2025-03-20,0001868912,"Enfusion, Inc.",7372,Services-Prepackaged Software,,"Enfusion, Inc."
0001193125-25-059838,0001193125-25-059838,d150546ddefm14a.htm,DEFM14A,2025-03-21,0001692412,Playa Hotels & Resorts N.V.,7011,Hotels & Motels,,Playa Hotels & Resorts N.V.
0001104659-25-026856,0001104659-25-026856,tm251763-8_defm14a.htm,DEFM14A,2025-03-24,0001606745,"Liberty TripAdvisor Holdings, Inc.",7374,Services-Computer Processing & Data Preparation,,"Liberty TripAdvisor Holdings, Inc."
0001104659-25-028254,0001104659-25-028254,tm2432191-20_defm14a.htm,DEFM14A,2025-03-26,0001412100,"Maiden Holdings, Ltd.",6331,"Fire, Marine & Casualty Insurance","MHLA,MHNC","Maiden Holdings, Ltd."
0001140361-25-011022,0001140361-25-011022,ny20040790x20_defm14a.htm,DEFM14A,2025-03-28,0001874944,"Vacasa, Inc.",7340,Services-To Dwellings & Other Buildings,,"Vacasa, Inc."
0001193125-25-067943,0001193125-25-067943,d842453ddefm14a.htm,DEFM14A,2025-03-31,0001602065,"Viper Energy, Inc.",1311,Crude Petroleum & Natural Gas,,"VNOM Sub, Inc."
0001641172-25-002322,0001641172-25-002322,formdefm14a.htm,DEFM14A,2025-04-02,0001818605,Distoken Acquisition Corp,6770,Blank Checks,,Distoken Acquisition Corp
0001104659-25-032228,0001104659-25-032228,tm255940-11_defm14a.htm,DEFM14A,2025-04-04,0001962918,"ACELYRIN, Inc.",2834,Pharmaceutical Preparations,,"ACELYRIN, Inc."
0001104659-25-033044,0001104659-25-033044,tm252197-10_defm14a.htm,DEFM14A,2025-04-08,0001049782,BROOKLINE BANCORP INC,6035,"Savings Institution, Federally Chartered",,BROOKLINE BANCORP INC
0001213900-25-030441,0001213900-25-030441,ea0231675-05.htm,DEFM14A,2025-04-10,0000072333,NORDSTROM INC,5651,Retail-Family Clothing Stores,,NORDSTROM INC
0001140361-25-013376,0001140361-25-013376,ny20043200x2_defm14a.htm,DEFM14A,2025-04-11,0001802768,Royalty Pharma plc,2834,Pharmaceutical Preparations,RPRX,Royalty Pharma plc
0001140361-25-013574,0001140361-25-013574,ny20042553x9_defm14a.htm,DEFM14A,2025-04-14,0001671284,"NeueHealth, Inc.",6324,Hospital & Medical Service Plans,,"NeueHealth, Inc."
0001104659-25-034826,0001104659-25-034826,tm2510818-3_defm14a.htm,DEFM14A,2025-04-15,0001494650,"OptiNose, Inc.",2834,Pharmaceutical Preparations,,"OptiNose, Inc."
0001104659-25-035134,0001104659-25-035134,tm2510802-1_defm14a.htm,DEFM14A,2025-04-15,0001711933,"Akoya Biosciences, Inc.",3826,Laboratory Analytical Instruments,,"Akoya Biosciences, Inc."
0001104659-25-035134,0001104659-25-059539,tm2517868-1_defm14a.htm,DEFM14A,2025-06-16,0001711933,"Akoya Biosciences, Inc.",3826,Laboratory Analytical Instruments,,"Akoya Biosciences, Inc."
0001104659-25-038082,0001104659-25-038082,tm252489-4_defm14a.htm,DEFM14A,2025-04-23,0001651407,"Checkpoint Therapeutics, Inc.",2834,Pharmaceutical Preparations,,"Checkpoint Therapeutics, Inc."
0001140361-25-015824,0001140361-25-015824,ny20046876x2_defm14a.htm,DEFM14A,2025-04-28,0000912603,"RADIUS RECYCLING, INC.",5090,Wholesale-Misc Durable Goods,,"RADIUS RECYCLING, INC."
0001213900-25-037645,0001213900-25-037645,ea0239849-01.htm,DEFM14A,2025-04-30,0001549346,"Shutterstock, Inc.",7374,Services-Computer Processing & Data Preparation,SSTK,"Shutterstock, Inc."
0001104659-25-044603,0001104659-25-044603,tm2513850-1_defm14a.htm,DEFM14A,2025-05-05,0001382821,Redfin Corp,6531,Real Estate Agents & Managers (For Others),,Redfin Corp
0001104659-25-046745,0001104659-25-046745,tm2512273-2_defm14a.htm,DEFM14A,2025-05-09,0002025065,Black Spade Acquisition II Co,6770,Blank Checks,,Black Spade Acquisition II Co
0001628280-25-024322,0001628280-25-024322,redwire-defm14a.htm,DEFM14A,2025-05-09,0001819810,Redwire Corp,3760,Guided Missiles & Space Vehicles & Parts,RDW,Redwire Corp
0001104659-25-047383,0001104659-25-047383,tm2514691-1_defm14a.htm,DEFM14A,2025-05-12,0002008861,"Endo, Inc.",2834,Pharmaceutical Preparations,,Endo LP
0001104659-25-047992,0001104659-25-047992,tm2513251-2_defm14a.htm,DEFM14A,2025-05-14,0001799208,"Dun & Bradstreet Holdings, Inc.",7320,"Services-Consumer Credit Reporting, Collection Agencies",,"Dun & Bradstreet Holdings, Inc."
0001140361-25-018793,0001140361-25-018793,ny20046461x6_defm14a.htm,DEFM14A,2025-05-14,0000743238,"SHYFT GROUP, INC.",3531,Construction Machinery & Equip,,"SHYFT GROUP, INC."
0001140361-25-018948,0001140361-25-018948,ny20047274x2_defm14a.htm,DEFM14A,2025-05-14,0001127703,PROASSURANCE CORP,6331,"Fire, Marine & Casualty Insurance",,PROASSURANCE CORP
0001193125-25-119880,0001193125-25-119880,d813030ddefm14a.htm,DEFM14A,2025-05-14,0001854401,Bridge Investment Group Holdings Inc.,6282,Investment Advice,,Bridge Investment Group Holdings Inc.
0001213900-25-044391,0001213900-25-044391,ea0224529-16.htm,DEFM14A,2025-05-15,0001901203,Iron Horse Acquisitions Corp.,2000,Food and Kindred Products,"UCFI,UCFIW",CN Healthy Food Tech Group Corp.
0001193125-25-122486,0001193125-25-122486,d920080ddefm14a.htm,DEFM14A,2025-05-19,0001320350,"LENSAR, Inc.",3841,Surgical & Medical Instruments & Apparatus,LNSR,"LENSAR, Inc."
0001104659-25-051676,0001104659-25-051676,tm2515733-1_defm14a.htm,DEFM14A,2025-05-21,0001689731,"Southern States Bancshares, Inc.",6022,State Commercial Banks,,"Southern States Bancshares, Inc."
0001193805-25-000705,0001193805-25-000705,e664531_defm14a-icad.htm,DEFM14A,2025-05-21,0000749660,ICAD INC,3841,Surgical & Medical Instruments & Apparatus,,ICAD INC
0001193125-25-125501,0001193125-25-125501,d57922ddefm14a.htm,DEFM14A,2025-05-23,0001445283,"KINETA, INC./DE",2834,Pharmaceutical Preparations,,"KINETA, INC./DE"
0001104659-25-052939,0001104659-25-052939,tm2514521-3_defm14a.htm,DEFM14A,2025-05-27,0000740971,OLD POINT FINANCIAL CORP,6021,National Commercial Banks,,OLD POINT FINANCIAL CORP
0001104659-25-053200,0001104659-25-053200,tm2513796-2_defm14a.htm,DEFM14A,2025-05-28,0001773427,"SpringWorks Therapeutics, Inc.",2836,"Biological Products, (No Diagnostic Substances)",,"SpringWorks Therapeutics, Inc."
0001140361-25-020781,0001140361-25-020781,ny20048418x4_defm14a.htm,DEFM14A,2025-05-29,0001782754,AZEK Co Inc.,3089,"Plastics Products, NEC",,AZEK Co Inc.
0001104659-25-055536,0001104659-25-055536,tm2512184-3_defm14a.htm,DEFM14A,2025-06-02,0001062231,AMERICAN AXLE & MANUFACTURING HOLDINGS INC,3714,Motor Vehicle Parts & Accessories,DCH,Dauch Corp
0001213900-25-049954,0001213900-25-049954,ea0243920-01.htm,DEFM14A,2025-06-02,0001866001,JVSPAC Acquisition Corp.,6770,Blank Checks,,JVSPAC Acquisition Corp.
0001193125-25-137049,0001193125-25-137049,d942554ddefm14a.htm,DEFM14A,2025-06-06,0001618921,"Walgreens Boots Alliance, Inc.",5912,Retail-Drug Stores and Proprietary Stores,,"Walgreens Boots Alliance, Inc."
0001193125-25-139568,0001193125-25-139568,d891999ddefm14a.htm,DEFM14A,2025-06-12,0000917491,FARO TECHNOLOGIES INC,3829,"Measuring & Controlling Devices, NEC",,FARO TECHNOLOGIES INC
0001193125-25-141461,0001193125-25-141461,d85421ddefm14a.htm,DEFM14A,2025-06-16,0001028918,PACIFIC PREMIER BANCORP INC,6022,State Commercial Banks,,PACIFIC PREMIER BANCORP INC
0001140361-25-023211,0001140361-25-023211,ny20038857x7_defm14a.htm,DEFM14A,2025-06-20,0001728205,Piedmont Lithium Inc.,1400,Mining & Quarrying of  Nonmetallic Minerals (No Fuels),,Piedmont Lithium Inc.
0001213900-25-056297,0001213900-25-056297,ea0233554-09.htm,DEFM14A,2025-06-20,0001995413,COLOMBIER ACQUISITION CORP. II,6770,Blank Checks,,COLOMBIER ACQUISITION CORP. II
0001140361-25-023651,0001140361-25-023651,ny20050852x1_defm14a.htm,DEFM14A,2025-06-25,0000096793,SUNLINK HEALTH SYSTEMS INC,8062,"Services-General Medical & Surgical Hospitals, NEC",,SUNLINK HEALTH SYSTEMS INC
0001193125-25-150745,0001193125-25-150745,d938757ddefm14a.htm,DEFM14A,2025-06-27,0001769617,"HarborOne Bancorp, Inc.",6022,State Commercial Banks,,"HarborOne Bancorp, Inc."
0001193125-25-151902,0001193125-25-151902,d928340ddefm14a.htm,DEFM14A,2025-06-30,0001827087,"Vigil Neuroscience, Inc.",2836,"Biological Products, (No Diagnostic Substances)",,"Vigil Neuroscience, Inc."
0001140361-25-024665,0001140361-25-024665,ny20049200x2_defm14a.htm,DEFM14A,2025-07-02,0001091667,"CHARTER COMMUNICATIONS, INC. /MO/",4841,Cable & Other Pay Television Services,"CHTR,CHTRP","CHARTER COMMUNICATIONS, INC. /MO/"
0001628280-25-033825,0001628280-25-033825,nv5andacurenjointproxy-def.htm,DEFM14A,2025-07-02,0001532961,"NV5 Global, Inc.",7380,Services-Miscellaneous Business Services,,"NV5 Global, Inc."
0001193125-25-155514,0001193125-25-155514,d863488ddefm14a.htm,DEFM14A,2025-07-03,0001875493,CSLM ACQUISITION CORP.,7373,Services-Computer Integrated Systems Design,,CSLM ACQUISITION CORP.
0001437749-25-022490,0001437749-25-022490,strm20250707_defm14a.htm,DEFM14A,2025-07-10,0001008586,STREAMLINE HEALTH SOLUTIONS INC.,7373,Services-Computer Integrated Systems Design,,STREAMLINE HEALTH SOLUTIONS INC.
0000893739-25-000068,0000893739-25-000068,proxy-registrationstmt180y.htm,DEFM14A,2025-07-11,0000893739,180 DEGREE CAPITAL CORP. /NY/,6282,Investment Advice,,180 DEGREE CAPITAL CORP. /NY/
0001140361-25-025531,0001140361-25-025531,ny20050977x1_defm14a.htm,DEFM14A,2025-07-11,0000850209,"FOOT LOCKER, INC.",5661,Retail-Shoe Stores,,"FOOT LOCKER, INC."
0001213900-25-063331,0001213900-25-063331,ea0248654-01.htm,DEFM14A,2025-07-11,0001840292,"Heliogen, Inc.",4911,Electric Services,,"Heliogen, Inc."
0001193125-25-161243,0001193125-25-161243,d159249ddefm14a.htm,DEFM14A,2025-07-18,0001949543,Sitio Royalties Corp.,1311,Crude Petroleum & Natural Gas,,Sitio Royalties Corp.
0001140361-25-026615,0001140361-25-026615,ny20050483x2_defm14a.htm,DEFM14A,2025-07-21,0001108426,TXNM ENERGY INC,4911,Electric Services,TXNM,TXNM ENERGY INC
0001213900-25-065815,0001213900-25-065815,ea0249285-01.htm,DEFM14A,2025-07-21,0001817640,Breeze Holdings Acquisition Corp.,6770,Blank Checks,,Breeze Holdings Acquisition Corp.
0001213900-25-066233,0001213900-25-066233,ea0248117-02.htm,DEFM14A,2025-07-22,0000316253,ENZO BIOCHEM INC,2836,"Biological Products, (No Diagnostic Substances)",,ENZO BIOCHEM INC
0001641172-25-020609,0001641172-25-020609,formdefm14a.htm,DEFM14A,2025-07-22,0000910267,TITAN PHARMACEUTICALS INC,2836,"Biological Products, (No Diagnostic Substances)",,TITAN PHARMACEUTICALS INC
0001193125-25-162759,0001193125-25-162759,d71154ddefm14a.htm,DEFM14A,2025-07-23,0000707388,"STAR EQUITY HOLDINGS, INC.",3845,Electromedical & Electrotherapeutic Apparatus,,"STAR OPERATING COMPANIES, INC."
0001213900-25-066764,0001213900-25-066764,ea0249887-01.htm,DEFM14A,2025-07-23,0001894176,Cohen Circle Acquisition Corp. I,6770,Blank Checks,,Cohen Circle Acquisition Corp. I
0001140361-25-027048,0001140361-25-027048,ny20051022x2_defm14a.htm,DEFM14A,2025-07-24,0000896429,"CANTALOUPE, INC.",3578,Calculating & Accounting Machines (No Electronic Computers),,"CANTALOUPE, INC."
0001999371-25-009881,0001999371-25-009881,bgsf-defm14a_090425.htm,DEFM14A,2025-07-25,0001474903,"BGSF, INC.",7363,Services-Help Supply Services,BGSF,"BGSF, INC."
0001104659-25-072383,0001104659-25-072383,tm2513302-10_defm14a.htm,DEFM14A,2025-07-31,0000933136,Mr. Cooper Group Inc.,6199,Finance Services,,"Maverick Merger Sub 2, LLC"
0001104659-25-072474,0001104659-25-072474,tm2518553-8_defm14a.htm,DEFM14A,2025-07-31,0000877422,SpartanNash Co,5141,"Wholesale-Groceries, General Line",,SpartanNash Co
0001193125-25-173648,0001193125-25-173648,d97562ddefm14a.htm,DEFM14A,2025-08-05,0001439095,MRC GLOBAL INC.,5084,Wholesale-Industrial Machinery & Equipment,,MRC GLOBAL INC.
0001104659-25-074334,0001104659-25-074334,tm2425114-20_defm14a.htm,DEFM14A,2025-08-06,0001671941,"Angel Studios, Inc.",7812,Services-Motion Picture & Video Tape Production,,"Angel Studios, Inc."
0001104659-25-075034,0001104659-25-075034,tm2519337-8_def14a.htm,DEFM14A,2025-08-07,0001778784,"Provident Bancorp, Inc. /MD/",6036,"Savings Institutions, Not Federally Chartered",,"Provident Bancorp, Inc. /MD/"
0001140361-25-029312,0001140361-25-029312,ny20051540x3_defm14a.htm,DEFM14A,2025-08-07,0001845022,"Couchbase, Inc.",7372,Services-Prepackaged Software,,"Couchbase, Inc."
0001140361-25-029625,0001140361-25-029625,ny20044463x2_defm14a.htm,DEFM14A,2025-08-07,0001484769,fuboTV Inc. /FL,7812,Services-Motion Picture & Video Tape Production,FUBO,FuboTV Inc.
0001140361-25-029741,0001140361-25-029741,ny20051506x2_defm14a.htm,DEFM14A,2025-08-08,0001431695,Olo Inc.,7389,"Services-Business Services, NEC",,Olo Inc.
0001140361-25-029900,0001140361-25-029900,ny20048722x5_defm14a.htm,DEFM14A,2025-08-08,0001708176,Hall of Fame Resort & Entertainment Co,7990,Services-Miscellaneous Amusement & Recreation,,Hall of Fame Resort & Entertainment Co
0001193125-25-175931,0001193125-25-175931,d40300ddefm14a.htm,DEFM14A,2025-08-08,0001156388,BIG 5 SPORTING GOODS Corp,5940,Retail-Miscellaneous Shopping Goods Stores,,BIG 5 SPORTING GOODS Corp
0001193125-25-176997,0001193125-25-176997,d111106ddefm14a.htm,DEFM14A,2025-08-08,0001829864,"TaskUs, Inc.",7374,Services-Computer Processing & Data Preparation,TASK,"TaskUs, Inc."
0001641172-25-022816,0001641172-25-022816,formdefm14a.htm,DEFM14A,2025-08-08,0001904286,"MIRA PHARMACEUTICALS, INC.",2834,Pharmaceutical Preparations,MIRA,"MIRA PHARMACEUTICALS, INC."
0001104659-25-075843,0001104659-25-075843,tm2520986-5_defm14a.htm,DEFM14A,2025-08-11,0001633932,ESSA Pharma Inc.,2834,Pharmaceutical Preparations,,ESSA Pharma Inc.
0001193125-25-180887,0001193125-25-180887,d45622ddefm14a.htm,DEFM14A,2025-08-14,0001058867,GUARANTY BANCSHARES INC /TX/,6021,National Commercial Banks,,GUARANTY BANCSHARES INC /TX/
0001104659-25-079230,0001104659-25-079230,tm2520918-1_defm14a.htm,DEFM14A,2025-08-15,0001501570,"Veritex Holdings, Inc.",6022,State Commercial Banks,,"Veritex Holdings, Inc."
0001140361-25-031402,0001140361-25-031402,ny20049415x8_defm14a.htm,DEFM14A,2025-08-15,0001858257,"AvidXchange Holdings, Inc.",7372,Services-Prepackaged Software,,"AvidXchange Holdings, Inc."
0001140361-25-031532,0001140361-25-031532,ny20052542x2_defm14a.htm,DEFM14A,2025-08-15,0000095552,SUPERIOR INDUSTRIES INTERNATIONAL INC,3714,Motor Vehicle Parts & Accessories,,SUPERIOR INDUSTRIES INTERNATIONAL INC
0001193125-25-181839,0001193125-25-181839,d28565ddefm14a.htm,DEFM14A,2025-08-15,0001879103,"CFSB Bancorp, Inc. /MA/",6035,"Savings Institution, Federally Chartered",,"CFSB Bancorp, Inc. /MA/"
0001193125-25-181885,0001193125-25-181885,d24897ddefm14a.htm,DEFM14A,2025-08-15,0001413898,DallasNews Corp,2711,Newspapers: Publishing or  Publishing & Printing,,DallasNews Corp
0001104659-25-079472,0001104659-25-079472,tm2522174-2_defm14a.htm,DEFM14A,2025-08-18,0001657312,Verona Pharma plc,2834,Pharmaceutical Preparations,,Verona Pharma plc
0001193125-25-183025,0001193125-25-183025,d90811ddefm14a.htm,DEFM14A,2025-08-19,0001959348,WK Kellogg Co,2040,Grain Mill Products,,WK Kellogg Co
0001104659-25-084674,0001104659-25-084674,tm2521046-2_defm14a.htm,DEFM14A,2025-08-28,0001769759,Monogram Technologies Inc.,3841,Surgical & Medical Instruments & Apparatus,,Monogram Technologies Inc.
0001193125-25-191024,0001193125-25-191024,d23953ddefm14a.htm,DEFM14A,2025-08-28,0001865174,Goldman Sachs Middle Market Lending Corp. II,,,,Goldman Sachs Middle Market Lending Corp. II
0001820566-25-000145,0001820566-25-000145,ispo-20250829.htm,DEFM14A,2025-08-29,0001820566,Inspirato Inc,6770,Blank Checks,,Inspirato Inc
0000085535-25-000132,0000085535-25-000132,rgld-20250902.htm,DEFM14A,2025-09-02,0000085535,ROYAL GOLD INC,6795,Mineral Royalty Traders,RGLD,ROYAL GOLD INC
0001193125-25-194129,0001193125-25-194129,d910209ddefm14a.htm,DEFM14A,2025-09-02,0001876588,ZimVie Inc.,3843,Dental Equipment & Supplies,,ZimVie Inc.
0001104659-25-087113,0001104659-25-087113,tm2523908-2_defm14a.htm,DEFM14A,2025-09-03,0001840748,LAVA Therapeutics NV,2834,Pharmaceutical Preparations,,LAVA Therapeutics NV
0001193125-25-198320,0001193125-25-198320,d52397ddefm14a.htm,DEFM14A,2025-09-08,0000892553,CHART INDUSTRIES INC,3443,Fabricated Plate Work (Boiler Shops),,CHART INDUSTRIES INC
0001193125-25-198418,0001193125-25-198418,d78875ddefm14a.htm,DEFM14A,2025-09-08,0001593222,"City Office REIT, Inc.",6798,Real Estate Investment Trusts,,"City Office REIT, Inc."
0001641172-25-026774,0001641172-25-026774,formdefm14a.htm,DEFM14A,2025-09-08,0001618835,"Evofem Biosciences, Inc.",2834,Pharmaceutical Preparations,EVFM,"Evofem Biosciences, Inc."
0001140361-25-034582,0001140361-25-034582,ny20053735x2_defm14a.htm,DEFM14A,2025-09-10,0001550695,Performant Healthcare Inc,7380,Services-Miscellaneous Business Services,,Performant Healthcare Inc
0001193125-25-202246,0001193125-25-202246,d920591ddefm14a.htm,DEFM14A,2025-09-12,0001865187,"Aris Water Solutions, Inc.",1389,"Oil & Gas Field Services, NEC",,"Aris Water Solutions, Inc."
0001140361-25-035145,0001140361-25-035145,ny20054628x2_defm14a.htm,DEFM14A,2025-09-16,0001517228,"CommScope Holding Company, Inc.",3663,Radio & Tv Broadcasting & Communications Equipment,VISN,"Vistance Networks, Inc."
0001193125-25-204396,0001193125-25-204396,d72691ddefm14a.htm,DEFM14A,2025-09-16,0000718937,STAAR SURGICAL CO,3851,Ophthalmic Goods,STAA,STAAR SURGICAL CO
0001493152-25-013865,0001493152-25-013865,formdefm-14a.htm,DEFM14A,2025-09-17,0001888734,GLOBALINK INVESTMENT INC.,6770,Blank Checks,,GLOBALINK INVESTMENT INC.
0001213900-25-089045,0001213900-25-089045,ea0257128-defm14a_augusta.htm,DEFM14A,2025-09-18,0001448597,AUGUSTA GOLD CORP.,1000,Metal Mining,,AUGUSTA GOLD CORP.
0001140361-25-035721,0001140361-25-035721,ny20054829x2_defm14a.htm,DEFM14A,2025-09-22,0001834494,"MeridianLink, Inc.",7372,Services-Prepackaged Software,,"MeridianLink, Inc."
0001193125-25-213598,0001193125-25-213598,d28783ddefm14a.htm,DEFM14A,2025-09-23,0001971543,Mural Oncology plc,2834,Pharmaceutical Preparations,,Mural Oncology plc
0001104659-25-092947,0001104659-25-092947,tm2524468-2_defm14a.htm,DEFM14A,2025-09-24,0000104894,Elme Communities,6798,Real Estate Investment Trusts,ELME,Elme Communities
0001140361-25-036024,0001140361-25-036024,ny20050228x6_defm14a.htm,DEFM14A,2025-09-24,0001840904,ATAI Life Sciences N.V.,2834,Pharmaceutical Preparations,,Atai Beckley N.V.
0001193125-25-217480,0001193125-25-217480,d77274ddefm14a.htm,DEFM14A,2025-09-25,0000794619,AMERICAN WOODMARK CORP,2430,"Millwood, Veneer, Plywood, & Structural Wood Members",,AMERICAN WOODMARK CORP
0001140361-25-036338,0001140361-25-036338,ny20054061x1_defm14a.htm,DEFM14A,2025-09-26,0000320340,CoreCard Corp,7372,Services-Prepackaged Software,,CoreCard Corp
0001140361-25-036346,0001140361-25-036346,ny20053622x1_defm14a.htm,DEFM14A,2025-09-26,0001839341,"Core Scientific, Inc./tx",6199,Finance Services,"CORZ,CORZR,CORZW,CORZZ","Core Scientific, Inc./tx"
0001140361-25-036413,0001140361-25-036413,ny20054883x2_defm14a.htm,DEFM14A,2025-09-29,0001725057,"Dayforce, Inc.",7372,Services-Prepackaged Software,,"Dayforce, Inc."
0001140361-25-036805,0001140361-25-036805,ny20052516x7_defm14a.htm,DEFM14A,2025-09-30,0001115055,PINNACLE FINANCIAL PARTNERS INC,6021,National Commercial Banks,,PINNACLE FINANCIAL PARTNERS INC
0001140361-25-036807,0001140361-25-036807,ny20055808x1_defm14a.htm,DEFM14A,2025-09-30,0000018349,SYNOVUS FINANCIAL CORP,6021,National Commercial Banks,,SYNOVUS FINANCIAL CORP
0001193125-25-226601,0001193125-25-226601,d64358ddefm14a.htm,DEFM14A,2025-10-01,0000702165,NORFOLK SOUTHERN CORP,4011,"Railroads, Line-Haul Operating",NSC,NORFOLK SOUTHERN CORP
0001213900-25-097234,0001213900-25-097234,ea0258102-04.htm,DEFM14A,2025-10-08,0001425287,Workhorse Group Inc.,3711,Motor Vehicles & Passenger Car Bodies,WKHS,Workhorse Group Inc.
0001104659-25-098621,0001104659-25-098621,epsn-20251010xdefm14a.htm,DEFM14A,2025-10-10,0001726126,Epsilon Energy Ltd.,1311,Crude Petroleum & Natural Gas,EPSN,Epsilon Energy Ltd.
0001104659-25-098728,0001104659-25-098728,tm2523861-3_defm14a.htm,DEFM14A,2025-10-10,0000039899,TEGNA INC,4833,Television Broadcasting Stations,,TEGNA INC
0001104659-25-099055,0001104659-25-099055,tm2524948d9_defm14a.htm,DEFM14A,2025-10-14,0001417892,Emeren Group Ltd,4931,Electric & Other Services Combined,,Emeren Group Ltd
0001193125-25-242494,0001193125-25-242494,d53787ddefm14a.htm,DEFM14A,2025-10-17,0002040807,"Metsera, Inc.",2834,Pharmaceutical Preparations,,"Metsera, Inc."
0001193125-25-243585,0001193125-25-243585,d55067ddefm14a.htm,DEFM14A,2025-10-20,0001166388,VERINT SYSTEMS INC,7373,Services-Computer Integrated Systems Design,,VERINT SYSTEMS INC
0001193125-25-245045,0001193125-25-245045,d947663ddefm14a.htm,DEFM14A,2025-10-21,0000912463,GUESS INC,2340,"Women's, Misses':  Children's & Infants' Undergarments",,GUESS INC
0001104659-25-101569,0001104659-25-101569,tm2527227-4_defm14a.htm,DEFM14A,2025-10-22,0001837686,"Vimeo, Inc.",7370,"Services-Computer Programming, Data Processing, Etc.",,"Vimeo, Inc."
0001193125-25-247042,0001193125-25-247042,d76811ddefm14a.htm,DEFM14A,2025-10-22,0001577916,"Premier, Inc.",8741,Services-Management Services,,"Premier, Inc."
0001104659-25-101676,0001104659-25-101676,tm2526306-8_defm14a.htm,DEFM14A,2025-10-23,0001359841,Hanesbrands Inc.,5600,Retail-Apparel & Accessory Stores,,Hanesbrands Inc.
0001104659-25-102255,0001104659-25-102255,tm2523589-7_defm14a.htm,DEFM14A,2025-10-27,0001701051,"WideOpenWest, Inc.",4841,Cable & Other Pay Television Services,,"WideOpenWest, Inc."
0001140361-25-039484,0001140361-25-039484,ny20056444x2_defm14a.htm,DEFM14A,2025-10-27,0000800240,ODP Corp,5940,Retail-Miscellaneous Shopping Goods Stores,,ODP Corp
0001193125-25-251559,0001193125-25-251559,d42408ddefm14a.htm,DEFM14A,2025-10-27,0001040161,"PIXELWORKS, INC",7372,Services-Prepackaged Software,PXLW,"PIXELWORKS, INC"
0001493152-25-019759,0001493152-25-019759,formdefm14a.htm,DEFM14A,2025-10-27,0001106838,"Sonnet BioTherapeutics Holdings, Inc.",2834,Pharmaceutical Preparations,,"Sonnet BioTherapeutics Holdings, Inc."
0001140361-25-039949,0001140361-25-039949,ny20056544x2_defm14a.htm,DEFM14A,2025-10-31,0001393726,TIPTREE INC.,6331,"Fire, Marine & Casualty Insurance",TIPT,TIPTREE INC.
0001104659-25-105479,0001104659-25-105479,d35346ddefm14a.htm,DEFM14A,2025-11-03,0001849670,"PB Bankshares, Inc.",6036,"Savings Institutions, Not Federally Chartered",,"PB Bankshares, Inc."
0001193125-25-261675,0001193125-25-261675,d176641ddefm14a.htm,DEFM14A,2025-11-03,0001066605,HEIDRICK & STRUGGLES INTERNATIONAL INC,7361,Services-Employment Agencies,,HEIDRICK & STRUGGLES INTERNATIONAL INC
0001193125-25-262697,0001193125-25-262697,d24933ddefm14a.htm,DEFM14A,2025-11-03,0001392972,"PROS Holdings, Inc.",7371,Services-Computer Programming Services,,"PROS Holdings, Inc."
0001104659-25-105941,0001104659-25-105941,tm2521571-4_def14a.htm,DEFM14A,2025-11-04,0001560385,Liberty Media Corp,4833,Television Broadcasting Stations,"FWONA,FWONK,FWONB",Liberty Media Corp
0001193125-25-264741,0001193125-25-264741,d35946ddefm14a.htm,DEFM14A,2025-11-04,0001705873,Berry Corp,1311,Crude Petroleum & Natural Gas,,Berry Corp (bry)
0001193125-25-264858,0001193125-25-264858,d28474ddefm14a.htm,DEFM14A,2025-11-04,0001487712,AIR LEASE CORP,7359,"Services-Equipment Rental & Leasing, NEC",,SUMISHO AIR LEASE CORP
0001140361-25-040436,0001140361-25-040436,ny20055640x1_defm14a.htm,DEFM14A,2025-11-05,0001050825,STEELCASE INC,2522,Office Furniture (No Wood),,STEELCASE INC
0001140361-25-040538,0001140361-25-040538,ny20053648x2_defm14a.htm,DEFM14A,2025-11-05,0001683695,"International Money Express, Inc.",7389,"Services-Business Services, NEC",IMXI,"International Money Express, Inc."
0001104659-25-107893,0001104659-25-107893,tm2530315-1_defm14a.htm,DEFM14A,2025-11-06,0001848437,Cartica Acquisition Corp,6770,Blank Checks,,Cartica Acquisition Corp
0001193125-25-268812,0001193125-25-268812,d93643ddefm14a.htm,DEFM14A,2025-11-06,0001435508,"First Savings Financial Group, Inc.",6035,"Savings Institution, Federally Chartered",,"First Savings Financial Group, Inc."
0001140361-25-041102,0001140361-25-041102,ny20057319x2_defm14a.htm,DEFM14A,2025-11-07,0001744659,"Akero Therapeutics, Inc.",2834,Pharmaceutical Preparations,,"Akero Therapeutics, Inc."
0001193125-25-274231,0001193125-25-274231,d57242ddefm14a.htm,DEFM14A,2025-11-10,0001605607,"Paramount Group, Inc.",6798,Real Estate Investment Trusts,,"Paramount Group, Inc."
0001104659-25-109577,0001104659-25-109577,tm258012-14_defm14a.htm,DEFM14A,2025-11-12,0001877557,Integrated Wellness Acquisition Corp,5960,Retail-Nonstore Retailers,,Integrated Wellness Acquisition Corp
0001193125-25-276008,0001193125-25-276008,d54485ddefm14a.htm,DEFM14A,2025-11-12,0001651311,Merus N.V.,2834,Pharmaceutical Preparations,,Merus N.V.
0001213900-25-108479,0001213900-25-108479,ea0264919-01.htm,DEFM14A,2025-11-12,0002056263,Columbus Circle Capital Corp. I,6770,Blank Checks,,Columbus Circle Capital Corp. I
0001628280-25-051261,0001628280-25-051261,vtle-defm14a.htm,DEFM14A,2025-11-12,0001528129,"Vital Energy, Inc.",1311,Crude Petroleum & Natural Gas,,"Vital Energy, Inc."
0001829126-25-008997,0001829126-25-008997,rothchholdings_defm14a.htm,DEFM14A,2025-11-12,0001860514,Roth CH Acquisition Co.,6770,Blank Checks,,Roth CH Acquisition Co.
0001493152-25-023842,0001493152-25-023842,formdefm14a.htm,DEFM14A,2025-11-17,0001889106,ALPHATIME ACQUISITION CORP,6770,Blank Checks,,ALPHATIME ACQUISITION CORP
0001140361-25-042872,0001140361-25-042872,ny20056157x2_defm14a.htm,DEFM14A,2025-11-20,0000712515,ELECTRONIC ARTS INC.,7372,Services-Prepackaged Software,,ELECTRONIC ARTS INC.
0001104659-25-115180,0001104659-25-115180,tm2530660-2_defm14a.htm,DEFM14A,2025-11-24,0001823144,"CompoSecure, Inc.",6199,Finance Services,GPGI,"GPGI, Inc."
0001104659-25-115451,0001104659-25-115451,tm2528639-6_defm14a.htm,DEFM14A,2025-11-24,0001327318,"TrueCar, Inc.",7370,"Services-Computer Programming, Data Processing, Etc.",,"TrueCar, Inc."
0001193125-25-297173,0001193125-25-297173,d91722ddefm14a.htm,DEFM14A,2025-11-25,0000028412,COMERICA INC,6021,National Commercial Banks,,COMERICA INC
0001140361-25-043734,0001140361-25-043734,ny20057804x2_defm14a.htm,DEFM14A,2025-12-01,0001417398,"Hillenbrand, Inc.",3990,Miscellaneous Manufacturing Industries,,"Hillenbrand, Inc."
0001193125-25-303004,0001193125-25-303004,d74771ddefm14a.htm,DEFM14A,2025-12-01,0000852772,DENNY'S Corp,5812,Retail-Eating  Places,,DENNY'S Corp
0001628280-25-054793,0001628280-25-054793,anywhereredefm14a.htm,DEFM14A,2025-12-02,0001398987,Anywhere Real Estate Inc.,6531,Real Estate Agents & Managers (For Others),,Anywhere Real Estate Inc.
0001104659-25-118137,0001104659-25-118137,tm2529379-3_defm14a.htm,DEFM14A,2025-12-03,0001012477,AVADEL PHARMACEUTICALS PLC,2834,Pharmaceutical Preparations,,AVADEL PHARMACEUTICALS PLC
0001140361-25-044187,0001140361-25-044187,ny20056788x6_defm14a.htm,DEFM14A,2025-12-03,0001031623,GULF ISLAND FABRICATION INC,3440,Fabricated Structural Metal Products,,GULF ISLAND FABRICATION INC
0001140361-25-044545,0001140361-25-044545,ny20059964x1_defm14a.htm,DEFM14A,2025-12-05,0001554859,"Semler Scientific, Inc.",3845,Electromedical & Electrotherapeutic Apparatus,,"Semler Scientific, Inc."
0001493152-25-026277,0001493152-25-026277,formdefm14a.htm,DEFM14A,2025-12-05,0001178697,SONIM TECHNOLOGIES INC,3661,Telephone & Telegraph Apparatus,SONM,"DNA X, Inc."
0001104659-25-120004,0001104659-25-120004,tm2531992-2_defm14a.htm,DEFM14A,2025-12-10,0001721947,Jamf Holding Corp.,7372,Services-Prepackaged Software,,Jamf Holding Corp.
0001140361-25-045199,0001140361-25-045199,ny20055352x3_defm14a.htm,DEFM14A,2025-12-11,0001846510,Soho House & Co Inc.,7011,Hotels & Motels,,Soho House & Co Inc.
0001193125-25-316771,0001193125-25-316771,d23662ddefm14a.htm,DEFM14A,2025-12-12,0001301236,Sotherly Hotels Inc.,6798,Real Estate Investment Trusts,,Sotherly Hotels Inc.
0001140361-25-045545,0001140361-25-045545,ny20058741x2_defm14a.htm,DEFM14A,2025-12-15,0001827821,"Forge Global Holdings, Inc.",6200,"Security & Commodity Brokers, Dealers, Exchanges & Services",,"Forge Global Holdings, Inc."
0001193125-25-319195,0001193125-25-319195,d922114ddefm14a.htm,DEFM14A,2025-12-15,0001808158,Repare Therapeutics Inc.,2834,Pharmaceutical Preparations,,Repare Therapeutics Inc.
0001140361-25-045563,0001140361-25-045563,ny20059863x2_defm14a.htm,DEFM14A,2025-12-16,0001005757,CSG SYSTEMS INTERNATIONAL INC,7374,Services-Computer Processing & Data Preparation,,CSG SYSTEMS INTERNATIONAL INC
0001140361-25-045607,0001140361-25-045607,ny20060344x1_defm14a.htm,DEFM14A,2025-12-16,0001944048,Kenvue Inc.,2844,"Perfumes, Cosmetics & Other Toilet Preparations",KVUE,Kenvue Inc.
0001140361-25-046047,0001140361-25-046047,ny20061309x1_defm14a.htm,DEFM14A,2025-12-18,0001454789,"Astria Therapeutics, Inc.",2834,Pharmaceutical Preparations,,"Astria Therapeutics, Inc."
0001193125-25-323606,0001193125-25-323606,plym_defm14a_2025_final.htm,DEFM14A,2025-12-18,0001515816,"Plymouth Industrial REIT, Inc.",6798,Real Estate Investment Trusts,,"Plymouth Industrial REIT, Inc."
0001104659-25-122900,0001104659-25-122900,tm2533807-1_defm14a.htm,DEFM14A,2025-12-19,0001412665,"MidWestOne Financial Group, Inc.",6022,State Commercial Banks,,"MidWestOne Financial Group, Inc."
0001193125-25-325890,0001193125-25-325890,d165847ddefm14a.htm,DEFM14A,2025-12-19,0000836147,MIDDLEFIELD BANC CORP,6022,State Commercial Banks,,MIDDLEFIELD BANC CORP
0001104659-25-123530,0001104659-25-123530,tm2533879-1_defm14a.htm,DEFM14A,2025-12-22,0001509589,"CIVITAS RESOURCES, INC.",1311,Crude Petroleum & Natural Gas,,"CIVITAS RESOURCES, INC."
0001140361-25-046294,0001140361-25-046294,ny20058226x3_defm14a.htm,DEFM14A,2025-12-22,0000215466,"Coeur Mining, Inc.",1040,Gold and Silver Ores,CDE,"Coeur Mining, Inc."
0001104659-25-124244,0001104659-25-124244,tm2534027-1_defm14a.htm,DEFM14A,2025-12-23,0001604778,"Qorvo, Inc.",3674,Semiconductors & Related Devices,QRVO,"Qorvo, Inc."
0001140361-25-046482,0001140361-25-046482,ny20060902x1_defm14a.htm,DEFM14A,2025-12-23,0001687221,"REV Group, Inc.",3711,Motor Vehicles & Passenger Car Bodies,,"REV Group, Inc."
0001140361-25-046571,0001140361-25-046571,ny20058411x2_defm14a.htm,DEFM14A,2025-12-23,0000859737,HOLOGIC INC,3844,X-Ray Apparatus & Tubes & Related Irradiation Apparatus,,HOLOGIC INC
0001193125-25-330864,0001193125-25-330864,d71441ddefm14a.htm,DEFM14A,2025-12-23,0001846017,Blue Foundry Bancorp,6036,"Savings Institutions, Not Federally Chartered",,Blue Foundry Bancorp
0001193125-25-331070,0001193125-25-331070,d34255ddefm14a.htm,DEFM14A,2025-12-23,0001338749,POTLATCHDELTIC CORP,6798,Real Estate Investment Trusts,,POTLATCHDELTIC CORP
0001140361-25-046749,0001140361-25-046749,ny20059944x2_defm14a.htm,DEFM14A,2025-12-29,0001320695,"TreeHouse Foods, Inc.",2030,"Canned, Frozen & Preservd Fruit, Veg & Food Specialties",,"TreeHouse Foods, Inc."
0001628280-25-059012,0001628280-25-059012,semrush-defm14a.htm,DEFM14A,2025-12-29,0001831840,"SEMrush Holdings, Inc.",7372,Services-Prepackaged Software,,"SEMrush Holdings, Inc."
0001193125-25-336850,0001193125-25-336850,d31613ddefm14a.htm,DEFM14A,2025-12-30,0001514743,"IF Bancorp, Inc.",6035,"Savings Institution, Federally Chartered",,"IF Bancorp, Inc."
0001104659-25-125601,0001104659-25-125601,tm2534515-1_defm14a.htm,DEFM14A,2025-12-31,0000103145,VEECO INSTRUMENTS INC,3559,"Special Industry Machinery, NEC",VECO,VEECO INSTRUMENTS INC
0001193125-25-337599,0001193125-25-337599,d77595ddefm14a.htm,DEFM14A,2025-12-31,0000078128,"Essential Utilities, Inc.",4941,Water Supply,WTRG,"Essential Utilities, Inc."
